osmid,lanes,name,highway,maxspeed,oneway,reversed,length,geometry,bridge,ref,junction
37392221,2,Via Real,secondary,25 mph,False,False,286.889,"LINESTRING (-119.5131645 34.3993095, -119.5132388 34.3993751, -119.5133939 34.3995107, -119.5135058 34.3996066, -119.5136201 34.3997004, -119.5137633 34.3998138, -119.5139617 34.3999637, -119.5141244 34.4000813, -119.5142776 34.4001868, -119.5144654 34.400311, -119.5146539 34.4004311, -119.5151449 34.400742, -119.5152825 34.4008302, -119.5153781 34.4008915, -119.5154223 34.4009211, -119.5154614 34.4009523, -119.515487 34.4009796, -119.515509 34.4010072)",,,
16258625,2,Ogan Road,residential,25 mph,False,False,15.096,"LINESTRING (-119.5148382 34.4012809, -119.5147601 34.4012651, -119.514723 34.4012573, -119.5146787 34.4012476)",,,
939745479,1,Ogan Road,residential,25 mph,True,False,51.466,"LINESTRING (-119.5148382 34.4012809, -119.5150725 34.4013542, -119.5152024 34.4013903, -119.5152487 34.4014047, -119.5152649 34.4014111, -119.5152833 34.4014198, -119.5153175 34.401442, -119.5153483 34.4014645)",,,
"[37392225, 1033113293]",2,Linden Avenue,secondary,25 mph,False,False,136.99899999999997,"LINESTRING (-119.5165713 34.4007874, -119.5165143 34.4008908, -119.516473 34.4009848, -119.5164147 34.401128, -119.5163724 34.4012366, -119.5163376 34.401339, -119.5162754 34.4015168, -119.5162406 34.4016639, -119.5162109 34.4017948, -119.516185 34.4019724)",yes,,
70348877,2,Linden Avenue,secondary,25 mph,False,True,87.00200000000001,"LINESTRING (-119.5165713 34.4007874, -119.5166232 34.4006908, -119.516754 34.4004808, -119.5168028 34.4004058, -119.5168785 34.4003025, -119.5169516 34.4002081, -119.5170376 34.4001079)",,,
"[939751275, 16244047]","['1', '2']",,motorway_link,,True,False,304.049,"LINESTRING (-119.519579 34.4018976, -119.5191559 34.4017586, -119.5188123 34.4016468, -119.5185803 34.4015868, -119.5182852 34.4014934, -119.5181169 34.401441, -119.5179576 34.4013956, -119.517788 34.4013499, -119.5176468 34.4013116, -119.517552 34.4012817, -119.5174541 34.4012465, -119.5173367 34.401199, -119.5172385 34.4011566, -119.5171419 34.4011113, -119.5170437 34.4010604, -119.5169478 34.4010066, -119.5168496 34.4009475, -119.5166709 34.4008334, -119.5166548 34.4008262, -119.5165713 34.4007874)",,,
1159315502,3,US 101 Freeway,motorway,65 mph,True,False,588.462,"LINESTRING (-119.519579 34.4018976, -119.5188273 34.4017428, -119.518123 34.4015905, -119.5175154 34.4014162, -119.5172128 34.4013257, -119.5167457 34.401162, -119.5163587 34.4009991, -119.5159035 34.4007921, -119.515415 34.4005291, -119.5149255 34.4002404, -119.5145759 34.4000071, -119.514276 34.3997839, -119.5139474 34.3995354)",,US 101,
16249461,,Sixth Place,residential,,False,False,79.91,"LINESTRING (-119.5223073 34.3974157, -119.5216829 34.3969147)",,,
933837330,,Elm Avenue,residential,,False,False,69.564,"LINESTRING (-119.5223073 34.3974157, -119.5217711 34.397858)",,,
933837330,,Elm Avenue,residential,,False,True,58.744,"LINESTRING (-119.5223073 34.3974157, -119.5227887 34.3970674)",,,
16249461,,Sixth Place,residential,,False,True,79.91,"LINESTRING (-119.5216829 34.3969147, -119.5223073 34.3974157)",,,
16254290,,Nipomo Drive,residential,,False,False,79.888,"LINESTRING (-119.5191888 34.4025193, -119.5183437 34.4023462)",,,
16258654,,Sixth Street,residential,,False,True,110.024,"LINESTRING (-119.519588 34.394811, -119.5200331 34.3951859, -119.5204273 34.3955177)",,,
"[351709822, 16249599]",,"['Maple Avenue', 'Walnut Avenue']",residential,,False,"[False, True]",323.846,"LINESTRING (-119.519588 34.394811, -119.520479 34.394091, -119.5206586 34.3942441, -119.5209482 34.3945476, -119.5211125 34.394778, -119.5211883 34.394893, -119.5207245 34.3952735, -119.5204273 34.3955177)",,,
351709822,,Walnut Avenue,residential,,False,False,96.086,"LINESTRING (-119.519588 34.394811, -119.519326 34.39501, -119.518837 34.395413)",,,
186248388,,Seventh Street,residential,,False,True,111.17,"LINESTRING (-119.518837 34.395413, -119.519683 34.3961287)",,,
351709822,,Walnut Avenue,residential,,False,False,90.066,"LINESTRING (-119.518837 34.395413, -119.5181414 34.3959845)",,,
351709822,,Walnut Avenue,residential,,False,True,96.086,"LINESTRING (-119.518837 34.395413, -119.519326 34.39501, -119.519588 34.394811)",,,
16258578,,Eighth Street,residential,,False,False,108.878,"LINESTRING (-119.5181414 34.3959845, -119.5172997 34.3952943)",,,
16258578,,Eighth Street,residential,,False,True,111.131,"LINESTRING (-119.5181414 34.3959845, -119.5189818 34.3967042)",,,
351709822,,Walnut Avenue,residential,,False,True,90.066,"LINESTRING (-119.5181414 34.3959845, -119.518837 34.395413)",,,
351709822,,Walnut Avenue,residential,,False,False,213.89499999999998,"LINESTRING (-119.5181414 34.3959845, -119.5170932 34.3968402, -119.5165483 34.3972854, -119.5164836 34.3973369)",,,
185244602,,Carpinteria Avenue,secondary,25 mph,False,False,111.829,"LINESTRING (-119.5164836 34.3973369, -119.5165455 34.3973871, -119.5170204 34.3977903, -119.5170338 34.3978017, -119.5172414 34.3979722, -119.51729 34.3980129, -119.5173386 34.3980536)",,,
185244602,,Carpinteria Avenue,secondary,25 mph,False,True,54.626,"LINESTRING (-119.5164836 34.3973369, -119.5162777 34.397164, -119.5161213 34.3970327, -119.5160663 34.3969865)",,,
351709822,,Walnut Avenue,residential,,False,True,213.89499999999998,"LINESTRING (-119.5164836 34.3973369, -119.5165483 34.3972854, -119.5170932 34.3968402, -119.5181414 34.3959845)",,,
16258778,,Ninth Street,residential,,False,True,137.23499999999999,"LINESTRING (-119.519178 34.398252, -119.519571 34.398598, -119.5196975 34.3987027, -119.5200611 34.3990036, -119.5202213 34.3991362)",,,
70348887,2,Linden Avenue,tertiary,25 mph,False,False,105.65899999999999,"LINESTRING (-119.519178 34.398252, -119.5185605 34.3987534, -119.5184391 34.3988589, -119.518372 34.3989297)",,,
70348887,2,Linden Avenue,tertiary,25 mph,False,True,107.838,"LINESTRING (-119.519178 34.398252, -119.5194521 34.3980282, -119.5200135 34.3975699)",,,
349860864,,Cactus Lane,residential,,False,False,104.307,"LINESTRING (-119.518763 34.397908, -119.5186982 34.3979617, -119.5183313 34.3982662, -119.5182055 34.3983706, -119.5180297 34.3985165, -119.5179593 34.3985714)",,,
784998067,2,Palm Avenue,tertiary,25 mph,False,False,49.516,"LINESTRING (-119.517682 34.39498, -119.5172997 34.3952943)",,,
933837333,2,Linden Avenue,tertiary,25 mph,False,False,70.164,"LINESTRING (-119.5233654 34.3948625, -119.5228212 34.3953058)",,,
"[1033113297, 37392234, 37392226]","['3', '2']",US 101 Freeway,motorway,65 mph,True,False,303.582,"LINESTRING (-119.5228058 34.4025018, -119.5219806 34.4023396, -119.5209124 34.4021452, -119.5207709 34.4021171, -119.519579 34.4018976)",yes,US 101,
16253515,,Citrus Place,residential,,False,False,82.973,"LINESTRING (-119.519984 34.3969371, -119.5193561 34.3964001)",,,
16249599,,Maple Avenue,residential,,False,False,48.196,"LINESTRING (-119.5193561 34.3964001, -119.5189818 34.3967042)",,,
16249599,,Maple Avenue,residential,,False,True,42.548,"LINESTRING (-119.5193561 34.3964001, -119.519683 34.3961287)",,,
16253515,,Citrus Place,residential,,False,True,82.973,"LINESTRING (-119.5193561 34.3964001, -119.519984 34.3969371)",,,
16253598,,Cedar Place,residential,,False,False,83.399,"LINESTRING (-119.5214082 34.3981573, -119.520774 34.39762)",,,
16254250,,Elm Avenue,residential,,False,False,44.98,"LINESTRING (-119.5214082 34.3981573, -119.5210615 34.3984433)",,,
16254250,,Elm Avenue,residential,,False,True,47.077,"LINESTRING (-119.5214082 34.3981573, -119.5217711 34.397858)",,,
16253598,,Cedar Place,residential,,False,True,83.399,"LINESTRING (-119.520774 34.39762, -119.5214082 34.3981573)",,,
16259593,,Pacific Village Drive,residential,,False,False,54.679,"LINESTRING (-119.5152173 34.4024077, -119.5157938 34.4025324)",,,
16253673,,Pacific Village Court,residential,,False,False,43.883,"LINESTRING (-119.5152173 34.4024077, -119.515294 34.402157, -119.5153906 34.4020467)",,,
16259593,,Pacific Village Drive,residential,,False,True,191.923,"LINESTRING (-119.5152173 34.4024077, -119.5143814 34.4022317, -119.5146384 34.4013788, -119.5146787 34.4012476)",,,
16253673,,Pacific Village Court,residential,,False,True,43.883,"LINESTRING (-119.5153906 34.4020467, -119.515294 34.402157, -119.5152173 34.4024077)",,,
16254248,,Elm Avenue,residential,,False,False,42.869,"LINESTRING (-119.523875 34.396196, -119.5235213 34.3964479)",,,
16264254,,Dorrance Way,residential,,False,False,138.38899999999998,"LINESTRING (-119.523875 34.396196, -119.5233424 34.3957591, -119.5230549 34.3955122, -119.5229052 34.39538, -119.5228212 34.3953058)",,,
16254248,,Elm Avenue,residential,,False,True,42.869,"LINESTRING (-119.5235213 34.3964479, -119.523875 34.396196)",,,
16254250,,Elm Avenue,residential,,False,False,47.077,"LINESTRING (-119.5217711 34.397858, -119.5214082 34.3981573)",,,
933837330,,Elm Avenue,residential,,False,True,69.564,"LINESTRING (-119.5217711 34.397858, -119.5223073 34.3974157)",,,
16258447,,Seventh Street,tertiary,,False,True,139.777,"LINESTRING (-119.5217711 34.397858, -119.5218271 34.3979071, -119.522817 34.398772)",,,
933837331,,Seventh Street,tertiary,,False,False,134.023,"LINESTRING (-119.5217711 34.397858, -119.521131 34.397338, -119.52075 34.3969966)",,,
16254250,,Elm Avenue,residential,,False,False,54.357,"LINESTRING (-119.5210615 34.3984433, -119.5206425 34.3987889)",,,
16254250,,Elm Avenue,residential,,False,True,44.98,"LINESTRING (-119.5210615 34.3984433, -119.5214082 34.3981573)",,,
16258578,,Eighth Street,residential,,False,True,137.708,"LINESTRING (-119.5210615 34.3984433, -119.5221023 34.3993356)",,,
16258578,,Eighth Street,residential,,False,False,136.667,"LINESTRING (-119.5210615 34.3984433, -119.5204128 34.3979069, -119.5200135 34.3975699)",,,
16254250,,Elm Avenue,residential,,False,False,54.633,"LINESTRING (-119.5206425 34.3987889, -119.5202213 34.3991362)",,,
16254250,,Elm Avenue,residential,,False,True,54.357,"LINESTRING (-119.5206425 34.3987889, -119.5210615 34.3984433)",,,
16260279,,Juniper Place,residential,,False,False,83.772,"LINESTRING (-119.5206425 34.3987889, -119.520021 34.398237)",,,
16254250,,Elm Avenue,residential,,False,True,54.633,"LINESTRING (-119.5202213 34.3991362, -119.5206425 34.3987889)",,,
16258778,,Ninth Street,residential,,False,True,137.116,"LINESTRING (-119.5202213 34.3991362, -119.5212781 34.4000081)",,,
16254250,,Elm Avenue,residential,,False,False,104.86600000000001,"LINESTRING (-119.5202213 34.3991362, -119.5198277 34.3994593, -119.5194846 34.3997434, -119.5194116 34.3998018)",,,
16258778,,Ninth Street,residential,,False,False,137.235,"LINESTRING (-119.5202213 34.3991362, -119.5200611 34.3990036, -119.5196975 34.3987027, -119.519571 34.398598, -119.519178 34.398252)",,,
753846387,,Carpinteria Avenue,secondary,25 mph,False,True,21.704,"LINESTRING (-119.5194116 34.3998018, -119.5192484 34.3996605)",,,
16254250,,Elm Avenue,residential,,False,True,104.866,"LINESTRING (-119.5194116 34.3998018, -119.5194846 34.3997434, -119.5198277 34.3994593, -119.5202213 34.3991362)",,,
753846387,,Carpinteria Avenue,secondary,25 mph,False,False,137.811,"LINESTRING (-119.5194116 34.3998018, -119.5195029 34.399879, -119.5198557 34.4001779, -119.520113 34.4003953, -119.5204127 34.4006349, -119.5204702 34.4006809)",,,
16254290,,Nipomo Drive,residential,,False,True,79.888,"LINESTRING (-119.5183437 34.4023462, -119.5191888 34.4025193)",,,
16254290,,Nipomo Drive,residential,,False,False,211.661,"LINESTRING (-119.5183437 34.4023462, -119.5177096 34.40221, -119.5176039 34.4021977, -119.5175551 34.4022082, -119.5175144 34.4022297, -119.5174801 34.4022707, -119.5174575 34.4023422, -119.5174053 34.4024286, -119.5170585 34.4027548, -119.5169978 34.4027918, -119.5168742 34.4028242, -119.5164274 34.4028544)",,,
16254290,,Nipomo Drive,residential,,False,False,19.581000000000003,"LINESTRING (-119.5164274 34.4028544, -119.516365 34.4028565, -119.5163037 34.4028585, -119.5162142 34.4028625)",,,
16254290,,Nipomo Drive,residential,,False,True,211.66100000000003,"LINESTRING (-119.5164274 34.4028544, -119.5168742 34.4028242, -119.5169978 34.4027918, -119.5170585 34.4027548, -119.5174053 34.4024286, -119.5174575 34.4023422, -119.5174801 34.4022707, -119.5175144 34.4022297, -119.5175551 34.4022082, -119.5176039 34.4021977, -119.5177096 34.40221, -119.5183437 34.4023462)",,,
16260500,,Linden Avenue,residential,,False,True,137.174,"LINESTRING (-119.5164274 34.4028544, -119.5164248 34.4027568, -119.5164494 34.4026466, -119.5166872 34.4018417, -119.5167291 34.4016493)",,,
16254290,,Nipomo Drive,residential,,False,True,19.581000000000003,"LINESTRING (-119.5162142 34.4028625, -119.5163037 34.4028585, -119.516365 34.4028565, -119.5164274 34.4028544)",,,
37392224,2,Linden Avenue,secondary,25 mph,False,True,99.21000000000001,"LINESTRING (-119.5162142 34.4028625, -119.5161856 34.4026774, -119.5161733 34.4025194, -119.5161687 34.4023715, -119.5161762 34.4021349, -119.516185 34.4019724)",,,
16254785,,Vallecito Road,residential,,False,False,170.954,"LINESTRING (-119.5160663 34.3969865, -119.5157036 34.3972671, -119.5152615 34.3976091, -119.514707 34.398038)",,,
185244602,,Carpinteria Avenue,secondary,25 mph,False,False,54.626000000000005,"LINESTRING (-119.5160663 34.3969865, -119.5161213 34.3970327, -119.5162777 34.397164, -119.5164836 34.3973369)",,,
185244602,,Carpinteria Avenue,secondary,25 mph,False,True,57.026,"LINESTRING (-119.5160663 34.3969865, -119.5157273 34.3966939, -119.5156368 34.3966158)",,,
16254785,,Vallecito Road,residential,,False,False,127.394,"LINESTRING (-119.514707 34.398038, -119.5137362 34.3988571)",,,
16254785,,Vallecito Road,residential,,False,True,170.95399999999998,"LINESTRING (-119.514707 34.398038, -119.5152615 34.3976091, -119.5157036 34.3972671, -119.5160663 34.3969865)",,,
16261089,,Church Lane,residential,,False,False,199.197,"LINESTRING (-119.514707 34.398038, -119.5151969 34.3984586, -119.515209 34.398469, -119.515225 34.398494, -119.515217 34.398543, -119.514439 34.399184, -119.514336 34.399292, -119.5143279 34.399363)",,,
16254785,,Vallecito Road,residential,,False,True,127.394,"LINESTRING (-119.5137362 34.3988571, -119.514707 34.398038)",,,
16258625,2,Ogan Road,residential,25 mph,False,True,133.9,"LINESTRING (-119.5132682 34.4009384, -119.5133493 34.4009569, -119.5144023 34.4011879, -119.5146176 34.4012349, -119.5146787 34.4012476)",,,
16255497,,Eugenia Place,residential,,False,False,193.777,"LINESTRING (-119.5175909 34.3982739, -119.5172194 34.39858, -119.5171278 34.3986555, -119.5168508 34.3988837, -119.5167748 34.3989463, -119.516236 34.3993902, -119.5161679 34.399543)",,,
185244602,,Carpinteria Avenue,secondary,25 mph,False,False,47.295,"LINESTRING (-119.5175909 34.3982739, -119.5176919 34.3983555, -119.517738 34.3983927, -119.5178939 34.3985186, -119.5179593 34.3985714)",,,
185244602,,Carpinteria Avenue,secondary,25 mph,False,True,33.713,"LINESTRING (-119.5175909 34.3982739, -119.5174171 34.3981268, -119.5173386 34.3980536)",,,
16255497,,Eugenia Place,residential,,False,True,193.777,"LINESTRING (-119.5161679 34.399543, -119.516236 34.3993902, -119.5167748 34.3989463, -119.5168508 34.3988837, -119.5171278 34.3986555, -119.5172194 34.39858, -119.5175909 34.3982739)",,,
753846387,,Carpinteria Avenue,secondary,25 mph,False,False,21.704,"LINESTRING (-119.5192484 34.3996605, -119.5194116 34.3998018)",,,
753857615,,Elm Lane,residential,,False,False,115.548,"LINESTRING (-119.5192484 34.3996605, -119.5191764 34.3997176, -119.518341 34.4003811)",,,
1033107462,,Carpinteria Avenue,secondary,25 mph,False,True,114.32,"LINESTRING (-119.5192484 34.3996605, -119.5191796 34.3996035, -119.5191108 34.3995464, -119.5187636 34.3992586, -119.5184589 34.3990028, -119.518372 34.3989297)",,,
16263140,,Sawyer Avenue,residential,,False,False,110.701,"LINESTRING (-119.518341 34.4003811, -119.5175871 34.3997276, -119.517505 34.3996634)",,,
"[842902728, 16263140]",,"['Holly Avenue', 'Sawyer Avenue']",residential,,False,True,159.378,"LINESTRING (-119.518341 34.4003811, -119.5190694 34.4010091, -119.519416 34.401308, -119.519482 34.401352, -119.5195236 34.4013714, -119.5195706 34.4013846)",,,
753857615,,Elm Lane,residential,,False,True,115.548,"LINESTRING (-119.518341 34.4003811, -119.5191764 34.3997176, -119.5192484 34.3996605)",,,
16260279,,Juniper Place,residential,,False,True,83.772,"LINESTRING (-119.520021 34.398237, -119.5206425 34.3987889)",,,
16256327,,Holly Avenue,residential,,False,False,105.223,"LINESTRING (-119.523622 34.398098, -119.522817 34.398772)",,,
933837332,,Fifth Street,residential,,False,False,137.761,"LINESTRING (-119.523622 34.398098, -119.5227887 34.3970674)",,,
"[16258490, 16259702, 16256327]",,"['Ash Avenue', 'Holly Avenue', 'Fifth Street']",residential,,False,"[False, True]",247.40000000000003,"LINESTRING (-119.523622 34.398098, -119.523746 34.398014, -119.523823 34.397993, -119.523852 34.397997, -119.524465 34.398571, -119.524549 34.398678, -119.524559 34.398745, -119.524546 34.398779, -119.524442 34.398878, -119.5241161 34.3991509, -119.523698 34.399501)",,,
16256327,,Holly Avenue,residential,,False,False,90.705,"LINESTRING (-119.522817 34.398772, -119.5221023 34.3993356)",,,
16256327,,Holly Avenue,residential,,False,True,105.223,"LINESTRING (-119.522817 34.398772, -119.523622 34.398098)",,,
16258447,,Seventh Street,tertiary,,False,True,114.475,"LINESTRING (-119.522817 34.398772, -119.523698 34.399501)",,,
16258447,,Seventh Street,tertiary,,False,False,139.777,"LINESTRING (-119.522817 34.398772, -119.5218271 34.3979071, -119.5217711 34.397858)",,,
16256327,,Holly Avenue,residential,,False,False,106.349,"LINESTRING (-119.5221023 34.3993356, -119.5212781 34.4000081)",,,
16256327,,Holly Avenue,residential,,False,True,90.705,"LINESTRING (-119.5221023 34.3993356, -119.522817 34.398772)",,,
16258578,,Eighth Street,residential,,False,False,137.708,"LINESTRING (-119.5221023 34.3993356, -119.5210615 34.3984433)",,,
16258578,,Eighth Street,residential,,False,True,163.226,"LINESTRING (-119.5221023 34.3993356, -119.5233378 34.4003918)",,,
16256327,,Holly Avenue,residential,,False,True,106.349,"LINESTRING (-119.5212781 34.4000081, -119.5221023 34.3993356)",,,
16258778,,Ninth Street,residential,,False,False,137.116,"LINESTRING (-119.5212781 34.4000081, -119.5202213 34.3991362)",,,
16256327,,Holly Avenue,residential,,False,False,105.315,"LINESTRING (-119.5212781 34.4000081, -119.5205397 34.4006247, -119.5204702 34.4006809)",,,
16258778,,Ninth Street,residential,,False,True,142.613,"LINESTRING (-119.5212781 34.4000081, -119.5220609 34.4006555, -119.5222229 34.4007894, -119.522376 34.400916)",,,
16256327,,Holly Avenue,residential,,False,True,105.315,"LINESTRING (-119.5204702 34.4006809, -119.5205397 34.4006247, -119.5212781 34.4000081)",,,
753846387,,Carpinteria Avenue,secondary,25 mph,False,True,137.811,"LINESTRING (-119.5204702 34.4006809, -119.5204127 34.4006349, -119.520113 34.4003953, -119.5198557 34.4001779, -119.5195029 34.399879, -119.5194116 34.3998018)",,,
842902728,,Holly Avenue,residential,,False,False,113.734,"LINESTRING (-119.5204702 34.4006809, -119.5203925 34.4007409, -119.5201618 34.4009189, -119.5195706 34.4013846)",,,
"[842902728, 16263140]",,"['Holly Avenue', 'Sawyer Avenue']",residential,,False,False,159.378,"LINESTRING (-119.5195706 34.4013846, -119.5195236 34.4013714, -119.519482 34.401352, -119.519416 34.401308, -119.5190694 34.4010091, -119.518341 34.4003811)",,,
842902728,,Holly Avenue,residential,,False,True,113.734,"LINESTRING (-119.5195706 34.4013846, -119.5201618 34.4009189, -119.5203925 34.4007409, -119.5204702 34.4006809)",,,
1148731852,,,residential,,False,True,249.007,"LINESTRING (-119.5195706 34.4013846, -119.5193862 34.4015355, -119.519332 34.4015483, -119.5192718 34.4015384, -119.5176184 34.4010944, -119.5175903 34.4010582, -119.5175914 34.4010149, -119.5177025 34.4006184)",,,
16258578,,Eighth Street,residential,,False,False,111.623,"LINESTRING (-119.5172997 34.3952943, -119.5164392 34.3945847)",,,
16258578,,Eighth Street,residential,,False,True,108.878,"LINESTRING (-119.5172997 34.3952943, -119.5181414 34.3959845)",,,
784998067,2,Palm Avenue,tertiary,25 mph,False,True,49.516,"LINESTRING (-119.5172997 34.3952943, -119.517682 34.39498)",,,
784998067,2,Palm Avenue,tertiary,25 mph,False,False,211.834,"LINESTRING (-119.5172997 34.3952943, -119.5168745 34.3956308, -119.5164508 34.3959673, -119.516419 34.3959919, -119.516138 34.3962151, -119.5157136 34.3965527, -119.515659 34.396596, -119.5156368 34.3966158)",,,
185244602,,Carpinteria Avenue,secondary,25 mph,False,False,57.026,"LINESTRING (-119.5156368 34.3966158, -119.5157273 34.3966939, -119.5160663 34.3969865)",,,
185244607,,Carpinteria Avenue,secondary,25 mph,False,True,167.34300000000002,"LINESTRING (-119.5156368 34.3966158, -119.5155222 34.3965236, -119.5154023 34.3964231, -119.5149603 34.3960599, -119.5143872 34.3955902, -119.5143471 34.3955519)",,,
784998067,2,Palm Avenue,tertiary,25 mph,False,True,211.834,"LINESTRING (-119.5156368 34.3966158, -119.515659 34.396596, -119.5157136 34.3965527, -119.516138 34.3962151, -119.516419 34.3959919, -119.5164508 34.3959673, -119.5168745 34.3956308, -119.5172997 34.3952943)",,,
1047382285,2,Carpinteria Avenue,secondary,25 mph,False,True,8.509,"LINESTRING (-119.5143471 34.3955519, -119.5142825 34.395497)",,,
185244607,,Carpinteria Avenue,secondary,25 mph,False,False,167.34300000000002,"LINESTRING (-119.5143471 34.3955519, -119.5143872 34.3955902, -119.5149603 34.3960599, -119.5154023 34.3964231, -119.5155222 34.3965236, -119.5156368 34.3966158)",,,
70348877,2,Linden Avenue,secondary,25 mph,False,False,113.96000000000001,"LINESTRING (-119.518372 34.3989297, -119.5182871 34.3989984, -119.5180683 34.3991756, -119.5176945 34.3994992, -119.517505 34.3996634)",,,
70348887,2,Linden Avenue,tertiary,25 mph,False,True,105.65899999999999,"LINESTRING (-119.518372 34.3989297, -119.5184391 34.3988589, -119.5185605 34.3987534, -119.519178 34.398252)",,,
185244602,,Carpinteria Avenue,secondary,25 mph,False,True,54.965,"LINESTRING (-119.518372 34.3989297, -119.5182884 34.3988571, -119.5182182 34.398796, -119.5181553 34.3987415, -119.5179593 34.3985714)",,,
1033107462,,Carpinteria Avenue,secondary,25 mph,False,False,114.32,"LINESTRING (-119.518372 34.3989297, -119.5184589 34.3990028, -119.5187636 34.3992586, -119.5191108 34.3995464, -119.5191796 34.3996035, -119.5192484 34.3996605)",,,
185244602,,Carpinteria Avenue,secondary,25 mph,False,False,54.965,"LINESTRING (-119.5179593 34.3985714, -119.5181553 34.3987415, -119.5182182 34.398796, -119.5182884 34.3988571, -119.518372 34.3989297)",,,
185244602,,Carpinteria Avenue,secondary,25 mph,False,True,47.295,"LINESTRING (-119.5179593 34.3985714, -119.5178939 34.3985186, -119.517738 34.3983927, -119.5176919 34.3983555, -119.5175909 34.3982739)",,,
349860864,,Cactus Lane,residential,,False,True,104.307,"LINESTRING (-119.5179593 34.3985714, -119.5180297 34.3985165, -119.5182055 34.3983706, -119.5183313 34.3982662, -119.5186982 34.3979617, -119.518763 34.397908)",,,
16249599,,Maple Avenue,residential,,False,True,212.708,"LINESTRING (-119.5173386 34.3980536, -119.5173678 34.3980291, -119.5173977 34.3980046, -119.5175786 34.3978556, -119.5176937 34.3977612, -119.518137 34.3973974, -119.518835 34.3968247, -119.5189818 34.3967042)",,,
185244602,,Carpinteria Avenue,secondary,25 mph,False,False,33.713,"LINESTRING (-119.5173386 34.3980536, -119.5174171 34.3981268, -119.5175909 34.3982739)",,,
185244602,,Carpinteria Avenue,secondary,25 mph,False,True,111.829,"LINESTRING (-119.5173386 34.3980536, -119.51729 34.3980129, -119.5172414 34.3979722, -119.5170338 34.3978017, -119.5170204 34.3977903, -119.5165455 34.3973871, -119.5164836 34.3973369)",,,
16258447,,Seventh Street,tertiary,,False,False,114.475,"LINESTRING (-119.523698 34.399501, -119.522817 34.398772)",,,
"[16258490, 16259702, 16256327]",,"['Fifth Street', 'Holly Avenue', 'Ash Avenue']",residential,,False,"[False, True]",247.4,"LINESTRING (-119.523698 34.399501, -119.5241161 34.3991509, -119.524442 34.398878, -119.524546 34.398779, -119.524559 34.398745, -119.524549 34.398678, -119.524465 34.398571, -119.523852 34.397997, -119.523823 34.397993, -119.523746 34.398014, -119.523622 34.398098)",,,
70348887,2,Linden Avenue,tertiary,25 mph,False,False,92.899,"LINESTRING (-119.52075 34.3969966, -119.5200135 34.3975699)",,,
186248388,,Seventh Street,residential,,False,False,137.496,"LINESTRING (-119.52075 34.3969966, -119.5203341 34.3966413, -119.519683 34.3961287)",,,
933837331,,Seventh Street,tertiary,,False,True,134.023,"LINESTRING (-119.52075 34.3969966, -119.521131 34.397338, -119.5217711 34.397858)",,,
1033107463,2,Linden Avenue,tertiary,25 mph,False,True,94.509,"LINESTRING (-119.52075 34.3969966, -119.5214071 34.3964524, -119.521477 34.3963945)",,,
16249599,,Maple Avenue,residential,,False,False,42.548,"LINESTRING (-119.519683 34.3961287, -119.5193561 34.3964001)",,,
16249599,,Maple Avenue,residential,,False,True,96.331,"LINESTRING (-119.519683 34.3961287, -119.5204273 34.3955177)",,,
186248388,,Seventh Street,residential,,False,False,111.17,"LINESTRING (-119.519683 34.3961287, -119.518837 34.395413)",,,
186248388,,Seventh Street,residential,,False,True,137.496,"LINESTRING (-119.519683 34.3961287, -119.5203341 34.3966413, -119.52075 34.3969966)",,,
1033107463,2,Linden Avenue,tertiary,25 mph,False,False,57.583,"LINESTRING (-119.5219338 34.3960394, -119.521477 34.3963945)",,,
16258498,,Fifth Street,residential,,False,True,138.678,"LINESTRING (-119.5219338 34.3960394, -119.5220025 34.3961095, -119.5220154 34.3961258, -119.5222297 34.3963989, -119.5227887 34.3970674)",,,
933837333,2,Linden Avenue,tertiary,25 mph,False,True,115.258,"LINESTRING (-119.5219338 34.3960394, -119.5223223 34.3957121, -119.5227653 34.3953513, -119.5228212 34.3953058)",,,
16258578,,Eighth Street,residential,,False,True,111.623,"LINESTRING (-119.5164392 34.3945847, -119.5172997 34.3952943)",,,
16258578,,Eighth Street,residential,,False,False,163.226,"LINESTRING (-119.5233378 34.4003918, -119.5221023 34.3993356)",,,
70348887,2,Linden Avenue,tertiary,25 mph,False,True,92.899,"LINESTRING (-119.5200135 34.3975699, -119.52075 34.3969966)",,,
16258578,,Eighth Street,residential,,False,False,135.007,"LINESTRING (-119.5200135 34.3975699, -119.5196229 34.3972417, -119.5194801 34.397122, -119.5189818 34.3967042)",,,
16258578,,Eighth Street,residential,,False,True,136.667,"LINESTRING (-119.5200135 34.3975699, -119.5204128 34.3979069, -119.5210615 34.3984433)",,,
70348887,2,Linden Avenue,tertiary,25 mph,False,False,107.838,"LINESTRING (-119.5200135 34.3975699, -119.5194521 34.3980282, -119.519178 34.398252)",,,
16249599,,Maple Avenue,residential,,False,True,48.196,"LINESTRING (-119.5189818 34.3967042, -119.5193561 34.3964001)",,,
16258578,,Eighth Street,residential,,False,False,111.131,"LINESTRING (-119.5189818 34.3967042, -119.5181414 34.3959845)",,,
16249599,,Maple Avenue,residential,,False,False,212.70800000000003,"LINESTRING (-119.5189818 34.3967042, -119.518835 34.3968247, -119.518137 34.3973974, -119.5176937 34.3977612, -119.5175786 34.3978556, -119.5173977 34.3980046, -119.5173678 34.3980291, -119.5173386 34.3980536)",,,
16258578,,Eighth Street,residential,,False,True,135.007,"LINESTRING (-119.5189818 34.3967042, -119.5194801 34.397122, -119.5196229 34.3972417, -119.5200135 34.3975699)",,,
16258625,2,Ogan Road,residential,25 mph,False,False,133.9,"LINESTRING (-119.5146787 34.4012476, -119.5146176 34.4012349, -119.5144023 34.4011879, -119.5133493 34.4009569, -119.5132682 34.4009384)",,,
16258625,2,Ogan Road,residential,25 mph,False,True,15.096,"LINESTRING (-119.5146787 34.4012476, -119.514723 34.4012573, -119.5147601 34.4012651, -119.5148382 34.4012809)",,,
16259593,,Pacific Village Drive,residential,,False,False,191.923,"LINESTRING (-119.5146787 34.4012476, -119.5146384 34.4013788, -119.5143814 34.4022317, -119.5152173 34.4024077)",,,
1033107463,2,Linden Avenue,tertiary,25 mph,False,True,57.583,"LINESTRING (-119.521477 34.3963945, -119.5219338 34.3960394)",,,
16258654,,Sixth Street,residential,,False,False,137.046,"LINESTRING (-119.521477 34.3963945, -119.5214 34.3963302, -119.5213846 34.3963173, -119.5204273 34.3955177)",,,
1033107463,2,Linden Avenue,tertiary,25 mph,False,False,94.509,"LINESTRING (-119.521477 34.3963945, -119.5214071 34.3964524, -119.52075 34.3969966)",,,
16249599,,Maple Avenue,residential,,False,False,96.331,"LINESTRING (-119.5204273 34.3955177, -119.519683 34.3961287)",,,
"[351709822, 16249599]",,"['Maple Avenue', 'Walnut Avenue']",residential,,False,"[False, True]",323.846,"LINESTRING (-119.5204273 34.3955177, -119.5207245 34.3952735, -119.5211883 34.394893, -119.5211125 34.394778, -119.5209482 34.3945476, -119.5206586 34.3942441, -119.520479 34.394091, -119.519588 34.394811)",,,
16258654,,Sixth Street,residential,,False,False,110.024,"LINESTRING (-119.5204273 34.3955177, -119.5200331 34.3951859, -119.519588 34.394811)",,,
16258654,,Sixth Street,residential,,False,True,137.046,"LINESTRING (-119.5204273 34.3955177, -119.5213846 34.3963173, -119.5214 34.3963302, -119.521477 34.3963945)",,,
16258778,,Ninth Street,residential,,False,False,142.613,"LINESTRING (-119.522376 34.400916, -119.5222229 34.4007894, -119.5220609 34.4006555, -119.5212781 34.4000081)",,,
933837333,2,Linden Avenue,tertiary,25 mph,False,True,70.164,"LINESTRING (-119.5228212 34.3953058, -119.5233654 34.3948625)",,,
16264254,,Dorrance Way,residential,,False,True,138.389,"LINESTRING (-119.5228212 34.3953058, -119.5229052 34.39538, -119.5230549 34.3955122, -119.5233424 34.3957591, -119.523875 34.396196)",,,
933837333,2,Linden Avenue,tertiary,25 mph,False,False,115.258,"LINESTRING (-119.5228212 34.3953058, -119.5227653 34.3953513, -119.5223223 34.3957121, -119.5219338 34.3960394)",,,
70348877,2,Linden Avenue,secondary,25 mph,False,False,65.436,"LINESTRING (-119.517505 34.3996634, -119.5170376 34.4001079)",,,
16263140,,Sawyer Avenue,residential,,False,True,110.701,"LINESTRING (-119.517505 34.3996634, -119.5175871 34.3997276, -119.518341 34.4003811)",,,
70348877,2,Linden Avenue,secondary,25 mph,False,True,113.96000000000001,"LINESTRING (-119.517505 34.3996634, -119.5176945 34.3994992, -119.5180683 34.3991756, -119.5182871 34.3989984, -119.518372 34.3989297)",,,
16260500,,Linden Avenue,residential,,False,False,137.17399999999998,"LINESTRING (-119.5167291 34.4016493, -119.5166872 34.4018417, -119.5164494 34.4026466, -119.5164248 34.4027568, -119.5164274 34.4028544)",,,
16261089,,Church Lane,residential,,False,True,199.197,"LINESTRING (-119.5143279 34.399363, -119.514336 34.399292, -119.514439 34.399184, -119.515217 34.398543, -119.515225 34.398494, -119.515209 34.398469, -119.5151969 34.3984586, -119.514707 34.398038)",,,
16259593,,Pacific Village Drive,residential,,False,True,54.679,"LINESTRING (-119.5157938 34.4025324, -119.5152173 34.4024077)",,,
933837330,,Elm Avenue,residential,,False,False,58.744,"LINESTRING (-119.5227887 34.3970674, -119.5223073 34.3974157)",,,
933837332,,Fifth Street,residential,,False,True,137.761,"LINESTRING (-119.5227887 34.3970674, -119.523622 34.398098)",,,
16258498,,Fifth Street,residential,,False,False,138.678,"LINESTRING (-119.5227887 34.3970674, -119.5222297 34.3963989, -119.5220154 34.3961258, -119.5220025 34.3961095, -119.5219338 34.3960394)",,,
1033113295,1,,secondary,,True,False,14.172999999999998,"LINESTRING (-119.5156165 34.4015486, -119.5156406 34.4015327, -119.5156611 34.4015136, -119.5156772 34.4014918, -119.5156885 34.4014681, -119.5156945 34.4014431)",,,roundabout
37392223,1,,motorway_link,,True,False,164.542,"LINESTRING (-119.5156945 34.4014431, -119.5157281 34.4014125, -119.5157559 34.4013889, -119.5157881 34.4013666, -119.5158223 34.4013451, -119.5158548 34.4013279, -119.5158937 34.4013129, -119.5159394 34.4012992, -119.5159949 34.4012861, -119.5160463 34.4012797, -119.5160942 34.4012786, -119.5161297 34.4012806, -119.5161673 34.401285, -119.5162363 34.4012991, -119.5165327 34.4013631, -119.5166694 34.4013969, -119.5169083 34.4014606, -119.5171531 34.401516, -119.5172737 34.4015428, -119.5173781 34.4015627)",,,
842297461,1,,secondary,,True,False,17.805999999999997,"LINESTRING (-119.5156945 34.4014431, -119.5156932 34.4014031, -119.5156787 34.4013649, -119.5156521 34.4013314, -119.5156155 34.4013051)",,,roundabout
1033113294,1,,secondary,,True,False,14.486000000000002,"LINESTRING (-119.5153483 34.4014645, -119.5153591 34.4014889, -119.515375 34.4015115, -119.5153955 34.4015313, -119.51542 34.4015478, -119.5154476 34.4015604)",,,roundabout
939745481,1,Ogan Road,secondary,,True,False,53.996,"LINESTRING (-119.5154476 34.4015604, -119.5154692 34.4015921, -119.515485 34.4016236, -119.5155101 34.4016842, -119.5155309 34.4017237, -119.5155524 34.4017569, -119.5155752 34.4017832, -119.5156064 34.4018145, -119.5156503 34.4018463, -119.5156942 34.4018692, -119.5157542 34.401887, -119.5158178 34.4018991)",,,
1033113294,1,,secondary,,True,False,16.189999999999998,"LINESTRING (-119.5154476 34.4015604, -119.5154811 34.4015694, -119.5155162 34.4015728, -119.5155514 34.4015703, -119.5155852 34.4015622, -119.5156165 34.4015486)",,,roundabout
37392224,2,Linden Avenue,secondary,25 mph,False,False,99.21,"LINESTRING (-119.516185 34.4019724, -119.5161762 34.4021349, -119.5161687 34.4023715, -119.5161733 34.4025194, -119.5161856 34.4026774, -119.5162142 34.4028625)",,,
842297462,3,Ogan Road,secondary,,False,True,34.665,"LINESTRING (-119.516185 34.4019724, -119.5160431 34.4019462, -119.5158178 34.4018991)",,,
"[37392225, 1033113293]",2,Linden Avenue,secondary,25 mph,False,True,136.999,"LINESTRING (-119.516185 34.4019724, -119.5162109 34.4017948, -119.5162406 34.4016639, -119.5162754 34.4015168, -119.5163376 34.401339, -119.5163724 34.4012366, -119.5164147 34.401128, -119.516473 34.4009848, -119.5165143 34.4008908, -119.5165713 34.4007874)",yes,,
70348877,2,Linden Avenue,secondary,25 mph,False,True,65.436,"LINESTRING (-119.5170376 34.4001079, -119.517505 34.3996634)",,,
70348877,2,Linden Avenue,secondary,25 mph,False,False,87.00200000000001,"LINESTRING (-119.5170376 34.4001079, -119.5169516 34.4002081, -119.5168785 34.4003025, -119.5168028 34.4004058, -119.516754 34.4004808, -119.5166232 34.4006908, -119.5165713 34.4007874)",,,
845880179,,,unclassified,,False,False,74.763,"LINESTRING (-119.5170376 34.4001079, -119.5170759 34.4001481, -119.5170896 34.4001594, -119.517145 34.4002738, -119.517145 34.4003742, -119.5171127 34.4004925, -119.5170603 34.4006348, -119.5170326 34.4007441)",,,
845880179,,,unclassified,,False,True,74.763,"LINESTRING (-119.5170326 34.4007441, -119.5170603 34.4006348, -119.5171127 34.4004925, -119.517145 34.4003742, -119.517145 34.4002738, -119.5170896 34.4001594, -119.5170759 34.4001481, -119.5170376 34.4001079)",,,
842297462,3,Ogan Road,secondary,,False,False,34.665,"LINESTRING (-119.5158178 34.4018991, -119.5160431 34.4019462, -119.516185 34.4019724)",,,
939745482,1,Ogan Road,secondary,,True,False,45.989999999999995,"LINESTRING (-119.5158178 34.4018991, -119.5157374 34.4018391, -119.5157004 34.4018131, -119.5156714 34.4017865, -119.5156523 34.401762, -119.515638 34.4017395, -119.5156266 34.401716, -119.5156187 34.4016898, -119.515615 34.4016544, -119.5156131 34.4016067, -119.5156165 34.4015486)",,,
939745480,1,Ogan Road,residential,25 mph,True,False,50.938,"LINESTRING (-119.515388 34.4013294, -119.515322 34.4013351, -119.5152728 34.4013348, -119.5152221 34.4013301, -119.5151604 34.4013193, -119.5150867 34.4013096, -119.5148382 34.4012809)",,,
1033113294,1,,secondary,,True,False,16.085,"LINESTRING (-119.515388 34.4013294, -119.5153672 34.4013527, -119.5153524 34.4013789, -119.5153441 34.401407, -119.5153427 34.4014359, -119.5153483 34.4014645)",,,roundabout
37392221,2,Via Real,secondary,25 mph,False,True,286.889,"LINESTRING (-119.515509 34.4010072, -119.515487 34.4009796, -119.5154614 34.4009523, -119.5154223 34.4009211, -119.5153781 34.4008915, -119.5152825 34.4008302, -119.5151449 34.400742, -119.5146539 34.4004311, -119.5144654 34.400311, -119.5142776 34.4001868, -119.5141244 34.4000813, -119.5139617 34.3999637, -119.5137633 34.3998138, -119.5136201 34.3997004, -119.5135058 34.3996066, -119.5133939 34.3995107, -119.5132388 34.3993751, -119.5131645 34.3993095)",,,
939745484,1,Via Real,secondary,25 mph,True,False,32.522999999999996,"LINESTRING (-119.515509 34.4010072, -119.5155211 34.4011147, -119.5155225 34.4011508, -119.5155205 34.4011835, -119.5155145 34.4012078, -119.5155034 34.4012315, -119.5154644 34.4012885)",,,
"[842297461, 1033113294]",1,,secondary,,True,False,8.439,"LINESTRING (-119.5154644 34.4012885, -119.5154362 34.4012984, -119.5154105 34.4013122, -119.515388 34.4013294)",,,roundabout
842297461,1,,secondary,,True,False,14.408000000000001,"LINESTRING (-119.5156155 34.4013051, -119.5155679 34.4012871, -119.5155161 34.4012814, -119.5154644 34.4012885)",,,roundabout
939745483,1,Via Real,secondary,25 mph,True,False,35.659,"LINESTRING (-119.5156155 34.4013051, -119.5156131 34.4012446, -119.515609 34.4011876, -119.5156027 34.4011453, -119.515596 34.401124, -119.5155876 34.4011024, -119.5155631 34.4010629, -119.515509 34.4010072)",,,
1047382285,2,Carpinteria Avenue,secondary,25 mph,False,False,8.509,"LINESTRING (-119.5142825 34.395497, -119.5143471 34.3955519)",,,
1148731852,,,residential,,False,False,249.007,"LINESTRING (-119.5177025 34.4006184, -119.5175914 34.4010149, -119.5175903 34.4010582, -119.5176184 34.4010944, -119.5192718 34.4015384, -119.519332 34.4015483, -119.5193862 34.4015355, -119.5195706 34.4013846)",,,
