osmid,highway,oneway,reversed,length,geometry,lanes
962339212,residential,False,False,30.665,"LINESTRING (77.8127785 23.5264963, 77.8130615 23.5265897)",
512551879,tertiary,False,False,76.076,"LINESTRING (77.8127785 23.5264963, 77.8127613 23.526417, 77.8127396 23.5263167, 77.8127249 23.5261102, 77.8127341 23.5258162)",
512551879,tertiary,False,True,64.666,"LINESTRING (77.8127785 23.5264963, 77.8128885 23.5267938, 77.8129906 23.5270443)",
512575491,tertiary,False,True,14.861,"LINESTRING (77.8140749 23.5236083, 77.8141203 23.5234813)",
512271572,residential,False,True,125.463,"LINESTRING (77.8140749 23.5236083, 77.8144576 23.5237222, 77.8144978 23.523748, 77.8145125 23.52378, 77.8145099 23.5238501, 77.8144383 23.5244561)",
512575491,tertiary,False,False,97.866,"LINESTRING (77.8140749 23.5236083, 77.8139885 23.5239118, 77.8139895 23.5242829, 77.8139959 23.5243561, 77.8140197 23.5244126, 77.8140653 23.5244575)",
512575491,tertiary,False,False,44.776,"LINESTRING (77.8144383 23.5244561, 77.8148758 23.5244209)",
512271572,residential,False,False,125.46300000000002,"LINESTRING (77.8144383 23.5244561, 77.8145099 23.5238501, 77.8145125 23.52378, 77.8144978 23.523748, 77.8144576 23.5237222, 77.8140749 23.5236083)",
512575491,tertiary,False,True,38.566,"LINESTRING (77.8144383 23.5244561, 77.8141384 23.5244803, 77.8140653 23.5244575)",
512575491,tertiary,False,False,14.861,"LINESTRING (77.8141203 23.5234813, 77.8140749 23.5236083)",
512575491,tertiary,False,True,7.505,"LINESTRING (77.8141203 23.5234813, 77.8141511 23.52342)",
512272080,tertiary,False,True,104.44500000000001,"LINESTRING (77.8141203 23.5234813, 77.8135143 23.5236598, 77.8131582 23.5238009)",
512575491,tertiary,False,False,43.783,"LINESTRING (77.8172812 23.5246245, 77.8176515 23.5248239)",
964485512,residential,False,True,69.974,"LINESTRING (77.8172812 23.5246245, 77.8170384 23.5252131)",
512575491,tertiary,False,True,77.211,"LINESTRING (77.8172812 23.5246245, 77.8170198 23.52453, 77.8166935 23.5244442, 77.8166587 23.5244408, 77.8165574 23.5244308)",
1262808582,residential,False,False,5.769,"LINESTRING (77.8179235 23.5250276, 77.8179015 23.5250754)",
512575491,tertiary,False,True,35.825,"LINESTRING (77.8179235 23.5250276, 77.8178566 23.5249715, 77.8176515 23.5248239)",
512550440,residential,False,False,42.214999999999996,"LINESTRING (77.8154165 23.5262528, 77.8153628 23.526211, 77.8152609 23.526147, 77.815163 23.5260954, 77.8150601 23.5260679)",
512550440,residential,False,True,82.28200000000001,"LINESTRING (77.8154165 23.5262528, 77.8154916 23.5263585, 77.8155372 23.5264237, 77.8155814 23.5264631, 77.8158093 23.5266365, 77.8158968 23.5267063, 77.8159524 23.5267652, 77.8159672 23.5267851)",
512550490,residential,False,False,128.494,"LINESTRING (77.8154165 23.5262528, 77.8154916 23.5262442, 77.8155908 23.526238, 77.8157155 23.5262159, 77.815851 23.5261729, 77.815969 23.5261138, 77.816087 23.5260093, 77.8161836 23.525863, 77.8162184 23.5258138, 77.8162774 23.5257818, 77.8164745 23.5257744)",
512550440,residential,False,False,20.408,"LINESTRING (77.8150601 23.5260679, 77.8149371 23.5259231)",
512891699,residential,False,False,5.168,"LINESTRING (77.8150601 23.5260679, 77.8150736 23.5261127)",
512550440,residential,False,True,42.215,"LINESTRING (77.8150601 23.5260679, 77.815163 23.5260954, 77.8152609 23.526147, 77.8153628 23.526211, 77.8154165 23.5262528)",
512550751,residential,False,True,14.827,"LINESTRING (77.8139597 23.5249154, 77.8138301 23.5249759)",
512550440,residential,False,True,38.77,"LINESTRING (77.8139597 23.5249154, 77.8140298 23.5250305, 77.8141075 23.5251338, 77.8141757 23.5252004)",
512550751,residential,False,False,23.058,"LINESTRING (77.8139597 23.5249154, 77.8140299 23.5248678, 77.8140714 23.5248137, 77.8140763 23.5247527)",
512550751,residential,False,False,14.827,"LINESTRING (77.8138301 23.5249759, 77.8139597 23.5249154)",
964206403,residential,False,False,49.333,"LINESTRING (77.8138301 23.5249759, 77.8137967 23.5245333)",
512550751,residential,False,True,84.715,"LINESTRING (77.8138301 23.5249759, 77.8131887 23.5253459, 77.8131258 23.5253801)",
512551879,tertiary,False,True,21.788,"LINESTRING (77.8127234 23.5256205, 77.8127341 23.5258162)",
"[512551016, 512550751]",residential,False,"[False, True]",48.971999999999994,"LINESTRING (77.8127234 23.5256205, 77.8130789 23.5254055, 77.8131258 23.5253801)",
512551879,tertiary,False,False,68.924,"LINESTRING (77.8127234 23.5256205, 77.8126187 23.5253009, 77.8125198 23.5250295)",
512878830,residential,False,False,29.398,"LINESTRING (77.8110229 23.5260398, 77.8110786 23.5262992)",
512878830,residential,False,True,75.451,"LINESTRING (77.8110229 23.5260398, 77.8108654 23.5253768)",
962156474,residential,False,True,70.792,"LINESTRING (77.8110229 23.5260398, 77.8103306 23.5260888)",
962343569,residential,False,True,70.668,"LINESTRING (77.8110229 23.5260398, 77.8117097 23.525954)",
512878830,residential,False,False,74.299,"LINESTRING (77.8106672 23.5246783, 77.810853 23.5253244)",
512272080,tertiary,False,False,159.084,"LINESTRING (77.8106672 23.5246783, 77.8110707 23.5245376, 77.8121274 23.524174)",
512272080,tertiary,False,True,68.61500000000001,"LINESTRING (77.8106672 23.5246783, 77.8104309 23.5247431, 77.810187 23.5248013, 77.8100183 23.5248416)",
512551794,residential,False,False,84.187,"LINESTRING (77.8125198 23.5250295, 77.8131699 23.524778, 77.8132075 23.5247562, 77.8132269 23.5247267, 77.8132312 23.524692)",
512551879,tertiary,False,False,43.83,"LINESTRING (77.8125198 23.5250295, 77.812446 23.5248355, 77.8123749 23.5246584)",
512551879,tertiary,False,True,68.924,"LINESTRING (77.8125198 23.5250295, 77.8126187 23.5253009, 77.8127234 23.5256205)",
512551879,tertiary,False,False,20.313,"LINESTRING (77.812336 23.5245707, 77.812255 23.5244038)",
512551879,tertiary,False,True,10.527,"LINESTRING (77.812336 23.5245707, 77.8123749 23.5246584)",
512551794,residential,False,True,95.83200000000001,"LINESTRING (77.812336 23.5245707, 77.812639 23.524567, 77.8129502 23.5245866, 77.8131498 23.5246192, 77.8131908 23.5246319, 77.8132188 23.5246582, 77.8132312 23.524692)",
512272080,tertiary,False,False,13.547,"LINESTRING (77.8121274 23.524174, 77.8122499 23.5241268)",
512551879,tertiary,False,True,28.674,"LINESTRING (77.8121274 23.524174, 77.812255 23.5244038)",
512272080,tertiary,False,True,159.084,"LINESTRING (77.8121274 23.524174, 77.8110707 23.5245376, 77.8106672 23.5246783)",
512551546,residential,False,False,60.175,"LINESTRING (77.8123749 23.5246584, 77.8118108 23.5248176)",
512551879,tertiary,False,False,10.527,"LINESTRING (77.8123749 23.5246584, 77.812336 23.5245707)",
512551879,tertiary,False,True,43.83,"LINESTRING (77.8123749 23.5246584, 77.812446 23.5248355, 77.8125198 23.5250295)",
512272080,tertiary,False,False,104.44500000000001,"LINESTRING (77.8131582 23.5238009, 77.8135143 23.5236598, 77.8141203 23.5234813)",
512272080,tertiary,False,True,50.113,"LINESTRING (77.8131582 23.5238009, 77.8128465 23.5239167, 77.8127016 23.5239677)",
512571727,residential,False,False,33.741,"LINESTRING (77.8131582 23.5238009, 77.8132394 23.5235818, 77.8132647 23.5235136)",
512572084,tertiary,False,True,8.968,"LINESTRING (77.8135335 23.5227877, 77.813614 23.5228202)",
512571727,residential,False,True,26.927,"LINESTRING (77.8135335 23.5227877, 77.813496 23.5228889, 77.8134486 23.523017)",
512572084,tertiary,False,False,71.372,"LINESTRING (77.8135335 23.5227877, 77.8129339 23.5225286, 77.8129002 23.5225142)",
512572084,tertiary,False,False,3.717,"LINESTRING (77.8126363 23.5224015, 77.8126034 23.5223871)",
512572084,tertiary,False,True,26.623,"LINESTRING (77.8126363 23.5224015, 77.812873 23.5225026)",
512573606,residential,False,False,36.005,"LINESTRING (77.8126363 23.5224015, 77.8125343 23.5227115)",
512572084,tertiary,False,False,8.968,"LINESTRING (77.813614 23.5228202, 77.8135335 23.5227877)",
959999746,residential,False,False,49.29,"LINESTRING (77.813614 23.5228202, 77.8138511 23.5224339)",
"[512575491, 512572084]",tertiary,False,"[False, True]",114.326,"LINESTRING (77.813614 23.5228202, 77.8143015 23.5231201, 77.8141511 23.52342)",
512550751,residential,False,True,31.991,"LINESTRING (77.8140275 23.5244685, 77.8140763 23.5247527)",
959999747,residential,False,False,4.043,"LINESTRING (77.8140275 23.5244685, 77.8140653 23.5244575)",
959999747,residential,False,True,24.609,"LINESTRING (77.8140275 23.5244685, 77.8137967 23.5245333)",
959999747,residential,False,True,4.043,"LINESTRING (77.8140653 23.5244575, 77.8140275 23.5244685)",
512575491,tertiary,False,False,38.566,"LINESTRING (77.8140653 23.5244575, 77.8141384 23.5244803, 77.8144383 23.5244561)",
512575491,tertiary,False,True,97.866,"LINESTRING (77.8140653 23.5244575, 77.8140197 23.5244126, 77.8139959 23.5243561, 77.8139895 23.5242829, 77.8139885 23.5239118, 77.8140749 23.5236083)",
512550751,residential,False,False,31.991,"LINESTRING (77.8140763 23.5247527, 77.8140275 23.5244685)",
512550751,residential,False,True,23.058,"LINESTRING (77.8140763 23.5247527, 77.8140714 23.5248137, 77.8140299 23.5248678, 77.8139597 23.5249154)",
962339178,residential,False,True,96.15100000000001,"LINESTRING (77.8140763 23.5247527, 77.8143328 23.5247883, 77.814365 23.5247957, 77.8143892 23.5248203, 77.814483 23.5250121, 77.8144844 23.525033, 77.8144683 23.5250564, 77.8141757 23.5252004)",
959999747,residential,False,False,60.295,"LINESTRING (77.8132312 23.524692, 77.8137967 23.5245333)",
512551794,residential,False,False,95.832,"LINESTRING (77.8132312 23.524692, 77.8132188 23.5246582, 77.8131908 23.5246319, 77.8131498 23.5246192, 77.8129502 23.5245866, 77.812639 23.524567, 77.812336 23.5245707)",
512551794,residential,False,True,84.187,"LINESTRING (77.8132312 23.524692, 77.8132269 23.5247267, 77.8132075 23.5247562, 77.8131699 23.524778, 77.8125198 23.5250295)",
959999749,residential,False,True,54.721,"LINESTRING (77.8120793 23.5236602, 77.8122499 23.5241268)",
512573606,residential,False,False,107.40400000000001,"LINESTRING (77.8120793 23.5236602, 77.8115259 23.5238169, 77.8111692 23.5239091, 77.811067 23.523925)",
512573606,residential,False,True,14.084,"LINESTRING (77.8120793 23.5236602, 77.8121254 23.5236472, 77.8122058 23.5236103)",
512272080,tertiary,False,False,49.334,"LINESTRING (77.8122499 23.5241268, 77.8127016 23.5239677)",
512272080,tertiary,False,True,13.547,"LINESTRING (77.8122499 23.5241268, 77.8121274 23.524174)",
959999749,residential,False,False,54.721,"LINESTRING (77.8122499 23.5241268, 77.8120793 23.5236602)",
962339231,residential,False,False,32.953,"LINESTRING (77.8122058 23.5236103, 77.8125239 23.5235578)",
512573606,residential,False,False,14.084,"LINESTRING (77.8122058 23.5236103, 77.8121254 23.5236472, 77.8120793 23.5236602)",
512573606,residential,False,True,85.089,"LINESTRING (77.8122058 23.5236103, 77.8122582 23.5235464, 77.8122997 23.523448, 77.81234 23.5233017, 77.8124751 23.5228911)",
962156472,residential,False,False,29.803,"LINESTRING (77.8100298 23.5251093, 77.8100251 23.5250708, 77.8100183 23.5248416)",
962156472,residential,False,True,46.695,"LINESTRING (77.8100298 23.5251093, 77.8100528 23.5252987, 77.8101014 23.5255237)",
512272080,tertiary,False,False,68.61500000000001,"LINESTRING (77.8100183 23.5248416, 77.810187 23.5248013, 77.8104309 23.5247431, 77.8106672 23.5246783)",
962156472,residential,False,True,29.803,"LINESTRING (77.8100183 23.5248416, 77.8100251 23.5250708, 77.8100298 23.5251093)",
962156472,residential,False,False,46.695,"LINESTRING (77.8101014 23.5255237, 77.8100528 23.5252987, 77.8100298 23.5251093)",
962156482,residential,False,False,80.277,"LINESTRING (77.8101014 23.5255237, 77.8101996 23.525483, 77.8103296 23.5254289, 77.8104383 23.5253945, 77.8106086 23.5253601, 77.810853 23.5253244)",
962156474,residential,False,False,33.215,"LINESTRING (77.8100058 23.5261121, 77.8103306 23.5260888)",
512878830,residential,False,True,29.398,"LINESTRING (77.8110786 23.5262992, 77.8110229 23.5260398)",
962339185,residential,False,True,68.031,"LINESTRING (77.8110786 23.5262992, 77.8117458 23.5262898)",
512878830,residential,False,False,41.612,"LINESTRING (77.8110786 23.5262992, 77.8111088 23.5264397, 77.8111441 23.5266483, 77.8111474 23.526668)",
512878830,residential,False,False,30.794999999999998,"LINESTRING (77.8111474 23.526668, 77.8111568 23.5267238, 77.8111882 23.5269424)",
512878830,residential,False,True,41.612,"LINESTRING (77.8111474 23.526668, 77.8111441 23.5266483, 77.8111088 23.5264397, 77.8110786 23.5262992)",
512878830,residential,False,False,5.962,"LINESTRING (77.810853 23.5253244, 77.8108654 23.5253768)",
512878830,residential,False,True,74.299,"LINESTRING (77.810853 23.5253244, 77.8106672 23.5246783)",
962156482,residential,False,True,80.27699999999999,"LINESTRING (77.810853 23.5253244, 77.8106086 23.5253601, 77.8104383 23.5253945, 77.8103296 23.5254289, 77.8101996 23.525483, 77.8101014 23.5255237)",
512573606,residential,False,False,12.429,"LINESTRING (77.811067 23.523925, 77.810964 23.5239411, 77.8109484 23.5239482)",
512573606,residential,False,True,107.404,"LINESTRING (77.811067 23.523925, 77.8111692 23.5239091, 77.8115259 23.5238169, 77.8120793 23.5236602)",
962329314,residential,False,False,96.62199999999999,"LINESTRING (77.811067 23.523925, 77.8109103 23.523309, 77.810905 23.5232598, 77.8109023 23.5231652, 77.8108996 23.5230729)",
512573606,residential,False,False,95.072,"LINESTRING (77.8109484 23.5239482, 77.8108835 23.523978, 77.8108218 23.5240222, 77.8107266 23.5240603, 77.8106301 23.5240935, 77.810386 23.524187, 77.8102103 23.5242645, 77.8101057 23.5243087)",
512573606,residential,False,True,12.429,"LINESTRING (77.8109484 23.5239482, 77.810964 23.5239411, 77.811067 23.523925)",
512573606,residential,False,True,95.07200000000002,"LINESTRING (77.8101057 23.5243087, 77.8102103 23.5242645, 77.810386 23.524187, 77.8106301 23.5240935, 77.8107266 23.5240603, 77.8108218 23.5240222, 77.8108835 23.523978, 77.8109484 23.5239482)",
962329308,residential,False,True,47.874,"LINESTRING (77.8104494 23.5217192, 77.8100252 23.5215346)",
962329312,residential,False,False,26.731,"LINESTRING (77.8104494 23.5217192, 77.810562 23.5215021)",
962329312,residential,False,True,40.43,"LINESTRING (77.8104494 23.5217192, 77.8102792 23.5220476)",
964206402,residential,False,True,97.262,"LINESTRING (77.8104494 23.5217192, 77.8113113 23.5220941)",
962329308,residential,False,False,47.874,"LINESTRING (77.8100252 23.5215346, 77.8104494 23.5217192)",
1070310418,unclassified,False,False,30.064,"LINESTRING (77.8100252 23.5215346, 77.8101593 23.5212938)",1
962329314,residential,False,False,26.35,"LINESTRING (77.8109364 23.5228679, 77.8109911 23.5226363)",
962329314,residential,False,True,23.136,"LINESTRING (77.8109364 23.5228679, 77.8109103 23.5229783, 77.8108996 23.5230729)",
962329315,residential,False,False,85.995,"LINESTRING (77.8102036 23.5222743, 77.8110327 23.5224164)",
962329312,residential,False,False,26.532000000000004,"LINESTRING (77.8102036 23.5222743, 77.8102183 23.5221888, 77.8102331 23.5221445, 77.8102792 23.5220476)",
962329312,residential,False,True,26.731,"LINESTRING (77.810562 23.5215021, 77.8104494 23.5217192)",
512572084,tertiary,False,False,47.247,"LINESTRING (77.810562 23.5215021, 77.8102814 23.5213723, 77.8101593 23.5212938)",
512572084,tertiary,False,True,105.738,"LINESTRING (77.810562 23.5215021, 77.8106005 23.5215199, 77.8112 23.521783, 77.8114986 23.5219104)",
962329312,residential,False,False,40.43,"LINESTRING (77.8102792 23.5220476, 77.8104494 23.5217192)",
962329312,residential,False,True,26.532,"LINESTRING (77.8102792 23.5220476, 77.8102331 23.5221445, 77.8102183 23.5221888, 77.8102036 23.5222743)",
962329314,residential,False,True,104.872,"LINESTRING (77.8102792 23.5220476, 77.810852 23.5221476, 77.8109191 23.5221642, 77.8110264 23.5222005, 77.8110646 23.522222, 77.8110713 23.5222552, 77.8110327 23.5224164)",
962329314,residential,False,True,24.817,"LINESTRING (77.8110327 23.5224164, 77.8109911 23.5226363)",
962329315,residential,False,True,85.995,"LINESTRING (77.8110327 23.5224164, 77.8102036 23.5222743)",
962329314,residential,False,False,104.872,"LINESTRING (77.8110327 23.5224164, 77.8110713 23.5222552, 77.8110646 23.522222, 77.8110264 23.5222005, 77.8109191 23.5221642, 77.810852 23.5221476, 77.8102792 23.5220476)",
962329314,residential,False,False,24.817,"LINESTRING (77.8109911 23.5226363, 77.8110327 23.5224164)",
962329314,residential,False,True,26.35,"LINESTRING (77.8109911 23.5226363, 77.8109364 23.5228679)",
962329316,residential,False,False,73.004,"LINESTRING (77.8109911 23.5226363, 77.8112698 23.5226819, 77.8114092 23.5226844, 77.8115433 23.5226573, 77.8116935 23.522618)",
962339236,residential,False,True,17.777,"LINESTRING (77.8116935 23.522618, 77.8116508 23.522463)",
962329316,residential,False,True,73.004,"LINESTRING (77.8116935 23.522618, 77.8115433 23.5226573, 77.8114092 23.5226844, 77.8112698 23.5226819, 77.8109911 23.5226363)",
962339236,residential,False,False,89.303,"LINESTRING (77.8116935 23.522618, 77.811719 23.5226807, 77.8117445 23.5227163, 77.8117874 23.5227372, 77.8124751 23.5228911)",
962329314,residential,False,False,23.136,"LINESTRING (77.8108996 23.5230729, 77.8109103 23.5229783, 77.8109364 23.5228679)",
962329314,residential,False,True,96.62199999999999,"LINESTRING (77.8108996 23.5230729, 77.8109023 23.5231652, 77.810905 23.5232598, 77.8109103 23.523309, 77.811067 23.523925)",
962339130,residential,False,False,94.22,"LINESTRING (77.8116508 23.522463, 77.8125343 23.5227115)",
962339236,residential,False,False,17.777,"LINESTRING (77.8116508 23.522463, 77.8116935 23.522618)",
962339236,residential,False,True,63.376,"LINESTRING (77.8116508 23.522463, 77.8114986 23.5219104)",
962339131,residential,False,True,45.785,"LINESTRING (77.8145662 23.5235771, 77.8141511 23.52342)",
512575491,tertiary,False,False,7.505,"LINESTRING (77.8141511 23.52342, 77.8141203 23.5234813)",
962339131,residential,False,False,45.785,"LINESTRING (77.8141511 23.52342, 77.8145662 23.5235771)",
"[512575491, 512572084]",tertiary,False,"[False, True]",114.326,"LINESTRING (77.8141511 23.52342, 77.8143015 23.5231201, 77.813614 23.5228202)",
962339132,residential,False,True,79.946,"LINESTRING (77.8159837 23.5238784, 77.8153468 23.523459)",
962156474,residential,False,False,70.792,"LINESTRING (77.8103306 23.5260888, 77.8110229 23.5260398)",
962156474,residential,False,True,33.215,"LINESTRING (77.8103306 23.5260888, 77.8100058 23.5261121)",
962339154,residential,False,True,40.335,"LINESTRING (77.8103306 23.5260888, 77.8103204 23.5259682, 77.8102937 23.5258499, 77.8102508 23.5257355)",
962339154,residential,False,False,40.334999999999994,"LINESTRING (77.8102508 23.5257355, 77.8102937 23.5258499, 77.8103204 23.5259682, 77.8103306 23.5260888)",
512550440,residential,False,False,38.769999999999996,"LINESTRING (77.8141757 23.5252004, 77.8141075 23.5251338, 77.8140298 23.5250305, 77.8139597 23.5249154)",
512550440,residential,False,True,22.217,"LINESTRING (77.8141757 23.5252004, 77.8142108 23.5252347, 77.814336 23.5253355)",
962339178,residential,False,False,96.151,"LINESTRING (77.8141757 23.5252004, 77.8144683 23.5250564, 77.8144844 23.525033, 77.814483 23.5250121, 77.8143892 23.5248203, 77.814365 23.5247957, 77.8143328 23.5247883, 77.8140763 23.5247527)",
962823799,residential,False,True,27.808,"LINESTRING (77.8149778 23.525336, 77.814872 23.5251055)",
962339179,residential,False,True,46.340999999999994,"LINESTRING (77.8149778 23.525336, 77.8148961 23.5253675, 77.8147835 23.5254142, 77.8147244 23.5254511, 77.8145837 23.5255399)",
962823799,residential,False,False,54.795,"LINESTRING (77.8149778 23.525336, 77.8150906 23.5255531, 77.8152136 23.5257788)",
512550440,residential,False,True,20.005,"LINESTRING (77.8145837 23.5255399, 77.8147156 23.5256731)",
512550440,residential,False,False,33.975,"LINESTRING (77.8145837 23.5255399, 77.8143825 23.5253736, 77.814336 23.5253355)",
962339179,residential,False,False,46.341,"LINESTRING (77.8145837 23.5255399, 77.8147244 23.5254511, 77.8147835 23.5254142, 77.8148961 23.5253675, 77.8149778 23.525336)",
962339180,residential,False,True,49.721,"LINESTRING (77.8134668 23.5269478, 77.8129906 23.5270443)",
962339180,residential,False,False,49.721,"LINESTRING (77.8129906 23.5270443, 77.8134668 23.5269478)",
512551879,tertiary,False,False,64.666,"LINESTRING (77.8129906 23.5270443, 77.8128885 23.5267938, 77.8127785 23.5264963)",
962339183,residential,False,True,89.55799999999999,"LINESTRING (77.813095 23.5244342, 77.8129072 23.5244133, 77.812859 23.5244046, 77.8128241 23.524385, 77.8127503 23.5243346, 77.8127114 23.524321, 77.8126658 23.5243247, 77.812255 23.5244038)",
512551879,tertiary,False,False,28.674,"LINESTRING (77.812255 23.5244038, 77.8121274 23.524174)",
512551879,tertiary,False,True,20.313,"LINESTRING (77.812255 23.5244038, 77.812336 23.5245707)",
962339183,residential,False,False,89.55799999999999,"LINESTRING (77.812255 23.5244038, 77.8126658 23.5243247, 77.8127114 23.524321, 77.8127503 23.5243346, 77.8128241 23.524385, 77.812859 23.5244046, 77.8129072 23.5244133, 77.813095 23.5244342)",
512551546,residential,False,True,60.175,"LINESTRING (77.8118108 23.5248176, 77.8123749 23.5246584)",
512551546,residential,False,False,73.553,"LINESTRING (77.8118108 23.5248176, 77.8115145 23.5248946, 77.8114864 23.5249118, 77.8114716 23.5249438, 77.8114682 23.5249789, 77.811538 23.5251756, 77.8115639 23.5252428)",
962339184,residential,False,False,128.737,"LINESTRING (77.8118108 23.5248176, 77.8118277 23.52514, 77.8118518 23.5254781, 77.8118887 23.5258814, 77.8119005 23.5259722)",
962343569,residential,False,False,70.668,"LINESTRING (77.8117097 23.525954, 77.8110229 23.5260398)",
962343570,residential,False,False,19.558,"LINESTRING (77.8117097 23.525954, 77.8119005 23.5259722)",
512551546,residential,False,True,80.826,"LINESTRING (77.8117097 23.525954, 77.8116896 23.5257437, 77.8116761 23.5256367, 77.8116587 23.5255347, 77.8116077 23.5253564, 77.8115639 23.5252428)",
962339185,residential,False,False,18.741,"LINESTRING (77.8119296 23.5262872, 77.8117458 23.5262898)",
962339184,residential,False,True,106.937,"LINESTRING (77.8125423 23.5264485, 77.8124969 23.5262176, 77.8124846 23.5261872, 77.8124638 23.5261731, 77.812348 23.5261643, 77.8120121 23.5261655, 77.8119752 23.5261636, 77.8119443 23.5261581, 77.8119262 23.5261378, 77.8119182 23.5261077, 77.8119005 23.5259722)",
962339187,residential,False,False,37.562,"LINESTRING (77.8121209 23.526509, 77.8121738 23.5268433)",
962339187,residential,False,True,37.562,"LINESTRING (77.8121738 23.5268433, 77.8121209 23.526509)",
962339189,residential,False,True,101.086,"LINESTRING (77.8121738 23.5268433, 77.8111882 23.5269424)",
512878830,residential,False,False,2.68,"LINESTRING (77.8111882 23.5269424, 77.8111916 23.5269663)",
962339189,residential,False,False,101.086,"LINESTRING (77.8111882 23.5269424, 77.8121738 23.5268433)",
512878830,residential,False,True,30.794999999999998,"LINESTRING (77.8111882 23.5269424, 77.8111568 23.5267238, 77.8111474 23.526668)",
512878830,residential,False,True,2.68,"LINESTRING (77.8111916 23.5269663, 77.8111882 23.5269424)",
962339212,residential,False,True,30.665,"LINESTRING (77.8130615 23.5265897, 77.8127785 23.5264963)",
962339214,residential,False,True,56.326,"LINESTRING (77.8151697 23.5266782, 77.8151013 23.5265713, 77.8148627 23.5262574)",
962339215,residential,False,False,26.855,"LINESTRING (77.8148627 23.5262574, 77.8150736 23.5261127)",
962339215,residential,False,True,29.733,"LINESTRING (77.8148627 23.5262574, 77.8146292 23.5264176)",
962339214,residential,False,False,56.326,"LINESTRING (77.8148627 23.5262574, 77.8151013 23.5265713, 77.8151697 23.5266782)",
512891699,residential,False,True,5.168,"LINESTRING (77.8150736 23.5261127, 77.8150601 23.5260679)",
962339215,residential,False,True,26.855,"LINESTRING (77.8150736 23.5261127, 77.8148627 23.5262574)",
962339215,residential,False,False,29.733,"LINESTRING (77.8146292 23.5264176, 77.8148627 23.5262574)",
962339216,residential,False,True,25.543,"LINESTRING (77.8147472 23.5259749, 77.8145754 23.5258077)",
962339216,residential,False,False,58.488,"LINESTRING (77.814164 23.5254578, 77.8142309 23.5255691, 77.8142859 23.525622, 77.8143597 23.5256626, 77.8144723 23.5257216, 77.8145501 23.5257831, 77.8145754 23.5258077)",
962339217,residential,False,False,45.717999999999996,"LINESTRING (77.814164 23.5254578, 77.8140648 23.5255115, 77.8139093 23.5255664, 77.8137461 23.5255971)",
962339217,residential,False,True,22.244999999999997,"LINESTRING (77.814164 23.5254578, 77.8142083 23.5254338, 77.814336 23.5253355)",
962339217,residential,False,True,45.717999999999996,"LINESTRING (77.8137461 23.5255971, 77.8139093 23.5255664, 77.8140648 23.5255115, 77.814164 23.5254578)",
512550440,residential,False,False,22.217,"LINESTRING (77.814336 23.5253355, 77.8142108 23.5252347, 77.8141757 23.5252004)",
512550440,residential,False,True,33.975,"LINESTRING (77.814336 23.5253355, 77.8143825 23.5253736, 77.8145837 23.5255399)",
962339217,residential,False,False,22.244999999999997,"LINESTRING (77.814336 23.5253355, 77.8142083 23.5254338, 77.814164 23.5254578)",
512550440,residential,False,False,20.749000000000002,"LINESTRING (77.816066 23.5269479, 77.816041 23.5269022, 77.8159987 23.5268275, 77.8159672 23.5267851)",
962339222,residential,False,False,25.875,"LINESTRING (77.817159 23.5261792, 77.8170472 23.5263881)",
962339219,residential,False,True,68.011,"LINESTRING (77.817159 23.5261792, 77.8169332 23.5261126, 77.8167643 23.5261065, 77.8166248 23.5261102, 77.8165054 23.5261298)",
962339222,residential,False,True,23.643,"LINESTRING (77.817159 23.5261792, 77.817184 23.5261323, 77.8172095 23.5260708, 77.8172267 23.5259775)",
962339222,residential,False,True,25.875,"LINESTRING (77.8170472 23.5263881, 77.817159 23.5261792)",
962339220,residential,False,True,75.241,"LINESTRING (77.8172267 23.5259775, 77.8164895 23.5259459)",
962339222,residential,False,True,5.728,"LINESTRING (77.8172267 23.5259775, 77.817236 23.5259267)",
962339222,residential,False,False,23.643,"LINESTRING (77.8172267 23.5259775, 77.8172095 23.5260708, 77.817184 23.5261323, 77.817159 23.5261792)",
962339220,residential,False,False,75.241,"LINESTRING (77.8164895 23.5259459, 77.8172267 23.5259775)",
962339223,primary_link,False,False,20.513,"LINESTRING (77.8164895 23.5259459, 77.8165054 23.5261298)",
962339223,primary_link,False,True,16.866,"LINESTRING (77.8164895 23.5259459, 77.8164763 23.5257947)",
962339221,residential,False,True,56.563,"LINESTRING (77.8170311 23.5257954, 77.8164763 23.5257947)",
962339221,residential,False,False,56.563,"LINESTRING (77.8164763 23.5257947, 77.8170311 23.5257954)",
962339223,primary_link,False,False,16.866,"LINESTRING (77.8164763 23.5257947, 77.8164895 23.5259459)",
962339223,primary_link,False,True,2.265,"LINESTRING (77.8164763 23.5257947, 77.8164745 23.5257744)",
962339223,primary_link,False,False,3.971,"LINESTRING (77.8164601 23.5256073, 77.8164632 23.5256429)",
962339222,residential,False,False,99.859,"LINESTRING (77.8164601 23.5256073, 77.8169399 23.5256072, 77.8169923 23.5256146, 77.8170459 23.525638, 77.8171116 23.5256958, 77.8172082 23.5257941, 77.8172323 23.5258384, 77.817243 23.5258888, 77.817236 23.5259267)",
962339223,primary_link,False,True,38.103,"LINESTRING (77.8164601 23.5256073, 77.8164558 23.5255581, 77.8164598 23.5255298, 77.8164759 23.5255015, 77.8166422 23.5253613, 77.8166556 23.5253387)",
962339223,primary_link,False,True,20.513,"LINESTRING (77.8165054 23.5261298, 77.8164895 23.5259459)",
962339219,residential,False,False,68.011,"LINESTRING (77.8165054 23.5261298, 77.8166248 23.5261102, 77.8167643 23.5261065, 77.8169332 23.5261126, 77.817159 23.5261792)",
962339223,primary_link,False,False,68.209,"LINESTRING (77.8165054 23.5261298, 77.8165671 23.5263758, 77.8165926 23.5264422, 77.8166248 23.5264643, 77.8167012 23.5264766, 77.8168997 23.5264618)",
962339223,primary_link,False,False,38.103,"LINESTRING (77.8166556 23.5253387, 77.8166422 23.5253613, 77.8164759 23.5255015, 77.8164598 23.5255298, 77.8164558 23.5255581, 77.8164601 23.5256073)",
962339223,primary_link,False,True,17.549999999999997,"LINESTRING (77.8166556 23.5253387, 77.8166302 23.5253084, 77.8165572 23.5252847, 77.8165074 23.525268)",
964485513,residential,False,False,29.982999999999997,"LINESTRING (77.8166556 23.5253387, 77.8168387 23.5252721, 77.8169308 23.5252439)",
962339223,primary_link,False,False,24.715,"LINESTRING (77.8162755 23.5252051, 77.8163819 23.525226, 77.8165074 23.525268)",
962339223,primary_link,False,True,14.087,"LINESTRING (77.8162755 23.5252051, 77.8161994 23.5251902, 77.8161392 23.5251863)",
962339227,residential,False,True,29.664,"LINESTRING (77.8162755 23.5252051, 77.8163029 23.5251019, 77.8163123 23.5250637, 77.8163056 23.5250244, 77.8162808 23.524946)",
962339224,residential,False,False,77.912,"LINESTRING (77.8155546 23.5255999, 77.8162788 23.5256454, 77.8163169 23.525649)",
962339225,residential,False,False,40.495000000000005,"LINESTRING (77.8155546 23.5255999, 77.8155264 23.5256343, 77.8152136 23.5257788)",
962339225,residential,False,True,65.376,"LINESTRING (77.8155546 23.5255999, 77.8155693 23.5255507, 77.8155868 23.525397, 77.815576 23.5252433, 77.8155626 23.525226, 77.8155291 23.5252236, 77.815344 23.5252715)",
962339225,residential,False,False,65.376,"LINESTRING (77.815344 23.5252715, 77.8155291 23.5252236, 77.8155626 23.525226, 77.815576 23.5252433, 77.8155868 23.525397, 77.8155693 23.5255507, 77.8155546 23.5255999)",
962339223,primary_link,False,True,23.924,"LINESTRING (77.8155335 23.5247959, 77.8154916 23.5245842)",
962339223,primary_link,False,False,99.877,"LINESTRING (77.8155335 23.5247959, 77.8156109 23.5251867, 77.8156257 23.5252088, 77.8156619 23.5252174, 77.8158271 23.52519, 77.8160133 23.5251781, 77.8161392 23.5251863)",
962339226,residential,False,True,59.869,"LINESTRING (77.8155335 23.5247959, 77.8157557 23.5247413, 77.8160039 23.5247087, 77.8161103 23.5247058)",
962339226,residential,False,False,14.718,"LINESTRING (77.8162546 23.5247019, 77.8161103 23.5247058)",
962339227,residential,False,True,33.288,"LINESTRING (77.8162546 23.5247019, 77.8162929 23.5244046)",
962339227,residential,False,False,27.434000000000005,"LINESTRING (77.8162546 23.5247019, 77.816252 23.5248031, 77.8162721 23.5249186, 77.8162808 23.524946)",
512575491,tertiary,False,False,27.124,"LINESTRING (77.8162929 23.5244046, 77.8165574 23.5244308)",
512575491,tertiary,False,True,19.314,"LINESTRING (77.8162929 23.5244046, 77.8161037 23.5243959)",
962339227,residential,False,False,33.288,"LINESTRING (77.8162929 23.5244046, 77.8162546 23.5247019)",
512575491,tertiary,False,False,23.701,"LINESTRING (77.8158726 23.5243728, 77.8161037 23.5243959)",
1262882375,living_street,False,False,30.08,"LINESTRING (77.8158726 23.5243728, 77.8158759 23.5241023)",
512575491,tertiary,False,True,74.398,"LINESTRING (77.8158726 23.5243728, 77.815733 23.5243678, 77.8155519 23.5243653, 77.8153963 23.5243739, 77.8151448 23.5243992)",
962339229,living_street,False,True,46.884,"LINESTRING (77.8158759 23.5241023, 77.8154218 23.5240358)",
1262882375,living_street,False,False,12.805,"LINESTRING (77.8158759 23.5241023, 77.8158824 23.5239873)",
1262882375,living_street,False,True,30.08,"LINESTRING (77.8158759 23.5241023, 77.8158726 23.5243728)",
962339229,living_street,False,False,46.884,"LINESTRING (77.8154218 23.5240358, 77.8158759 23.5241023)",
962339132,residential,False,False,79.946,"LINESTRING (77.8153468 23.523459, 77.8159837 23.5238784)",
962339132,residential,False,True,154.887,"LINESTRING (77.8153468 23.523459, 77.8152086 23.5233681, 77.8151415 23.5233373, 77.8151013 23.5233299, 77.8150678 23.5233422, 77.8150463 23.523373, 77.8149836 23.5236325, 77.8149342 23.5238943, 77.8148984 23.5241581, 77.8148758 23.5244209)",
962339230,residential,False,True,106.733,"LINESTRING (77.8153468 23.523459, 77.8152114 23.5239603, 77.8151692 23.5241786, 77.8151448 23.5243992)",
512575491,tertiary,False,True,27.531,"LINESTRING (77.8151448 23.5243992, 77.8148758 23.5244209)",
512575491,tertiary,False,False,74.398,"LINESTRING (77.8151448 23.5243992, 77.8153963 23.5243739, 77.8155519 23.5243653, 77.815733 23.5243678, 77.8158726 23.5243728)",
962339230,residential,False,False,106.733,"LINESTRING (77.8151448 23.5243992, 77.8151692 23.5241786, 77.8152114 23.5239603, 77.8153468 23.523459)",
512575491,tertiary,False,False,27.531,"LINESTRING (77.8148758 23.5244209, 77.8151448 23.5243992)",
512575491,tertiary,False,True,44.776,"LINESTRING (77.8148758 23.5244209, 77.8144383 23.5244561)",
962339132,residential,False,False,154.88700000000003,"LINESTRING (77.8148758 23.5244209, 77.8148984 23.5241581, 77.8149342 23.5238943, 77.8149836 23.5236325, 77.8150463 23.523373, 77.8150678 23.5233422, 77.8151013 23.5233299, 77.8151415 23.5233373, 77.8152086 23.5233681, 77.8153468 23.523459)",
512571727,residential,False,False,58.316,"LINESTRING (77.8132647 23.5235136, 77.8134486 23.523017)",
512571727,residential,False,True,33.741,"LINESTRING (77.8132647 23.5235136, 77.8132394 23.5235818, 77.8131582 23.5238009)",
962339231,residential,False,True,76.27699999999999,"LINESTRING (77.8132647 23.5235136, 77.8131708 23.5234966, 77.813099 23.5234904, 77.8129971 23.5234984, 77.8128865 23.5235058, 77.8127383 23.5235224, 77.8125239 23.5235578)",
512571727,residential,False,True,58.316,"LINESTRING (77.8134486 23.523017, 77.8132647 23.5235136)",
962339232,residential,False,True,48.984,"LINESTRING (77.8134486 23.523017, 77.8129971 23.5228664)",
512571727,residential,False,False,26.927,"LINESTRING (77.8134486 23.523017, 77.813496 23.5228889, 77.8135335 23.5227877)",
962339232,residential,False,False,48.984,"LINESTRING (77.8129971 23.5228664, 77.8134486 23.523017)",
512572084,tertiary,False,False,3.058,"LINESTRING (77.8129002 23.5225142, 77.812873 23.5225026)",
512572084,tertiary,False,True,71.372,"LINESTRING (77.8129002 23.5225142, 77.8129339 23.5225286, 77.8135335 23.5227877)",
962339233,residential,False,True,54.253,"LINESTRING (77.8129002 23.5225142, 77.812749 23.5227532, 77.8127168 23.5227692, 77.812686 23.5227668, 77.8125343 23.5227115)",
512573606,residential,False,False,20.863,"LINESTRING (77.8125343 23.5227115, 77.8124751 23.5228911)",
512573606,residential,False,True,36.005,"LINESTRING (77.8125343 23.5227115, 77.8126363 23.5224015)",
962339130,residential,False,True,94.22,"LINESTRING (77.8125343 23.5227115, 77.8116508 23.522463)",
962339233,residential,False,False,54.253,"LINESTRING (77.8125343 23.5227115, 77.812686 23.5227668, 77.8127168 23.5227692, 77.812749 23.5227532, 77.8129002 23.5225142)",
512572084,tertiary,False,True,3.717,"LINESTRING (77.8126034 23.5223871, 77.8126363 23.5224015)",
962339234,residential,False,True,55.081,"LINESTRING (77.8126034 23.5223871, 77.8128254 23.5219355)",
512572084,tertiary,False,False,64.637,"LINESTRING (77.8126034 23.5223871, 77.8121455 23.5221863, 77.8120309 23.5221374)",
962339234,residential,False,False,55.081,"LINESTRING (77.8128254 23.5219355, 77.8126034 23.5223871)",
962339235,residential,False,True,66.531,"LINESTRING (77.8123333 23.5216072, 77.8120309 23.5221374)",
962339235,residential,False,False,66.531,"LINESTRING (77.8120309 23.5221374, 77.8123333 23.5216072)",
512572084,tertiary,False,False,59.852999999999994,"LINESTRING (77.8120309 23.5221374, 77.8117968 23.5220376, 77.8114986 23.5219104)",
512572084,tertiary,False,True,64.637,"LINESTRING (77.8120309 23.5221374, 77.8121455 23.5221863, 77.8126034 23.5223871)",
512573606,residential,False,True,20.863,"LINESTRING (77.8124751 23.5228911, 77.8125343 23.5227115)",
512573606,residential,False,False,85.089,"LINESTRING (77.8124751 23.5228911, 77.81234 23.5233017, 77.8122997 23.523448, 77.8122582 23.5235464, 77.8122058 23.5236103)",
962339236,residential,False,True,89.30300000000001,"LINESTRING (77.8124751 23.5228911, 77.8117874 23.5227372, 77.8117445 23.5227163, 77.811719 23.5226807, 77.8116935 23.522618)",
962339236,residential,False,False,63.376,"LINESTRING (77.8114986 23.5219104, 77.8116508 23.522463)",
512572084,tertiary,False,False,105.73800000000001,"LINESTRING (77.8114986 23.5219104, 77.8112 23.521783, 77.8106005 23.5215199, 77.810562 23.5215021)",
512572084,tertiary,False,True,59.852999999999994,"LINESTRING (77.8114986 23.5219104, 77.8117968 23.5220376, 77.8120309 23.5221374)",
512272080,tertiary,False,True,49.334,"LINESTRING (77.8127016 23.5239677, 77.8122499 23.5241268)",
962343568,residential,False,True,49.048,"LINESTRING (77.8127016 23.5239677, 77.8125239 23.5235578)",
512272080,tertiary,False,False,50.113,"LINESTRING (77.8127016 23.5239677, 77.8128465 23.5239167, 77.8131582 23.5238009)",
962339231,residential,False,True,32.953,"LINESTRING (77.8125239 23.5235578, 77.8122058 23.5236103)",
962343568,residential,False,False,49.048,"LINESTRING (77.8125239 23.5235578, 77.8127016 23.5239677)",
962339231,residential,False,False,76.27699999999999,"LINESTRING (77.8125239 23.5235578, 77.8127383 23.5235224, 77.8128865 23.5235058, 77.8129971 23.5234984, 77.813099 23.5234904, 77.8131708 23.5234966, 77.8132647 23.5235136)",
962343570,residential,False,True,19.558,"LINESTRING (77.8119005 23.5259722, 77.8117097 23.525954)",
962339184,residential,False,False,106.937,"LINESTRING (77.8119005 23.5259722, 77.8119182 23.5261077, 77.8119262 23.5261378, 77.8119443 23.5261581, 77.8119752 23.5261636, 77.8120121 23.5261655, 77.812348 23.5261643, 77.8124638 23.5261731, 77.8124846 23.5261872, 77.8124969 23.5262176, 77.8125423 23.5264485)",
962339184,residential,False,True,128.737,"LINESTRING (77.8119005 23.5259722, 77.8118887 23.5258814, 77.8118518 23.5254781, 77.8118277 23.52514, 77.8118108 23.5248176)",
962343571,residential,False,True,31.035,"LINESTRING (77.8118693 23.5265449, 77.8117458 23.5262898)",
962339185,residential,False,False,68.031,"LINESTRING (77.8117458 23.5262898, 77.8110786 23.5262992)",
962339185,residential,False,True,18.741,"LINESTRING (77.8117458 23.5262898, 77.8119296 23.5262872)",
962343571,residential,False,False,31.035,"LINESTRING (77.8117458 23.5262898, 77.8118693 23.5265449)",
962343573,residential,False,True,52.335,"LINESTRING (77.8162238 23.5263118, 77.8160954 23.5267675)",
962343573,residential,False,False,52.335,"LINESTRING (77.8160954 23.5267675, 77.8162238 23.5263118)",
962343574,residential,False,True,13.216,"LINESTRING (77.8160954 23.5267675, 77.8159672 23.5267851)",
962343574,residential,False,False,65.22399999999999,"LINESTRING (77.8160954 23.5267675, 77.8163606 23.5267311, 77.8164813 23.5267336, 77.8166167 23.5267643, 77.8167066 23.5268246)",
962343574,residential,False,True,65.22399999999999,"LINESTRING (77.8167066 23.5268246, 77.8166167 23.5267643, 77.8164813 23.5267336, 77.8163606 23.5267311, 77.8160954 23.5267675)",
964485518,residential,False,False,76.509,"LINESTRING (77.8167066 23.5268246, 77.8169627 23.5266869, 77.8171532 23.5266143, 77.8172001 23.5266131, 77.8172685 23.5266266, 77.8173879 23.5266746)",
962343574,residential,False,False,13.216,"LINESTRING (77.8159672 23.5267851, 77.8160954 23.5267675)",
512550440,residential,False,False,82.282,"LINESTRING (77.8159672 23.5267851, 77.8159524 23.5267652, 77.8158968 23.5267063, 77.8158093 23.5266365, 77.8155814 23.5264631, 77.8155372 23.5264237, 77.8154916 23.5263585, 77.8154165 23.5262528)",
512550440,residential,False,True,20.749,"LINESTRING (77.8159672 23.5267851, 77.8159987 23.5268275, 77.816041 23.5269022, 77.816066 23.5269479)",
962339223,primary_link,False,False,2.265,"LINESTRING (77.8164745 23.5257744, 77.8164763 23.5257947)",
962339223,primary_link,False,True,14.667,"LINESTRING (77.8164745 23.5257744, 77.8164632 23.5256429)",
512550490,residential,False,True,128.494,"LINESTRING (77.8164745 23.5257744, 77.8162774 23.5257818, 77.8162184 23.5258138, 77.8161836 23.525863, 77.816087 23.5260093, 77.815969 23.5261138, 77.815851 23.5261729, 77.8157155 23.5262159, 77.8155908 23.526238, 77.8154916 23.5262442, 77.8154165 23.5262528)",
962339223,primary_link,False,False,14.667,"LINESTRING (77.8164632 23.5256429, 77.8164745 23.5257744)",
962339223,primary_link,False,True,3.971,"LINESTRING (77.8164632 23.5256429, 77.8164601 23.5256073)",
962339224,residential,False,True,14.959000000000001,"LINESTRING (77.8164632 23.5256429, 77.81637 23.5256503, 77.8163311 23.5256503, 77.8163169 23.525649)",
962343575,residential,False,True,16.313,"LINESTRING (77.8162808 23.524946, 77.8161208 23.5249474)",
962339227,residential,False,False,29.664,"LINESTRING (77.8162808 23.524946, 77.8163056 23.5250244, 77.8163123 23.5250637, 77.8163029 23.5251019, 77.8162755 23.5252051)",
962339227,residential,False,True,27.434,"LINESTRING (77.8162808 23.524946, 77.8162721 23.5249186, 77.816252 23.5248031, 77.8162546 23.5247019)",
962343575,residential,False,False,38.856,"LINESTRING (77.8157397 23.5249506, 77.8161208 23.5249474)",
962339223,primary_link,False,False,23.924,"LINESTRING (77.8154916 23.5245842, 77.8155335 23.5247959)",
962823797,residential,False,True,133.53,"LINESTRING (77.8137669 23.5262479, 77.8137025 23.5259638, 77.8136945 23.5259331, 77.8136824 23.5259183, 77.8136408 23.5259122, 77.8135966 23.525906, 77.8135805 23.5258913, 77.8135738 23.5258409, 77.8135429 23.5256466, 77.8135335 23.5256085, 77.813504 23.5255863, 77.8134651 23.5255777, 77.813331 23.5255667, 77.8132895 23.525563, 77.8132533 23.525547, 77.8131258 23.5253801)",
512550751,residential,False,False,84.715,"LINESTRING (77.8131258 23.5253801, 77.8131887 23.5253459, 77.8138301 23.5249759)",
"[512551016, 512550751]",residential,False,"[False, True]",48.971999999999994,"LINESTRING (77.8131258 23.5253801, 77.8130789 23.5254055, 77.8127234 23.5256205)",
962823797,residential,False,False,133.53,"LINESTRING (77.8131258 23.5253801, 77.8132533 23.525547, 77.8132895 23.525563, 77.813331 23.5255667, 77.8134651 23.5255777, 77.813504 23.5255863, 77.8135335 23.5256085, 77.8135429 23.5256466, 77.8135738 23.5258409, 77.8135805 23.5258913, 77.8135966 23.525906, 77.8136408 23.5259122, 77.8136824 23.5259183, 77.8136945 23.5259331, 77.8137025 23.5259638, 77.8137669 23.5262479)",
962339216,residential,False,False,25.543,"LINESTRING (77.8145754 23.5258077, 77.8147472 23.5259749)",
962823798,residential,False,True,20.696,"LINESTRING (77.8145754 23.5258077, 77.8147156 23.5256731)",
962339216,residential,False,True,58.488,"LINESTRING (77.8145754 23.5258077, 77.8145501 23.5257831, 77.8144723 23.5257216, 77.8143597 23.5256626, 77.8142859 23.525622, 77.8142309 23.5255691, 77.814164 23.5254578)",
512550440,residential,False,False,20.005,"LINESTRING (77.8147156 23.5256731, 77.8145837 23.5255399)",
962823798,residential,False,False,20.696,"LINESTRING (77.8147156 23.5256731, 77.8145754 23.5258077)",
512550440,residential,False,True,35.826,"LINESTRING (77.8147156 23.5256731, 77.8147539 23.5257118, 77.8149371 23.5259231)",
962339225,residential,False,False,32.436,"LINESTRING (77.8152136 23.5257788, 77.8149371 23.5259231)",
962339225,residential,False,True,40.495000000000005,"LINESTRING (77.8152136 23.5257788, 77.8155264 23.5256343, 77.8155546 23.5255999)",
962823799,residential,False,True,54.795,"LINESTRING (77.8152136 23.5257788, 77.8150906 23.5255531, 77.8149778 23.525336)",
962823799,residential,False,False,27.808,"LINESTRING (77.814872 23.5251055, 77.8149778 23.525336)",
512550440,residential,False,True,20.408,"LINESTRING (77.8149371 23.5259231, 77.8150601 23.5260679)",
962339225,residential,False,True,32.436,"LINESTRING (77.8149371 23.5259231, 77.8152136 23.5257788)",
512550440,residential,False,False,35.826,"LINESTRING (77.8149371 23.5259231, 77.8147539 23.5257118, 77.8147156 23.5256731)",
1262808582,residential,False,True,1.653,"LINESTRING (77.8175447 23.5251575, 77.8175585 23.5251497)",
964485513,residential,False,True,52.441,"LINESTRING (77.8175447 23.5251575, 77.8174724 23.5251504, 77.8173772 23.5251487, 77.8171843 23.5251773, 77.8170384 23.5252131)",
1262808582,residential,False,False,24.772,"LINESTRING (77.8175447 23.5251575, 77.8175347 23.5251788, 77.8175274 23.5252162, 77.8175463 23.5253548, 77.8175514 23.5253762)",
512575491,tertiary,False,True,43.783,"LINESTRING (77.8176515 23.5248239, 77.8172812 23.5246245)",
964485511,residential,False,True,37.448,"LINESTRING (77.8176515 23.5248239, 77.8175585 23.5251497)",
512575491,tertiary,False,False,35.825,"LINESTRING (77.8176515 23.5248239, 77.8178566 23.5249715, 77.8179235 23.5250276)",
964206402,residential,False,False,97.262,"LINESTRING (77.8113113 23.5220941, 77.8104494 23.5217192)",
959999747,residential,False,False,24.609,"LINESTRING (77.8137967 23.5245333, 77.8140275 23.5244685)",
959999747,residential,False,True,60.295,"LINESTRING (77.8137967 23.5245333, 77.8132312 23.524692)",
964206403,residential,False,True,49.333,"LINESTRING (77.8137967 23.5245333, 77.8138301 23.5249759)",
512551879,tertiary,False,False,21.788,"LINESTRING (77.8127341 23.5258162, 77.8127234 23.5256205)",
512551879,tertiary,False,True,76.076,"LINESTRING (77.8127341 23.5258162, 77.8127249 23.5261102, 77.8127396 23.5263167, 77.8127613 23.526417, 77.8127785 23.5264963)",
964206404,residential,False,True,71.745,"LINESTRING (77.8127341 23.5258162, 77.8126243 23.5258212, 77.8125787 23.5258163, 77.8123681 23.5257241, 77.8123319 23.5257253, 77.8123051 23.5257376, 77.8121978 23.5259429)",
964206404,residential,False,False,71.745,"LINESTRING (77.8121978 23.5259429, 77.8123051 23.5257376, 77.8123319 23.5257253, 77.8123681 23.5257241, 77.8125787 23.5258163, 77.8126243 23.5258212, 77.8127341 23.5258162)",
964206405,residential,False,True,72.756,"LINESTRING (77.8115639 23.5252428, 77.8108654 23.5253768)",
512551546,residential,False,False,80.82600000000001,"LINESTRING (77.8115639 23.5252428, 77.8116077 23.5253564, 77.8116587 23.5255347, 77.8116761 23.5256367, 77.8116896 23.5257437, 77.8117097 23.525954)",
512551546,residential,False,True,73.553,"LINESTRING (77.8115639 23.5252428, 77.811538 23.5251756, 77.8114682 23.5249789, 77.8114716 23.5249438, 77.8114864 23.5249118, 77.8115145 23.5248946, 77.8118108 23.5248176)",
512878830,residential,False,False,75.451,"LINESTRING (77.8108654 23.5253768, 77.8110229 23.5260398)",
512878830,residential,False,True,5.962,"LINESTRING (77.8108654 23.5253768, 77.810853 23.5253244)",
964206405,residential,False,False,72.756,"LINESTRING (77.8108654 23.5253768, 77.8115639 23.5252428)",
964485511,residential,False,False,37.448,"LINESTRING (77.8175585 23.5251497, 77.8176515 23.5248239)",
1262808582,residential,False,False,1.653,"LINESTRING (77.8175585 23.5251497, 77.8175447 23.5251575)",
1262808582,residential,False,True,37.12,"LINESTRING (77.8175585 23.5251497, 77.817577 23.5251394, 77.8178445 23.5251166, 77.8178747 23.5251025, 77.8179015 23.5250754)",
1262808582,residential,False,True,5.769,"LINESTRING (77.8179015 23.5250754, 77.8179235 23.5250276)",
1262808582,residential,False,False,37.12,"LINESTRING (77.8179015 23.5250754, 77.8178747 23.5251025, 77.8178445 23.5251166, 77.817577 23.5251394, 77.8175585 23.5251497)",
964485512,residential,False,False,69.974,"LINESTRING (77.8170384 23.5252131, 77.8172812 23.5246245)",
964485513,residential,False,False,52.441,"LINESTRING (77.8170384 23.5252131, 77.8171843 23.5251773, 77.8173772 23.5251487, 77.8174724 23.5251504, 77.8175447 23.5251575)",
964485513,residential,False,True,11.497,"LINESTRING (77.8170384 23.5252131, 77.8170029 23.5252218, 77.8169308 23.5252439)",
964485515,residential,False,False,18.714,"LINESTRING (77.8175305 23.5260155, 77.8177049 23.526068)",
964485515,residential,False,True,31.607,"LINESTRING (77.8175305 23.5260155, 77.817236 23.5259267)",
964485514,residential,False,True,74.841,"LINESTRING (77.8175305 23.5260155, 77.817475 23.5258569, 77.8174616 23.5258175, 77.8174362 23.5257794, 77.8170955 23.5254978)",
964485514,residential,False,False,74.841,"LINESTRING (77.8170955 23.5254978, 77.8174362 23.5257794, 77.8174616 23.5258175, 77.817475 23.5258569, 77.8175305 23.5260155)",
964485515,residential,False,True,18.714,"LINESTRING (77.8177049 23.526068, 77.8175305 23.5260155)",
1262808582,residential,False,False,36.026,"LINESTRING (77.8177049 23.526068, 77.8177274 23.526195, 77.8177777 23.5263848)",
1262808582,residential,False,True,78.52000000000001,"LINESTRING (77.8177049 23.526068, 77.8176747 23.525898, 77.8175514 23.5253762)",
962339222,residential,False,False,5.728,"LINESTRING (77.817236 23.5259267, 77.8172267 23.5259775)",
964485515,residential,False,False,31.607,"LINESTRING (77.817236 23.5259267, 77.8175305 23.5260155)",
962339222,residential,False,True,99.85900000000001,"LINESTRING (77.817236 23.5259267, 77.817243 23.5258888, 77.8172323 23.5258384, 77.8172082 23.5257941, 77.8171116 23.5256958, 77.8170459 23.525638, 77.8169923 23.5256146, 77.8169399 23.5256072, 77.8164601 23.5256073)",
964485516,residential,False,True,57.618,"LINESTRING (77.8181134 23.5254142, 77.8179377 23.5253859, 77.817864 23.5253785, 77.8175514 23.5253762)",
964485516,residential,False,False,57.617999999999995,"LINESTRING (77.8175514 23.5253762, 77.817864 23.5253785, 77.8179377 23.5253859, 77.8181134 23.5254142)",
1262808582,residential,False,False,78.52000000000001,"LINESTRING (77.8175514 23.5253762, 77.8176747 23.525898, 77.8177049 23.526068)",
1262808582,residential,False,True,24.772,"LINESTRING (77.8175514 23.5253762, 77.8175463 23.5253548, 77.8175274 23.5252162, 77.8175347 23.5251788, 77.8175447 23.5251575)",
1262808582,residential,False,False,51.402,"LINESTRING (77.8177963 23.5264607, 77.8178797 23.5269166)",
1262808582,residential,False,True,8.653,"LINESTRING (77.8177963 23.5264607, 77.8177898 23.5264303, 77.8177777 23.5263848)",
964485518,residential,False,True,76.509,"LINESTRING (77.8173879 23.5266746, 77.8172685 23.5266266, 77.8172001 23.5266131, 77.8171532 23.5266143, 77.8169627 23.5266869, 77.8167066 23.5268246)",
962339223,primary_link,False,True,68.209,"LINESTRING (77.8168997 23.5264618, 77.8167012 23.5264766, 77.8166248 23.5264643, 77.8165926 23.5264422, 77.8165671 23.5263758, 77.8165054 23.5261298)",
964485519,residential,False,True,32.179,"LINESTRING (77.8177777 23.5263848, 77.8176199 23.5264151, 77.8175662 23.5264385, 77.8174952 23.5264963)",
1262808582,residential,False,False,8.653,"LINESTRING (77.8177777 23.5263848, 77.8177898 23.5264303, 77.8177963 23.5264607)",
1262808582,residential,False,True,36.026,"LINESTRING (77.8177777 23.5263848, 77.8177274 23.526195, 77.8177049 23.526068)",
964485519,residential,False,False,32.179,"LINESTRING (77.8174952 23.5264963, 77.8175662 23.5264385, 77.8176199 23.5264151, 77.8177777 23.5263848)",
964485520,residential,False,True,67.342,"LINESTRING (77.8178797 23.5269166, 77.817235 23.5270484)",
1262808582,residential,False,True,51.402,"LINESTRING (77.8178797 23.5269166, 77.8177963 23.5264607)",
964485520,residential,False,False,67.342,"LINESTRING (77.817235 23.5270484, 77.8178797 23.5269166)",
1049622049,residential,False,False,26.631,"LINESTRING (77.8161392 23.5251863, 77.8161208 23.5249474)",
962339223,primary_link,False,False,14.087,"LINESTRING (77.8161392 23.5251863, 77.8161994 23.5251902, 77.8162755 23.5252051)",
962339223,primary_link,False,True,99.87700000000001,"LINESTRING (77.8161392 23.5251863, 77.8160133 23.5251781, 77.8158271 23.52519, 77.8156619 23.5252174, 77.8156257 23.5252088, 77.8156109 23.5251867, 77.8155335 23.5247959)",
962343575,residential,False,False,16.313,"LINESTRING (77.8161208 23.5249474, 77.8162808 23.524946)",
962343575,residential,False,True,38.856,"LINESTRING (77.8161208 23.5249474, 77.8157397 23.5249506)",
1049622049,residential,False,False,26.886,"LINESTRING (77.8161208 23.5249474, 77.8161103 23.5247058)",
1049622049,residential,False,True,26.631,"LINESTRING (77.8161208 23.5249474, 77.8161392 23.5251863)",
962339226,residential,False,True,14.718,"LINESTRING (77.8161103 23.5247058, 77.8162546 23.5247019)",
1049622049,residential,False,False,34.466,"LINESTRING (77.8161103 23.5247058, 77.8161037 23.5243959)",
1049622049,residential,False,True,26.886,"LINESTRING (77.8161103 23.5247058, 77.8161208 23.5249474)",
962339226,residential,False,False,59.869,"LINESTRING (77.8161103 23.5247058, 77.8160039 23.5247087, 77.8157557 23.5247413, 77.8155335 23.5247959)",
512575491,tertiary,False,False,19.314,"LINESTRING (77.8161037 23.5243959, 77.8162929 23.5244046)",
512575491,tertiary,False,True,23.701,"LINESTRING (77.8161037 23.5243959, 77.8158726 23.5243728)",
1049622049,residential,False,True,34.466,"LINESTRING (77.8161037 23.5243959, 77.8161103 23.5247058)",
962339224,residential,False,False,14.959,"LINESTRING (77.8163169 23.525649, 77.8163311 23.5256503, 77.81637 23.5256503, 77.8164632 23.5256429)",
962339224,residential,False,True,77.912,"LINESTRING (77.8163169 23.525649, 77.8162788 23.5256454, 77.8155546 23.5255999)",
1049622050,residential,False,False,46.719,"LINESTRING (77.8163169 23.525649, 77.8164061 23.525505, 77.8165074 23.525268)",
962339223,primary_link,False,False,17.549999999999997,"LINESTRING (77.8165074 23.525268, 77.8165572 23.5252847, 77.8166302 23.5253084, 77.8166556 23.5253387)",
962339223,primary_link,False,True,24.715,"LINESTRING (77.8165074 23.525268, 77.8163819 23.525226, 77.8162755 23.5252051)",
1049622050,residential,False,True,46.719,"LINESTRING (77.8165074 23.525268, 77.8164061 23.525505, 77.8163169 23.525649)",
964485513,residential,False,False,11.497,"LINESTRING (77.8169308 23.5252439, 77.8170029 23.5252218, 77.8170384 23.5252131)",
964485513,residential,False,True,29.982999999999997,"LINESTRING (77.8169308 23.5252439, 77.8168387 23.5252721, 77.8166556 23.5253387)",
1049622051,residential,False,False,6.997,"LINESTRING (77.8169308 23.5252439, 77.8169356 23.5252176, 77.816951 23.5251842)",
1049622051,residential,False,True,6.997,"LINESTRING (77.816951 23.5251842, 77.8169356 23.5252176, 77.8169308 23.5252439)",
1070310418,unclassified,False,True,30.064,"LINESTRING (77.8101593 23.5212938, 77.8100252 23.5215346)",1
512572084,tertiary,False,True,47.247,"LINESTRING (77.8101593 23.5212938, 77.8102814 23.5213723, 77.810562 23.5215021)",
1262882368,residential,False,True,55.265,"LINESTRING (77.8131752 23.52209, 77.812873 23.5225026)",
512572084,tertiary,False,False,26.623,"LINESTRING (77.812873 23.5225026, 77.8126363 23.5224015)",
512572084,tertiary,False,True,3.058,"LINESTRING (77.812873 23.5225026, 77.8129002 23.5225142)",
1262882368,residential,False,False,55.265,"LINESTRING (77.812873 23.5225026, 77.8131752 23.52209)",
959999746,residential,False,True,49.29,"LINESTRING (77.8138511 23.5224339, 77.813614 23.5228202)",
512575491,tertiary,False,True,27.124,"LINESTRING (77.8165574 23.5244308, 77.8162929 23.5244046)",
1262882369,residential,False,False,36.227,"LINESTRING (77.8165574 23.5244308, 77.8166477 23.5241157)",
512575491,tertiary,False,False,77.21099999999998,"LINESTRING (77.8165574 23.5244308, 77.8166587 23.5244408, 77.8166935 23.5244442, 77.8170198 23.52453, 77.8172812 23.5246245)",
1262882369,residential,False,True,36.227,"LINESTRING (77.8166477 23.5241157, 77.8165574 23.5244308)",
1262882375,living_street,False,True,12.805,"LINESTRING (77.8158824 23.5239873, 77.8158759 23.5241023)",
