osmid,name,highway,oneway,reversed,length,geometry,maxspeed,ref,lanes,tunnel,junction,bridge,access
25848809,Rue des Grives,residential,False,False,17.05,"LINESTRING (3.0197958 42.5480287, 3.0198058 42.5480013, 3.0198788 42.5478885)",,,,,,,
354320214,Avenue du 11 Novembre 1918,residential,False,True,0.429,"LINESTRING (3.020198 42.5476028, 3.0201937 42.5476006)",,,,,,,
"[219942904, 219942913, 219942903]",,residential,False,False,66.988,"LINESTRING (3.020198 42.5476028, 3.0202206 42.5476439, 3.0203585 42.5478157, 3.0205316 42.5480315, 3.0205698 42.5481356)",,,,,,,
"[765465913, 354320214]",Avenue du 11 Novembre 1918,residential,False,False,63.907,"LINESTRING (3.020198 42.5476028, 3.0206148 42.5477154, 3.0208512 42.5478188, 3.0209039 42.5478418)",30,,,,,,
25848794,Avenue de la Gare,tertiary,True,False,15.045,"LINESTRING (3.022302 42.5458195, 3.0221855 42.5457662, 3.022146 42.5457481)",30,D 2,,,,,
292188584,Route Nationale,secondary,True,False,75.19,"LINESTRING (3.022302 42.5458195, 3.0224729 42.5457063, 3.0229767 42.5453611)",30,D 114,1,,,,
"[311844784, 63369332, 63369317]",Rue du Repos,tertiary,False,True,74.99700000000001,"LINESTRING (3.0205397 42.5443534, 3.0207294 42.544486, 3.0208687 42.5446061, 3.0209211 42.5446666, 3.0210713 42.5447753, 3.0211651 42.5448433)",30,D 2,,yes,,,
63369351,Route de Notre-Dame-de-Vie,residential,False,True,40.994,"LINESTRING (3.0205397 42.5443534, 3.0204681 42.544275, 3.0203035 42.5441147, 3.0202409 42.5440579)",,,,,,,
311844780,Avenue de la Gare,residential,True,False,32.68,"LINESTRING (3.0217076 42.5451239, 3.0217791 42.5451052, 3.0218254 42.545052, 3.0219296 42.5449158, 3.0219436 42.5449005)",30,,,,,,
518304784,Avenue de la Gare,tertiary,False,True,10.988,"LINESTRING (3.0217076 42.5451239, 3.021656 42.5451261, 3.021616 42.5451153, 3.0215789 42.5451046)",30,D 2,,,,,
25848884,Rue d'Alembert,residential,False,False,34.752,"LINESTRING (3.0215001 42.5452928, 3.0215434 42.5456037)",30,,,,,,
25848911,Rue Jean-Jacques Rousseau,residential,False,True,29.664,"LINESTRING (3.0215001 42.5452928, 3.0211422 42.5452523)",30,,,,,,
25848884,Rue d'Alembert,residential,False,True,18.583000000000002,"LINESTRING (3.0215001 42.5452928, 3.0214871 42.5451577, 3.0215056 42.5451291)",30,,,,,,
25848905,Rue Voltaire,residential,False,False,48.199,"LINESTRING (3.0211651 42.5448433, 3.0208469 42.5452079)",30,,,,,,
"[311844784, 63369332, 63369317]",Rue du Repos,tertiary,False,False,74.997,"LINESTRING (3.0211651 42.5448433, 3.0210713 42.5447753, 3.0209211 42.5446666, 3.0208687 42.5446061, 3.0207294 42.544486, 3.0205397 42.5443534)",30,D 2,,yes,,,
311844784,Rue du Repos,tertiary,False,True,36.894,"LINESTRING (3.0211651 42.5448433, 3.0212005 42.5448543, 3.0214482 42.5449751, 3.0214865 42.5450152, 3.021505 42.5450481)",30,D 2,,,,,
25848905,Rue Voltaire,residential,False,True,48.199,"LINESTRING (3.0208469 42.5452079, 3.0211651 42.5448433)",30,,,,,,
25848911,Rue Jean-Jacques Rousseau,residential,False,False,4.114,"LINESTRING (3.0208469 42.5452079, 3.0208948 42.545219)",30,,,,,,
25848911,Rue Jean-Jacques Rousseau,residential,False,True,31.947,"LINESTRING (3.0208469 42.5452079, 3.0208145 42.5452081, 3.0205122 42.5450674)",30,,,,,,
25848911,Rue Jean-Jacques Rousseau,residential,False,False,14.252,"LINESTRING (3.0203634 42.545001, 3.0205122 42.5450674)",30,,,,,,
25848884,Rue d'Alembert,residential,False,False,12.496,"LINESTRING (3.0215434 42.5456037, 3.0215719 42.5457141)",30,,,,,,
25848884,Rue d'Alembert,residential,False,True,34.752,"LINESTRING (3.0215434 42.5456037, 3.0215001 42.5452928)",30,,,,,,
25848924,Rue de la Résistance,residential,False,True,28.436999999999998,"LINESTRING (3.0215434 42.5456037, 3.0213804 42.5456185, 3.0212708 42.5456021, 3.0211999 42.5455987)",30,,,,,,
25848898,Rue Maréchal Joffre,residential,True,False,13.331,"LINESTRING (3.0198226 42.5455505, 3.0196981 42.5454733)",30,,,,,,
25848924,Rue de la Résistance,residential,False,False,27.563,"LINESTRING (3.0198226 42.5455505, 3.0199112 42.5455146, 3.0199929 42.5455107, 3.0201457 42.5455212)",30,,,,,,
25848924,Rue de la Résistance,residential,False,True,35.165,"LINESTRING (3.0205703 42.5455676, 3.0201457 42.5455212)",30,,,,,,
25848891,Rue Lavoisier,residential,False,True,48.426,"LINESTRING (3.0205703 42.5455676, 3.0206599 42.5454462, 3.020658 42.5454177, 3.0203541 42.545269)",30,,,,,,
25848924,Rue de la Résistance,residential,False,False,27.639,"LINESTRING (3.0205703 42.5455676, 3.0206629 42.5455773, 3.0209066 42.5455838)",30,,,,,,
25848889,Rue Diderot,residential,False,False,40.575,"LINESTRING (3.0209066 42.5455838, 3.0208948 42.545219)",30,,,,,,
25848924,Rue de la Résistance,residential,False,False,24.265,"LINESTRING (3.0209066 42.5455838, 3.0211472 42.5455857, 3.0211999 42.5455987)",30,,,,,,
25848924,Rue de la Résistance,residential,False,True,27.639,"LINESTRING (3.0209066 42.5455838, 3.0206629 42.5455773, 3.0205703 42.5455676)",30,,,,,,
25848889,Rue Diderot,residential,False,True,40.575,"LINESTRING (3.0208948 42.545219, 3.0209066 42.5455838)",30,,,,,,
25848911,Rue Jean-Jacques Rousseau,residential,False,False,20.603,"LINESTRING (3.0208948 42.545219, 3.0211422 42.5452523)",30,,,,,,
25848911,Rue Jean-Jacques Rousseau,residential,False,True,4.114,"LINESTRING (3.0208948 42.545219, 3.0208469 42.5452079)",30,,,,,,
25848917,Rue Montesquieu,residential,False,False,32.831,"LINESTRING (3.0201457 42.5455212, 3.0203541 42.545269)",30,,,,,,
25848924,Rue de la Résistance,residential,False,False,35.165,"LINESTRING (3.0201457 42.5455212, 3.0205703 42.5455676)",30,,,,,,
25848924,Rue de la Résistance,residential,False,True,27.563000000000002,"LINESTRING (3.0201457 42.5455212, 3.0199929 42.5455107, 3.0199112 42.5455146, 3.0198226 42.5455505)",30,,,,,,
25848911,Rue Jean-Jacques Rousseau,residential,False,True,14.252,"LINESTRING (3.0205122 42.5450674, 3.0203634 42.545001)",30,,,,,,
25848917,Rue Montesquieu,residential,False,True,25.89,"LINESTRING (3.0205122 42.5450674, 3.0203541 42.545269)",30,,,,,,
25848911,Rue Jean-Jacques Rousseau,residential,False,False,31.947,"LINESTRING (3.0205122 42.5450674, 3.0208145 42.5452081, 3.0208469 42.5452079)",30,,,,,,
25848917,Rue Montesquieu,residential,False,False,25.89,"LINESTRING (3.0203541 42.545269, 3.0205122 42.5450674)",30,,,,,,
25848917,Rue Montesquieu,residential,False,True,32.831,"LINESTRING (3.0203541 42.545269, 3.0201457 42.5455212)",30,,,,,,
25848891,Rue Lavoisier,residential,False,False,48.426,"LINESTRING (3.0203541 42.545269, 3.020658 42.5454177, 3.0206599 42.5454462, 3.0205703 42.5455676)",30,,,,,,
25848884,Rue d'Alembert,residential,False,True,138.72899999999998,"LINESTRING (3.0209655 42.5469113, 3.0211434 42.5465964, 3.0212142 42.5465051, 3.0214754 42.5461679, 3.0215429 42.5460174, 3.0215716 42.5458364, 3.0215724 42.545764)",30,,,,,,
25848886,Rue du Labyrinthe,residential,False,False,38.807,"LINESTRING (3.0211422 42.5452523, 3.0211999 42.5455987)",30,,,,,,
25848911,Rue Jean-Jacques Rousseau,residential,False,False,29.664,"LINESTRING (3.0211422 42.5452523, 3.0215001 42.5452928)",30,,,,,,
25848911,Rue Jean-Jacques Rousseau,residential,False,True,20.603,"LINESTRING (3.0211422 42.5452523, 3.0208948 42.545219)",30,,,,,,
25848886,Rue du Labyrinthe,residential,False,True,38.807,"LINESTRING (3.0211999 42.5455987, 3.0211422 42.5452523)",30,,,,,,
25848924,Rue de la Résistance,residential,False,False,28.437,"LINESTRING (3.0211999 42.5455987, 3.0212708 42.5456021, 3.0213804 42.5456185, 3.0215434 42.5456037)",30,,,,,,
25848924,Rue de la Résistance,residential,False,True,24.265,"LINESTRING (3.0211999 42.5455987, 3.0211472 42.5455857, 3.0209066 42.5455838)",30,,,,,,
25848893,Rue de la Marne,residential,False,True,58.804,"LINESTRING (3.0201659 42.5457128, 3.0195938 42.5460322)",30,,,,,,
25848898,Rue Maréchal Joffre,residential,True,False,17.211,"LINESTRING (3.0201659 42.5457128, 3.0199854 42.5456336)",30,,,,,,
25848794,Avenue de la Gare,tertiary,True,False,11.85,"LINESTRING (3.022146 42.5457481, 3.0221137 42.5457099, 3.0220696 42.5456576)",30,D 2,,,,,
25848900,Rue Wilson,residential,True,False,47.235,"LINESTRING (3.022146 42.5457481, 3.0219071 42.5457241, 3.0215719 42.5457141)",30,,,,,,
25848884,Rue d'Alembert,residential,False,False,5.549,"LINESTRING (3.0215719 42.5457141, 3.0215724 42.545764)",30,,,,,,
25848884,Rue d'Alembert,residential,False,True,12.496,"LINESTRING (3.0215719 42.5457141, 3.0215434 42.5456037)",30,,,,,,
25848884,Rue d'Alembert,residential,False,True,5.549,"LINESTRING (3.0215724 42.545764, 3.0215719 42.5457141)",30,,,,,,
25848884,Rue d'Alembert,residential,False,False,138.72899999999998,"LINESTRING (3.0215724 42.545764, 3.0215716 42.5458364, 3.0215429 42.5460174, 3.0214754 42.5461679, 3.0212142 42.5465051, 3.0211434 42.5465964, 3.0209655 42.5469113)",30,,,,,,
25848898,Rue Maréchal Joffre,residential,True,False,86.63300000000001,"LINESTRING (3.0215724 42.545764, 3.0212451 42.5457848, 3.0211621 42.5457863, 3.0209507 42.5457901, 3.0207049 42.5457946, 3.0205194 42.5457694)",30,,,,,,
25848893,Rue de la Marne,residential,False,False,58.804,"LINESTRING (3.0195938 42.5460322, 3.0201659 42.5457128)",30,,,,,,
25848866,Rue Maréchal Foch,residential,False,False,114.69899999999998,"LINESTRING (3.0195938 42.5460322, 3.0199477 42.5462761, 3.0200042 42.5462758, 3.0205194 42.5457694)",30,,,,,,
25848898,Rue Maréchal Joffre,residential,True,False,14.917,"LINESTRING (3.0199854 42.5456336, 3.0198309 42.5455626)",30,,,,,,
25848898,Rue Maréchal Joffre,residential,True,False,29.635,"LINESTRING (3.0205194 42.5457694, 3.0201659 42.5457128)",30,,,,,,
25848866,Rue Maréchal Foch,residential,False,True,114.699,"LINESTRING (3.0205194 42.5457694, 3.0200042 42.5462758, 3.0199477 42.5462761, 3.0195938 42.5460322)",30,,,,,,
25848898,Rue Maréchal Joffre,residential,True,False,1.508,"LINESTRING (3.0198309 42.5455626, 3.0198226 42.5455505)",30,,,,,,
25848844,Rue Georges Guynemer,residential,False,False,35.751,"LINESTRING (3.0219436 42.5449005, 3.0223215 42.5450613)",30,,,,,,
"[550229059, 311844780]","['Avenue de la Gare', 'Rue Marivaux']",residential,True,False,320.89,"LINESTRING (3.0219436 42.5449005, 3.0220176 42.5447971, 3.0220163 42.5446825, 3.0219748 42.5445424, 3.0219422 42.544454, 3.021938 42.5444074, 3.0219483 42.5443743, 3.0219819 42.5443346, 3.0220309 42.5443049, 3.0220447 42.5442965, 3.0221377 42.5442507, 3.0224766 42.5440947, 3.0225148 42.5440773, 3.0225613 42.544056, 3.0226616 42.5439648, 3.0227438 42.5439071, 3.0229787 42.543725, 3.0230891 42.5436864, 3.0231802 42.5436864, 3.0232458 42.5436974, 3.0233937 42.5438202, 3.0238291 42.5439963, 3.0239564 42.5440859, 3.0243103 42.5442401, 3.0244297 42.5443019, 3.0244915 42.544328)",30,,,,,,
25848870,Rue Marcelin Albert,residential,False,False,77.61500000000001,"LINESTRING (3.0198588 42.5472104, 3.0199912 42.5472045, 3.0202008 42.5472496, 3.0203699 42.547362, 3.0201937 42.5476006)",30,,,,,,
25848856,Rue Arago,residential,False,False,60.072,"LINESTRING (3.0219394 42.5455224, 3.0223215 42.5450613)",30,,,,,,
25848794,Avenue de la Gare,tertiary,True,False,48.611,"LINESTRING (3.0219394 42.5455224, 3.0218387 42.5454029, 3.0217229 42.5451918, 3.0217076 42.5451239)",30,D 2,,,,,
25848844,Rue Georges Guynemer,residential,False,True,35.751,"LINESTRING (3.0223215 42.5450613, 3.0219436 42.5449005)",30,,,,,,
25848856,Rue Arago,residential,False,True,60.072,"LINESTRING (3.0223215 42.5450613, 3.0219394 42.5455224)",30,,,,,,
"[25848856, 25848840]","['Rue Arago', 'Rue Rigaud']",residential,False,False,124.95500000000001,"LINESTRING (3.0223215 42.5450613, 3.022441 42.5449197, 3.0226437 42.5449862, 3.0220696 42.5456576)",30,,,,,,
25848794,Avenue de la Gare,tertiary,True,False,18.465,"LINESTRING (3.0220696 42.5456576, 3.0219626 42.5455533, 3.0219394 42.5455224)",30,D 2,,,,,
"[25848840, 25848856]","['Rue Arago', 'Rue Rigaud']",residential,False,True,124.955,"LINESTRING (3.0220696 42.5456576, 3.0226437 42.5449862, 3.022441 42.5449197, 3.0223215 42.5450613)",30,,,,,,
354320214,Avenue du 11 Novembre 1918,residential,False,False,14.191,"LINESTRING (3.0200503 42.547529, 3.0201937 42.5476006)",,,,,,,
"[79346268, 79346037, 354320269]",Rue des Grives,residential,False,True,42.527,"LINESTRING (3.0200503 42.547529, 3.0200431 42.5475561, 3.019988 42.5476473, 3.0199338 42.547737, 3.0198788 42.5478885)",,,,,,,
669565450,Allée Ferdinand Buisson,residential,False,False,26.887,"LINESTRING (3.0205698 42.5481356, 3.0207279 42.5483475)",,,,,,,
"[219942904, 219942913, 219942903]",,residential,False,True,66.988,"LINESTRING (3.0205698 42.5481356, 3.0205316 42.5480315, 3.0203585 42.5478157, 3.0202206 42.5476439, 3.020198 42.5476028)",,,,,,,
"[669565450, 25848791, 579546503]","['Rue des Grives', 'Allée Ferdinand Buisson']",residential,False,True,68.455,"LINESTRING (3.0205698 42.5481356, 3.0203308 42.5479518, 3.0202574 42.5479214, 3.0202307 42.5479104, 3.0201321 42.5478695, 3.0200085 42.5478556, 3.0198788 42.5478885)",,,,,,,
25848796,Allée Ferdinand Buisson,residential,False,True,9.959,"LINESTRING (3.0207279 42.5483475, 3.0206126 42.5483759)",,,,,,,
669565450,Allée Ferdinand Buisson,residential,False,True,26.887,"LINESTRING (3.0207279 42.5483475, 3.0205698 42.5481356)",,,,,,,
79346343,Allée Ferdinand Buisson,residential,False,False,136.75,"LINESTRING (3.0207279 42.5483475, 3.0211665 42.5486576, 3.0213671 42.5487891, 3.0216044 42.5489693, 3.0218035 42.5491041, 3.0218959 42.5492194)",,,,,,,
"[579546503, 669565450, 25848791]","['Rue des Grives', 'Allée Ferdinand Buisson']",residential,False,False,68.45499999999998,"LINESTRING (3.0198788 42.5478885, 3.0200085 42.5478556, 3.0201321 42.5478695, 3.0202307 42.5479104, 3.0202574 42.5479214, 3.0203308 42.5479518, 3.0205698 42.5481356)",,,,,,,
25848809,Rue des Grives,residential,False,True,17.05,"LINESTRING (3.0198788 42.5478885, 3.0198058 42.5480013, 3.0197958 42.5480287)",,,,,,,
"[79346037, 79346268, 354320269]",Rue des Grives,residential,False,False,42.526999999999994,"LINESTRING (3.0198788 42.5478885, 3.0199338 42.547737, 3.019988 42.5476473, 3.0200431 42.5475561, 3.0200503 42.547529)",,,,,,,
25848787,Rue Juan Morata,residential,False,False,50.245,"LINESTRING (3.0200367 42.5488459, 3.0203023 42.5492532)",,,,,,,
25849083,Rue Pau Casals,residential,False,True,70.405,"LINESTRING (3.0200367 42.5488459, 3.0206126 42.5483759)",,,,,,,
25848910,,residential,True,False,16.032,"LINESTRING (3.0247411 42.5506658, 3.0247677 42.5506356, 3.0248066 42.5506137, 3.0248531 42.5506026, 3.0249021 42.5506036)",,,,,roundabout,,
354320200,Allée Ferdinand Buisson,residential,False,True,285.96999999999997,"LINESTRING (3.0247411 42.5506658, 3.0245787 42.5505927, 3.024312 42.5504014, 3.0239208 42.5501079, 3.0235695 42.5499038, 3.0225204 42.5494021, 3.0218959 42.5492194)",,,,,,,
25848803,Rue Albert Bausil,residential,False,False,84.33,"LINESTRING (3.0196631 42.5498477, 3.0203023 42.5492532)",,,,,,,
25848796,Allée Ferdinand Buisson,residential,False,False,53.204,"LINESTRING (3.0200595 42.5481251, 3.0200904 42.5481391, 3.0201401 42.5481616, 3.0206126 42.5483759)",,,,,,,
"[669565449, 79346098, 79345755, 579546502]",Avenue de Hürth,secondary,False,False,85.072,"LINESTRING (3.0200595 42.5481251, 3.020071 42.5481118, 3.020108 42.548069, 3.0201294 42.5480443, 3.0201508 42.5480195, 3.0201652 42.5480003, 3.0202299 42.5479281, 3.0202492 42.5479058, 3.020492 42.5476251, 3.0205953 42.5474995, 3.0206131 42.5474779)",,D 114,,,,yes,
25848787,Rue Juan Morata,residential,False,True,50.245,"LINESTRING (3.0203023 42.5492532, 3.0200367 42.5488459)",,,,,,,
25848803,Rue Albert Bausil,residential,False,True,84.33,"LINESTRING (3.0203023 42.5492532, 3.0196631 42.5498477)",,,,,,,
25848787,Rue Juan Morata,residential,False,False,66.409,"LINESTRING (3.0203023 42.5492532, 3.020571 42.5496515, 3.0206645 42.5497875)",,,,,,,
25848796,Allée Ferdinand Buisson,residential,False,False,9.959,"LINESTRING (3.0206126 42.5483759, 3.0207279 42.5483475)",,,,,,,
25849083,Rue Pau Casals,residential,False,False,70.405,"LINESTRING (3.0206126 42.5483759, 3.0200367 42.5488459)",,,,,,,
25848796,Allée Ferdinand Buisson,residential,False,True,53.204,"LINESTRING (3.0206126 42.5483759, 3.0201401 42.5481616, 3.0200904 42.5481391, 3.0200595 42.5481251)",,,,,,,
25849075,Rue Frédéric Trescases,residential,False,False,63.21,"LINESTRING (3.0194188 42.5512412, 3.0194526 42.5512724, 3.019735 42.5515167, 3.0199786 42.5516212)",,,,,,,
25848787,Rue Juan Morata,residential,False,False,29.225,"LINESTRING (3.0206645 42.5497875, 3.0209448 42.5499501)",,,,,,,
25849022,Rue Marcel Pagnol,residential,False,True,50.622,"LINESTRING (3.0206645 42.5497875, 3.0201262 42.5500111)",,,,,,,
25848787,Rue Juan Morata,residential,False,True,66.409,"LINESTRING (3.0206645 42.5497875, 3.020571 42.5496515, 3.0203023 42.5492532)",,,,,,,
25849075,Rue Frédéric Trescases,residential,False,True,7.331,"LINESTRING (3.0200534 42.5516574, 3.0199786 42.5516212)",,,,,,,
25849075,Rue Frédéric Trescases,residential,False,False,74.491,"LINESTRING (3.0200534 42.5516574, 3.020096 42.5516749, 3.0204178 42.5517781, 3.0209201 42.5518416)",,,,,,,
25849075,Rue Frédéric Trescases,residential,False,False,50.54599999999999,"LINESTRING (3.0209201 42.5518416, 3.0209689 42.5518476, 3.0210524 42.5518665, 3.0211494 42.5518815, 3.0213518 42.5518968, 3.0215272 42.5519176)",,,,,,,
25849075,Rue Frédéric Trescases,residential,False,True,74.491,"LINESTRING (3.0209201 42.5518416, 3.0204178 42.5517781, 3.020096 42.5516749, 3.0200534 42.5516574)",,,,,,,
25849075,Rue Frédéric Trescases,residential,False,True,50.546,"LINESTRING (3.0215272 42.5519176, 3.0213518 42.5518968, 3.0211494 42.5518815, 3.0210524 42.5518665, 3.0209689 42.5518476, 3.0209201 42.5518416)",,,,,,,
354320224,Cami Trencat,residential,False,True,204.279,"LINESTRING (3.0215272 42.5519176, 3.0215942 42.5518652, 3.0217682 42.5516992, 3.0218947 42.5515538, 3.0220167 42.5513795, 3.0221493 42.5509995, 3.0221729 42.5509301, 3.0222995 42.550618, 3.0224351 42.5503519, 3.022471 42.5502423)",,,,,,,
"[25848986, 749497834]","['Rue Wilfred El Pilos', 'Place Ramon Llull']",residential,False,False,112.937,"LINESTRING (3.0211016 42.5506748, 3.0213241 42.5505592, 3.0218808 42.5498548)",,,,,,,
"[25849010, 25848986]","['Rue Louis Courtais', 'Place Ramon Llull']",residential,False,True,142.176,"LINESTRING (3.0211016 42.5506748, 3.0209514 42.5507097, 3.020527 42.5510402, 3.0199786 42.5516212)",,,,,,,
"[749497835, 749497837]","['Rue Georges Brassens', 'Place Ramon Llull']",residential,False,False,61.255,"LINESTRING (3.0211016 42.5506748, 3.0209434 42.5506005, 3.0205073 42.5503415)",,,,,,,
"[25848995, 749497837]","['Rue Joan Cayrol', 'Place Ramon Llull']",residential,False,True,123.181,"LINESTRING (3.0211016 42.5506748, 3.0212698 42.5508066, 3.0215496 42.5509691, 3.021527 42.5510407, 3.0210991 42.5515084, 3.0210879 42.551534)",,,,,,,
25848787,Rue Juan Morata,residential,False,True,29.225,"LINESTRING (3.0209448 42.5499501, 3.0206645 42.5497875)",,,,,,,
25848992,Rue Bernard Desclot,residential,False,True,11.148,"LINESTRING (3.0209448 42.5499501, 3.0208786 42.5500377)",,,,,,,
25848992,Rue Bernard Desclot,residential,False,False,66.583,"LINESTRING (3.0209448 42.5499501, 3.0213463 42.549586, 3.0215191 42.5495612)",,,,,,,
550222852,Rue Georges Brassens,residential,False,False,51.265,"LINESTRING (3.019942 42.5506712, 3.0201442 42.5506381, 3.0203966 42.550392)",,,,,,,
25849075,Rue Frédéric Trescases,residential,False,False,7.331,"LINESTRING (3.0199786 42.5516212, 3.0200534 42.5516574)",,,,,,,
"[25849010, 25848986]","['Rue Louis Courtais', 'Place Ramon Llull']",residential,False,False,142.17600000000002,"LINESTRING (3.0199786 42.5516212, 3.020527 42.5510402, 3.0209514 42.5507097, 3.0211016 42.5506748)",,,,,,,
25849075,Rue Frédéric Trescases,residential,False,True,63.21,"LINESTRING (3.0199786 42.5516212, 3.019735 42.5515167, 3.0194526 42.5512724, 3.0194188 42.5512412)",,,,,,,
25848934,Rond-Point des Evadés de France,secondary,True,False,16.165999999999997,"LINESTRING (3.0254054 42.5438637, 3.0254672 42.5438472, 3.0255321 42.5438553, 3.0255832 42.5438858)",,,,,roundabout,,
25848934,Rond-Point des Evadés de France,secondary,True,False,10.780000000000001,"LINESTRING (3.0253496 42.543948, 3.0253625 42.5439005, 3.0254054 42.5438637)",,,,,roundabout,,
"[25848931, 223892692]",Route de Collioure,secondary,False,False,45.809999999999995,"LINESTRING (3.0255832 42.5438858, 3.0256623 42.5438021, 3.0258727 42.5437366, 3.0260463 42.5436756)",,D 114,2,,,,
1037769516,Rond-Point des Evadés de France,secondary,True,False,15.672,"LINESTRING (3.0255832 42.5438858, 3.0256039 42.5439175, 3.0256076 42.5439527, 3.0255936 42.5439864, 3.0255641 42.5440141)",,,,,roundabout,,
25848907,Rue des Trabucaires,residential,False,False,112.245,"LINESTRING (3.024844 42.5508118, 3.0248879 42.5512316, 3.0248939 42.5512886, 3.0249524 42.5516028, 3.025026 42.5518099)",,,,,,,
25848910,,residential,True,False,20.84,"LINESTRING (3.024844 42.5508118, 3.0248074 42.5508022, 3.0247756 42.5507857, 3.0247509 42.5507637, 3.0247333 42.5507324, 3.0247299 42.5506986, 3.0247411 42.5506658)",,,,,roundabout,,
25848983,Rue de la Place d'Armes,residential,False,True,34.494,"LINESTRING (3.0230985 42.5519596, 3.0227685 42.5517669)",,,,,,,
25848922,Rue de la Font Andreu,residential,False,True,19.822,"LINESTRING (3.0226287 42.5519124, 3.0227685 42.5517669)",,,,,,,
25848913,Cami de la Mainada,residential,False,False,162.683,"LINESTRING (3.022471 42.5502423, 3.0229052 42.5503893, 3.0232353 42.5504758, 3.024376 42.5506217)",,,,,,,
25849058,Cami Trencat,residential,False,True,77.39599999999999,"LINESTRING (3.022471 42.5502423, 3.0223822 42.5499429, 3.0222996 42.5498338, 3.0221634 42.5497733, 3.0219666 42.5497462)",,,,,,,
354320224,Cami Trencat,residential,False,False,204.279,"LINESTRING (3.022471 42.5502423, 3.0224351 42.5503519, 3.0222995 42.550618, 3.0221729 42.5509301, 3.0221493 42.5509995, 3.0220167 42.5513795, 3.0218947 42.5515538, 3.0217682 42.5516992, 3.0215942 42.5518652, 3.0215272 42.5519176)",,,,,,,
25848992,Rue Bernard Desclot,residential,False,True,66.583,"LINESTRING (3.0215191 42.5495612, 3.0213463 42.549586, 3.0209448 42.5499501)",,,,,,,
25849058,Cami Trencat,residential,False,False,17.240000000000002,"LINESTRING (3.0215191 42.5495612, 3.0215395 42.5496403, 3.021602 42.5496989)",,,,,,,
354320257,,residential,False,False,49.569,"LINESTRING (3.0215191 42.5495612, 3.0215483 42.5494951, 3.0218959 42.5492194)",,,,,,,
25849058,Cami Trencat,residential,False,False,30.399,"LINESTRING (3.021602 42.5496989, 3.021737 42.5497257, 3.0219666 42.5497462)",,,,,,,
25849058,Cami Trencat,residential,False,True,17.240000000000002,"LINESTRING (3.021602 42.5496989, 3.0215395 42.5496403, 3.0215191 42.5495612)",,,,,,,
79346343,Allée Ferdinand Buisson,residential,False,True,136.75,"LINESTRING (3.0218959 42.5492194, 3.0218035 42.5491041, 3.0216044 42.5489693, 3.0213671 42.5487891, 3.0211665 42.5486576, 3.0207279 42.5483475)",,,,,,,
354320200,Allée Ferdinand Buisson,residential,False,False,285.96999999999997,"LINESTRING (3.0218959 42.5492194, 3.0225204 42.5494021, 3.0235695 42.5499038, 3.0239208 42.5501079, 3.024312 42.5504014, 3.0245787 42.5505927, 3.0247411 42.5506658)",,,,,,,
354320257,,residential,False,True,49.569,"LINESTRING (3.0218959 42.5492194, 3.0215483 42.5494951, 3.0215191 42.5495612)",,,,,,,
25848907,Rue des Trabucaires,residential,False,True,112.245,"LINESTRING (3.025026 42.5518099, 3.0249524 42.5516028, 3.0248939 42.5512886, 3.0248879 42.5512316, 3.024844 42.5508118)",,,,,,,
25849074,Rue des Colomates,residential,False,False,18.532,"LINESTRING (3.025026 42.5518099, 3.0250121 42.5518207, 3.0248619 42.5519246)",,,,,,,
25848922,Rue de la Font Andreu,residential,False,False,19.822,"LINESTRING (3.0227685 42.5517669, 3.0226287 42.5519124)",,,,,,,
25848922,Rue de la Font Andreu,residential,False,True,45.279,"LINESTRING (3.0227685 42.5517669, 3.0230334 42.5514095)",,,,,,,
25848983,Rue de la Place d'Armes,residential,False,False,34.494,"LINESTRING (3.0227685 42.5517669, 3.0230985 42.5519596)",,,,,,,
25848980,Rue du Sallfore,residential,False,True,95.857,"LINESTRING (3.0241736 42.5516035, 3.0230334 42.5514095)",,,,,,,
25848980,Rue du Sallfore,residential,False,False,67.95100000000001,"LINESTRING (3.0241736 42.5516035, 3.0244439 42.5516652, 3.0247095 42.5518317, 3.0248619 42.5519246)",,,,,,,
749497834,Rue Wilfred El Pilos,residential,False,True,13.972,"LINESTRING (3.0219666 42.5497462, 3.0218808 42.5498548)",,,,,,,
25849058,Cami Trencat,residential,False,False,77.39599999999999,"LINESTRING (3.0219666 42.5497462, 3.0221634 42.5497733, 3.0222996 42.5498338, 3.0223822 42.5499429, 3.022471 42.5502423)",,,,,,,
25849058,Cami Trencat,residential,False,True,30.399,"LINESTRING (3.0219666 42.5497462, 3.021737 42.5497257, 3.021602 42.5496989)",,,,,,,
25848922,Rue de la Font Andreu,residential,False,False,45.279,"LINESTRING (3.0230334 42.5514095, 3.0227685 42.5517669)",,,,,,,
25848922,Rue de la Font Andreu,residential,False,True,27.229,"LINESTRING (3.0230334 42.5514095, 3.0231557 42.5511818)",,,,,,,
25848980,Rue du Sallfore,residential,False,False,95.857,"LINESTRING (3.0230334 42.5514095, 3.0241736 42.5516035)",,,,,,,
550222852,Rue Georges Brassens,residential,False,False,28.237,"LINESTRING (3.0205073 42.5503415, 3.020746 42.5501583)",,,,,,,
550222852,Rue Georges Brassens,residential,False,True,10.666,"LINESTRING (3.0205073 42.5503415, 3.0203966 42.550392)",,,,,,,
"[749497835, 749497837]","['Rue Georges Brassens', 'Place Ramon Llull']",residential,False,True,61.255,"LINESTRING (3.0205073 42.5503415, 3.0209434 42.5506005, 3.0211016 42.5506748)",,,,,,,
"[25848995, 749497837]","['Rue Joan Cayrol', 'Place Ramon Llull']",residential,False,False,123.181,"LINESTRING (3.0210879 42.551534, 3.0210991 42.5515084, 3.021527 42.5510407, 3.0215496 42.5509691, 3.0212698 42.5508066, 3.0211016 42.5506748)",,,,,,,
25848927,Rue de la Paix,living_street,False,True,16.822,"LINESTRING (3.0239481 42.5474664, 3.0237429 42.5474722)",20,,,,,,
219942897,Allée de la Tolérance,residential,True,False,119.28999999999999,"LINESTRING (3.021764 42.5481689, 3.0218045 42.5481914, 3.0218307 42.548206, 3.0218958 42.5482423, 3.0221371 42.5483864, 3.0223902 42.5485317, 3.0226582 42.5486423, 3.0229657 42.548769)",30,,,,,,
"[25848939, 25848942]","['Rue de la Prévoyance', 'Rue de la Liberté']",living_street,False,False,111.79299999999999,"LINESTRING (3.0229345 42.5463432, 3.0237798 42.5467648, 3.0237743 42.5470181)",20,,,,,,
1198801992,Rue de la République,living_street,True,False,16.883000000000003,"LINESTRING (3.0229345 42.5463432, 3.0229071 42.5463918, 3.0228554 42.5464834)",20,,,,,,destination
25848927,Rue de la Paix,living_street,False,False,16.822,"LINESTRING (3.0237429 42.5474722, 3.0239481 42.5474664)",20,,,,,,
25848939,Rue de la Prévoyance,living_street,False,True,20.501,"LINESTRING (3.0237429 42.5474722, 3.0237499 42.5472879)",20,,,,,,
25848948,Rue de la Paix,living_street,False,True,130.041,"LINESTRING (3.0237429 42.5474722, 3.0237053 42.5474705, 3.0234717 42.5475058, 3.0230681 42.5475967, 3.0226392 42.5476384, 3.0223736 42.5476387, 3.0221834 42.5476256)",20,,,,,,
922054478,Rue de la République,living_street,True,False,4.286,"LINESTRING (3.0223403 42.5473437, 3.0223239 42.5473803)",20,,,,,,
25849057,Rue de la Concorde,living_street,False,False,25.198999999999998,"LINESTRING (3.0223403 42.5473437, 3.0220738 42.5473035, 3.0220383 42.5473017)",20,,,,,,
922054478,Rue de la République,living_street,True,False,6.531,"LINESTRING (3.0222052 42.5475691, 3.0221834 42.5476256)",20,,,,,,
"[25849048, 549581397]","['Rue du Travail', 'Place du Ravailly']",living_street,False,True,65.983,"LINESTRING (3.0222052 42.5475691, 3.0216681 42.5473498, 3.0214964 42.5472875)",20,,,,,,
25849048,Place du Ravailly,living_street,False,True,9.349,"LINESTRING (3.0214964 42.5472875, 3.0213922 42.5472532)",20,,,,,,
"[25849048, 549581397]","['Rue du Travail', 'Place du Ravailly']",living_street,False,False,65.983,"LINESTRING (3.0214964 42.5472875, 3.0216681 42.5473498, 3.0222052 42.5475691)",20,,,,,,
"[25849057, 549581398]","['Place du Ravailly', 'Rue de la Concorde']",living_street,False,True,20.337,"LINESTRING (3.0214964 42.5472875, 3.0217154 42.5472887, 3.0217444 42.5472915)",20,,,,,,
25849039,Rue de la Justice,living_street,False,False,59.188,"LINESTRING (3.0220383 42.5473017, 3.0223393 42.5468178)",20,,,,,,
25849057,Rue de la Concorde,living_street,False,False,24.103,"LINESTRING (3.0220383 42.5473017, 3.0217444 42.5472915)",20,,,,,,
25849057,Rue de la Concorde,living_street,False,True,25.198999999999998,"LINESTRING (3.0220383 42.5473017, 3.0220738 42.5473035, 3.0223403 42.5473437)",20,,,,,,
25849048,Place du Ravailly,living_street,False,False,9.349,"LINESTRING (3.0213922 42.5472532, 3.0214964 42.5472875)",20,,,,,,
25849036,Rue de Majorque,living_street,False,True,14.824,"LINESTRING (3.0217444 42.5472915, 3.0218132 42.5471682)",20,,,,,,
25849057,Rue de la Concorde,living_street,False,True,24.103,"LINESTRING (3.0217444 42.5472915, 3.0220383 42.5473017)",20,,,,,,
"[25849057, 549581398]","['Place du Ravailly', 'Rue de la Concorde']",living_street,False,False,20.337,"LINESTRING (3.0217444 42.5472915, 3.0217154 42.5472887, 3.0214964 42.5472875)",20,,,,,,
25849045,Rue de l'Égalité,living_street,False,False,5.551,"LINESTRING (3.0219486 42.5464954, 3.0220086 42.5465186)",20,,,,,,
25849039,Rue de la Justice,living_street,False,True,59.188,"LINESTRING (3.0223393 42.5468178, 3.0220383 42.5473017)",20,,,,,,
25849080,Rue des Castillans,living_street,False,False,27.707,"LINESTRING (3.0223393 42.5468178, 3.0220081 42.5467673)",20,,,,,,
25849080,Rue des Castillans,living_street,False,True,25.59,"LINESTRING (3.0223393 42.5468178, 3.0226402 42.5468796)",20,,,,,,
25849036,Rue de Majorque,living_street,False,False,22.555,"LINESTRING (3.0219261 42.5469832, 3.0218132 42.5471682)",20,,,,,,
25849070,Place des Castillans,living_street,False,False,16.742,"LINESTRING (3.0219261 42.5469832, 3.0217461 42.5469119)",20,,,,,,
25849070,Place des Castillans,living_street,False,True,24.929,"LINESTRING (3.0219261 42.5469832, 3.0220081 42.5467673)",20,,,,,,
1198801992,Rue de la République,living_street,True,False,6.955,"LINESTRING (3.0227582 42.5466595, 3.02273 42.5467185)",20,,,,,,destination
25849045,Rue de l'Égalité,living_street,False,True,64.211,"LINESTRING (3.0227582 42.5466595, 3.0224496 42.5466391, 3.0223476 42.5466301, 3.0220086 42.5465186)",20,,,,,,
1198801992,Rue de la République,living_street,True,False,14.18,"LINESTRING (3.0228554 42.5464834, 3.022802 42.5466047)",20,,,,,,destination
"[25849042, 550143999]","['Rue de la Solidarité', 'Place Saint-Come et Saint-Damien']",living_street,False,True,114.04799999999999,"LINESTRING (3.0228554 42.5464834, 3.0228113 42.5464789, 3.022429 42.5464395, 3.0223407 42.5464182, 3.0222723 42.5463734, 3.0222592 42.5463011, 3.0222738 42.5462323, 3.022314 42.5461844, 3.0223809 42.5461445, 3.0224849 42.5461256, 3.0225679 42.5461301, 3.0226176 42.546159, 3.0227322 42.546249)",20,,,,,,
25849036,Rue de Majorque,living_street,False,False,14.824,"LINESTRING (3.0218132 42.5471682, 3.0217444 42.5472915)",20,,,,,,
25849036,Rue de Majorque,living_street,False,True,22.555,"LINESTRING (3.0218132 42.5471682, 3.0219261 42.5469832)",20,,,,,,
25849073,Rue Étienne Pujol,living_street,False,False,39.102000000000004,"LINESTRING (3.0218132 42.5471682, 3.0216337 42.5470862, 3.0216334 42.5470595, 3.0217461 42.5469119)",20,,,,,,
25849070,Place des Castillans,living_street,False,True,16.742,"LINESTRING (3.0217461 42.5469119, 3.0219261 42.5469832)",20,,,,,,
25849073,Rue Étienne Pujol,living_street,False,False,20.701,"LINESTRING (3.0217461 42.5469119, 3.0218033 42.546819, 3.0218506 42.5467424)",20,,,,,,
25849073,Rue Étienne Pujol,living_street,False,True,39.102000000000004,"LINESTRING (3.0217461 42.5469119, 3.0216334 42.5470595, 3.0216337 42.5470862, 3.0218132 42.5471682)",20,,,,,,
25848918,Rue Racine,residential,False,True,283.40700000000004,"LINESTRING (3.0266849 42.5494346, 3.0267058 42.549219, 3.0266791 42.5491278, 3.0266228 42.5490919, 3.0257416 42.5488905, 3.0256997 42.5489011, 3.0256185 42.5489292, 3.0251718 42.5498206, 3.0251171 42.5499075, 3.0250213 42.5499625, 3.0246787 42.5500599)",30,,,,,,
669565452,Rue du 14 Juillet,residential,False,True,5.333,"LINESTRING (3.0241994 42.5476744, 3.0242117 42.5477215)",30,,,,,,
25848909,Rue des Remparts,residential,True,False,188.98600000000002,"LINESTRING (3.0241994 42.5476744, 3.0241381 42.5476865, 3.0232506 42.5478612, 3.0228048 42.5479475, 3.0224733 42.5479743, 3.0222657 42.5479701, 3.0219771 42.5478636)",30,,,,,,
25848933,Rue du 14 Juillet,residential,False,False,39.088,"LINESTRING (3.0241994 42.5476744, 3.024194 42.547596, 3.0241937 42.5475771, 3.0241892 42.547323)",30,,,,,,
922054474,Rue de la République,residential,True,False,38.173,"LINESTRING (3.0219771 42.5478636, 3.021764 42.5481689)",30,,,,,,
620555347,Rue Blanqui,residential,True,False,76.679,"LINESTRING (3.0219771 42.5478636, 3.0217706 42.5477972, 3.0211709 42.5475162)",30,,,,,,
922054478,Rue de la République,living_street,True,False,23.136,"LINESTRING (3.0223239 42.5473803, 3.0222052 42.5475691)",20,,,,,,
25848912,Impasse de l'Avenir,living_street,False,False,59.159,"LINESTRING (3.0223239 42.5473803, 3.0226098 42.5474224, 3.0227931 42.5474446, 3.022879 42.547455, 3.0230366 42.5474609)",20,,,,,,
25848912,Impasse de l'Avenir,living_street,False,True,59.159,"LINESTRING (3.0230366 42.5474609, 3.022879 42.547455, 3.0227931 42.5474446, 3.0226098 42.5474224, 3.0223239 42.5473803)",20,,,,,,
25848903,Rue Jean Jaurès,living_street,False,False,36.198,"LINESTRING (3.0241892 42.547323, 3.0237499 42.5472879)",20,,1,,,,
25848933,Rue du 14 Juillet,residential,False,True,39.088,"LINESTRING (3.0241892 42.547323, 3.0241937 42.5475771, 3.024194 42.547596, 3.0241994 42.5476744)",30,,,,,,
25848936,Rue du 14 Juillet,residential,True,False,66.77799999999999,"LINESTRING (3.0241892 42.547323, 3.0242002 42.5469517, 3.024207 42.5467226)",30,,,,,,
25848903,Rue Jean Jaurès,living_street,False,True,36.198,"LINESTRING (3.0237499 42.5472879, 3.0241892 42.547323)",20,,1,,,,
25848939,Rue de la Prévoyance,living_street,False,False,20.501,"LINESTRING (3.0237499 42.5472879, 3.0237429 42.5474722)",20,,,,,,
25848939,Rue de la Prévoyance,living_street,False,True,13.718,"LINESTRING (3.0237499 42.5472879, 3.0237708 42.5471655)",20,,,,,,
"[25848930, 550144005, 550144006]","['Place de la République', 'Rue Jean Jaurès']",living_street,True,False,111.241,"LINESTRING (3.0237499 42.5472879, 3.022966 42.5472554, 3.0228279 42.5472735, 3.0227993 42.5472762, 3.0225815 42.5472897, 3.0225688 42.5472886, 3.0223978 42.5472729)",20,,,,,,
922054478,Rue de la République,living_street,True,False,9.174,"LINESTRING (3.0223978 42.5472729, 3.0223403 42.5473437)",20,,,,,,
25848906,Rue de la Fraternité,living_street,False,False,98.692,"LINESTRING (3.02273 42.5467185, 3.0237708 42.5471655)",20,,,,,,
1198801992,Rue de la République,living_street,True,False,19.365,"LINESTRING (3.02273 42.5467185, 3.0226402 42.5468796)",20,,,,,,destination
25848906,Rue de la Fraternité,living_street,False,True,98.692,"LINESTRING (3.0237708 42.5471655, 3.02273 42.5467185)",20,,,,,,
25848939,Rue de la Prévoyance,living_street,False,False,13.718,"LINESTRING (3.0237708 42.5471655, 3.0237499 42.5472879)",20,,,,,,
25848939,Rue de la Prévoyance,living_street,False,True,16.393,"LINESTRING (3.0237708 42.5471655, 3.0237743 42.5470181)",20,,,,,,
25848945,Rue Vermeille,living_street,False,False,91.964,"LINESTRING (3.022802 42.5466047, 3.0237743 42.5470181)",20,,,,,,
1198801992,Rue de la République,living_street,True,False,7.071,"LINESTRING (3.022802 42.5466047, 3.0227582 42.5466595)",20,,,,,,destination
25848939,Rue de la Prévoyance,living_street,False,False,16.393,"LINESTRING (3.0237743 42.5470181, 3.0237708 42.5471655)",20,,,,,,
25848945,Rue Vermeille,living_street,False,True,91.964,"LINESTRING (3.0237743 42.5470181, 3.022802 42.5466047)",20,,,,,,
"[25848939, 25848942]","['Rue de la Liberté', 'Rue de la Prévoyance']",living_street,False,True,111.79299999999999,"LINESTRING (3.0237743 42.5470181, 3.0237798 42.5467648, 3.0229345 42.5463432)",20,,,,,,
25848948,Rue de la Paix,living_street,False,False,130.041,"LINESTRING (3.0221834 42.5476256, 3.0223736 42.5476387, 3.0226392 42.5476384, 3.0230681 42.5475967, 3.0234717 42.5475058, 3.0237053 42.5474705, 3.0237429 42.5474722)",20,,,,,,
"[922054478, 1198801991]",Rue de la République,living_street,True,False,31.4,"LINESTRING (3.0221834 42.5476256, 3.0220746 42.5477511, 3.0219771 42.5478636)",20,,,,,,
25848910,,residential,True,False,37.07000000000001,"LINESTRING (3.0249021 42.5506036, 3.0249459 42.5506158, 3.0249822 42.5506378, 3.0250069 42.5506671, 3.0250176 42.5507008, 3.025013 42.5507352, 3.0249955 42.5507646, 3.0249669 42.5507889, 3.0249298 42.5508057, 3.0248875 42.5508136, 3.024844 42.5508118)",,,,,roundabout,,
25848921,Rue du 14 Juillet,residential,False,False,63.385000000000005,"LINESTRING (3.0249021 42.5506036, 3.0248942 42.5505315, 3.0248425 42.5504268, 3.024755 42.5502415, 3.0246787 42.5500599)",30,,,,,,
25848979,Rue Curie,living_street,False,True,62.568,"LINESTRING (3.0226745 42.5458815, 3.0230533 42.5453929)",20,,,,,,
25848979,Rue Curie,living_street,False,False,62.568,"LINESTRING (3.0230533 42.5453929, 3.0226745 42.5458815)",20,,,,,,
25848985,Rue Émile Zola,living_street,True,False,25.379,"LINESTRING (3.0230533 42.5453929, 3.0233273 42.5454994)",20,,,,,,
25848982,Rue Pasteur,living_street,False,True,62.727,"LINESTRING (3.0229527 42.5459914, 3.0233273 42.5454994)",20,,,,,,
25848982,Rue Pasteur,living_street,False,False,62.727,"LINESTRING (3.0233273 42.5454994, 3.0229527 42.5459914)",20,,,,,,
25848985,Rue Émile Zola,living_street,True,False,17.604,"LINESTRING (3.0233273 42.5454994, 3.0235136 42.5455783)",20,,,,,,
25848918,Rue Racine,residential,False,False,283.407,"LINESTRING (3.0246787 42.5500599, 3.0250213 42.5499625, 3.0251171 42.5499075, 3.0251718 42.5498206, 3.0256185 42.5489292, 3.0256997 42.5489011, 3.0257416 42.5488905, 3.0266228 42.5490919, 3.0266791 42.5491278, 3.0267058 42.549219, 3.0266849 42.5494346)",30,,,,,,
"[72519334, 219942898, 219942899, 765465912, 25848921]",Rue du 14 Juillet,residential,False,False,157.25800000000004,"LINESTRING (3.0246787 42.5500599, 3.0246037 42.5498876, 3.0244276 42.5494834, 3.0243194 42.5491797, 3.0243046 42.5491383, 3.0242885 42.5490157, 3.0242879 42.5489943, 3.0242825 42.5489044, 3.02428 42.5488617, 3.0242751 42.5488376, 3.0242724 42.5487915, 3.0242664 42.5486874)",30,,,,,,
25848921,Rue du 14 Juillet,residential,False,True,63.385,"LINESTRING (3.0246787 42.5500599, 3.024755 42.5502415, 3.0248425 42.5504268, 3.0248942 42.5505315, 3.0249021 42.5506036)",30,,,,,,
25848991,Avenue du 8 Mai 1945,residential,False,False,33.928,"LINESTRING (3.0255641 42.5440141, 3.0256997 42.5441731, 3.0257472 42.5442302, 3.0257782 42.5442751)",,,,,,,
1037415686,Rond-Point des Evadés de France,secondary,True,False,23.5,"LINESTRING (3.0255641 42.5440141, 3.0255229 42.5440319, 3.0254757 42.5440376, 3.0254289 42.5440302, 3.025389 42.5440109, 3.0253613 42.5439822, 3.0253496 42.543948)",,,,,roundabout,,
922054476,Rue Victor Hugo,living_street,False,True,3.719,"LINESTRING (3.0235136 42.5455783, 3.0235378 42.54555)",20,,,,,,
"[922054475, 25849051]","['Rue Victor Hugo', 'Rue de la République']",living_street,True,False,97.389,"LINESTRING (3.0235136 42.5455783, 3.023137 42.5460753, 3.0230234 42.5462255, 3.0229345 42.5463432)",20,,,,,,destination
25848985,Rue Émile Zola,living_street,True,False,7.212,"LINESTRING (3.0229767 42.5453611, 3.0230059 42.545375, 3.0230533 42.5453929)",20,,,,,,
292188584,Route Nationale,secondary,True,False,139.566,"LINESTRING (3.0229767 42.5453611, 3.0231668 42.5452326, 3.0236288 42.5449021, 3.023739 42.5448233, 3.0240521 42.5446201, 3.0242284 42.5445103)",30,D 114,1,,,,
25851723,,residential,True,False,16.001,"LINESTRING (3.0296519 42.5456398, 3.0296714 42.545594, 3.0297171 42.5455599, 3.029779 42.545545)",,,,,roundabout,,
219942891,Avenue du 8 Mai 1945,residential,False,True,351.84099999999995,"LINESTRING (3.0296519 42.5456398, 3.029527 42.5456011, 3.0286563 42.5453137, 3.0274311 42.5448683, 3.0273246 42.5448345, 3.0259391 42.544341, 3.0258017 42.5442854, 3.0257782 42.5442751)",,,,,,,
25848988,Rue Victor Hugo,living_street,True,False,96.44800000000001,"LINESTRING (3.0242284 42.5445103, 3.0242204 42.5445528, 3.0242154 42.5445817, 3.0242049 42.5446421, 3.0241877 42.5446668, 3.0241347 42.5447428, 3.0237365 42.5452904)",20,,,,,,
292188584,Route Nationale,secondary,True,False,29.589,"LINESTRING (3.0242284 42.5445103, 3.0244624 42.5443484, 3.0244915 42.544328)",30,D 114,1,,,,
620304211,Avenue du 11 Novembre 1918,residential,False,False,21.249,"LINESTRING (3.0209039 42.5478418, 3.021049 42.5476834)",30,,,,,,
"[765465913, 354320214]",Avenue du 11 Novembre 1918,residential,False,True,63.907,"LINESTRING (3.0209039 42.5478418, 3.0208512 42.5478188, 3.0206148 42.5477154, 3.020198 42.5476028)",30,,,,,,
25849067,Rue de la Rivière,residential,True,False,40.836,"LINESTRING (3.0213652 42.5479486, 3.0215282 42.5480412, 3.021764 42.5481689)",30,,,,,,
518304778,Rue de la Rivière,residential,True,False,41.693,"LINESTRING (3.0213652 42.5479486, 3.0212402 42.5479182, 3.0212172 42.5479203, 3.0210766 42.547933, 3.0209039 42.5478418)",30,,,,,,
620304211,Avenue du 11 Novembre 1918,residential,False,True,21.249,"LINESTRING (3.021049 42.5476834, 3.0209039 42.5478418)",30,,,,,,
25849067,Rue de la Rivière,residential,True,False,39.29,"LINESTRING (3.021049 42.5476834, 3.0210807 42.5477032, 3.0213126 42.5479032, 3.0213652 42.5479486)",30,,,,,,
25849067,Rue de la Rivière,residential,True,False,21.104,"LINESTRING (3.0211709 42.5475162, 3.021049 42.5476834)",30,,,,,,
25849062,Rue Blanqui,residential,False,True,46.230999999999995,"LINESTRING (3.0211709 42.5475162, 3.0211416 42.5475081, 3.0210993 42.547499, 3.0210355 42.5474854, 3.0207004 42.5474784, 3.0206451 42.5474773, 3.0206131 42.5474779)",30,,,,,,
25849059,Allée de la Tolérance,residential,False,False,109.35,"LINESTRING (3.0242664 42.5486874, 3.0242186 42.5486954, 3.0235783 42.548803, 3.0234521 42.5488139, 3.023268 42.5488299, 3.0231125 42.5488159, 3.0229657 42.548769)",30,,,,,,
219942898,Rue du 14 Juillet,residential,False,False,30.179000000000002,"LINESTRING (3.0242664 42.5486874, 3.0242579 42.5485903, 3.0242578 42.5485748, 3.0242567 42.5484162)",30,,,,,,
"[72519334, 219942898, 219942899, 765465912, 25848921]",Rue du 14 Juillet,residential,False,True,157.258,"LINESTRING (3.0242664 42.5486874, 3.0242724 42.5487915, 3.0242751 42.5488376, 3.02428 42.5488617, 3.0242825 42.5489044, 3.0242879 42.5489943, 3.0242885 42.5490157, 3.0243046 42.5491383, 3.0243194 42.5491797, 3.0244276 42.5494834, 3.0246037 42.5498876, 3.0246787 42.5500599)",30,,,,,,
25849062,Rue Blanqui,residential,False,False,46.231,"LINESTRING (3.0206131 42.5474779, 3.0206451 42.5474773, 3.0207004 42.5474784, 3.0210355 42.5474854, 3.0210993 42.547499, 3.0211416 42.5475081, 3.0211709 42.5475162)",30,,,,,,
"[669565449, 79346098, 79345755, 579546502]",Avenue de Hürth,secondary,False,True,85.072,"LINESTRING (3.0206131 42.5474779, 3.0205953 42.5474995, 3.020492 42.5476251, 3.0202492 42.5479058, 3.0202299 42.5479281, 3.0201652 42.5480003, 3.0201508 42.5480195, 3.0201294 42.5480443, 3.020108 42.548069, 3.020071 42.5481118, 3.0200595 42.5481251)",,D 114,,,,yes,
620304210,Route Nationale,secondary,True,False,231.03900000000002,"LINESTRING (3.0206131 42.5474779, 3.0206898 42.5473863, 3.0207032 42.5473703, 3.0208843 42.54719, 3.0211216 42.5469402, 3.0213225 42.5467312, 3.0214063 42.546645, 3.0214296 42.546621, 3.0218031 42.5462372, 3.0221024 42.5459535, 3.0221843 42.5458985, 3.022302 42.5458195)",30,D 114,,,,,
25849070,Place des Castillans,living_street,False,False,24.929,"LINESTRING (3.0220081 42.5467673, 3.0219261 42.5469832)",20,,,,,,
25849080,Rue des Castillans,living_street,False,True,27.707,"LINESTRING (3.0220081 42.5467673, 3.0223393 42.5468178)",20,,,,,,
25849070,Place des Castillans,living_street,False,True,13.242,"LINESTRING (3.0220081 42.5467673, 3.0219545 42.5467562, 3.0218969 42.5467452, 3.0218506 42.5467424)",20,,,,,,
25849080,Rue des Castillans,living_street,False,False,25.59,"LINESTRING (3.0226402 42.5468796, 3.0223393 42.5468178)",20,,,,,,
1198801992,Rue de la République,living_street,True,False,48.048,"LINESTRING (3.0226402 42.5468796, 3.0225989 42.5469555, 3.0225824 42.5469858, 3.0223978 42.5472729)",20,,,,,,destination
25849045,Rue de l'Égalité,living_street,False,True,5.551,"LINESTRING (3.0220086 42.5465186, 3.0219486 42.5464954)",20,,,,,,
25849045,Rue de l'Égalité,living_street,False,False,64.211,"LINESTRING (3.0220086 42.5465186, 3.0223476 42.5466301, 3.0224496 42.5466391, 3.0227582 42.5466595)",20,,,,,,
25849073,Rue Étienne Pujol,living_street,False,True,28.055999999999997,"LINESTRING (3.0220086 42.5465186, 3.0218723 42.5467153, 3.0218506 42.5467424)",20,,,,,,
25849070,Place des Castillans,living_street,False,False,13.242,"LINESTRING (3.0218506 42.5467424, 3.0218969 42.5467452, 3.0219545 42.5467562, 3.0220081 42.5467673)",20,,,,,,
25849073,Rue Étienne Pujol,living_street,False,False,28.055999999999997,"LINESTRING (3.0218506 42.5467424, 3.0218723 42.5467153, 3.0220086 42.5465186)",20,,,,,,
25849073,Rue Étienne Pujol,living_street,False,True,20.701,"LINESTRING (3.0218506 42.5467424, 3.0218033 42.546819, 3.0217461 42.5469119)",20,,,,,,
25848936,Rue du 14 Juillet,residential,True,False,9.552,"LINESTRING (3.024207 42.5467226, 3.0242068 42.5466367)",30,,,,,,
25851677,Rue de la Révolution,residential,False,False,150.498,"LINESTRING (3.024207 42.5467226, 3.0242515 42.546739, 3.0258497 42.5473286)",30,,,,,,
25851690,Rue Siné,residential,False,True,25.503,"LINESTRING (3.0258497 42.5473286, 3.0261333 42.5474232)",30,,,,,,
25851693,Rue Danton,residential,False,False,35.226,"LINESTRING (3.0258497 42.5473286, 3.0260054 42.5470333)",30,,,,,,
25851677,Rue de la Révolution,residential,False,True,150.498,"LINESTRING (3.0258497 42.5473286, 3.0242515 42.546739, 3.024207 42.5467226)",30,,,,,,
25851693,Rue Danton,residential,False,True,53.232,"LINESTRING (3.0258497 42.5473286, 3.0256955 42.5475844, 3.0255859 42.5477661)",30,,,,,,
25851676,Impasse du 14 Juillet,residential,False,False,73.22800000000001,"LINESTRING (3.0233628 42.548032, 3.0241764 42.5478871, 3.0242317 42.5478773)",30,,,,,,
219942898,Rue du 14 Juillet,residential,False,True,4.334,"LINESTRING (3.0242317 42.5478773, 3.024239 42.5479159)",30,,,,,,
25851676,Impasse du 14 Juillet,residential,False,True,73.22800000000001,"LINESTRING (3.0242317 42.5478773, 3.0241764 42.5478871, 3.0233628 42.548032)",30,,,,,,
219942898,Rue du 14 Juillet,residential,False,False,17.526,"LINESTRING (3.0242317 42.5478773, 3.0242351 42.5478045, 3.0242266 42.5477745, 3.0242117 42.5477215)",30,,,,,,
219942898,Rue du 14 Juillet,residential,False,False,4.334,"LINESTRING (3.024239 42.5479159, 3.0242317 42.5478773)",30,,,,,,
219942898,Rue du 14 Juillet,residential,False,True,55.65,"LINESTRING (3.024239 42.5479159, 3.0242567 42.5484162)",30,,,,,,
25851681,Rue des Jacobins,residential,False,False,24.232,"LINESTRING (3.024239 42.5479159, 3.0242896 42.5479162, 3.0245348 42.5479176)",30,,,,,,
25851681,Rue des Jacobins,residential,False,True,68.521,"LINESTRING (3.025371 42.5479027, 3.0245348 42.5479176)",30,,,,,,
219942898,Rue du 14 Juillet,residential,False,False,55.65,"LINESTRING (3.0242567 42.5484162, 3.024239 42.5479159)",30,,,,,,
25851680,Rue des Montagnards,residential,False,False,23.157000000000004,"LINESTRING (3.0242567 42.5484162, 3.0243138 42.5484143, 3.0245391 42.5484068)",30,,,,,,
219942898,Rue du 14 Juillet,residential,False,True,30.179000000000002,"LINESTRING (3.0242567 42.5484162, 3.0242578 42.5485748, 3.0242579 42.5485903, 3.0242664 42.5486874)",30,,,,,,
25851680,Rue des Montagnards,residential,False,True,45.326,"LINESTRING (3.0250924 42.5484044, 3.0245391 42.5484068)",30,,,,,,
25851679,Rue des Girondins,residential,False,False,54.398,"LINESTRING (3.0245348 42.5479176, 3.0245391 42.5484068)",30,,,,,,
25851681,Rue des Jacobins,residential,False,False,68.521,"LINESTRING (3.0245348 42.5479176, 3.025371 42.5479027)",30,,,,,,
25851681,Rue des Jacobins,residential,False,True,24.232,"LINESTRING (3.0245348 42.5479176, 3.0242896 42.5479162, 3.024239 42.5479159)",30,,,,,,
25851679,Rue des Girondins,residential,False,True,54.398,"LINESTRING (3.0245391 42.5484068, 3.0245348 42.5479176)",30,,,,,,
25851680,Rue des Montagnards,residential,False,False,45.326,"LINESTRING (3.0245391 42.5484068, 3.0250924 42.5484044)",30,,,,,,
25851680,Rue des Montagnards,residential,False,True,23.157000000000004,"LINESTRING (3.0245391 42.5484068, 3.0243138 42.5484143, 3.0242567 42.5484162)",30,,,,,,
25849076,Avenue de la Libération,residential,False,True,18.617,"LINESTRING (3.0298689 42.5485213, 3.0299893 42.5486633)",30,,,,,,
25851683,Rue du Jeu de Paume,residential,False,False,38.317,"LINESTRING (3.0298689 42.5485213, 3.0295123 42.5487443)",,,,,,,
25849076,Avenue de la Libération,residential,False,False,38.958999999999996,"LINESTRING (3.0298689 42.5485213, 3.029617 42.5483733, 3.0294924 42.5483074)",30,,,,,,
25851678,Rue Robespierre,residential,False,False,53.67,"LINESTRING (3.0258664 42.547864, 3.0261333 42.5474232)",30,,,,,,
25851692,Rue Condorcet,residential,False,True,25.102,"LINESTRING (3.0258664 42.547864, 3.0261431 42.547961)",30,,,,,,
669565453,Rue Condorcet,residential,False,False,25.426,"LINESTRING (3.0258664 42.547864, 3.0255859 42.5477661)",30,,,,,,
25851690,Rue Siné,residential,False,False,15.828,"LINESTRING (3.0268826 42.5476645, 3.0267012 42.5476155)",30,,,,,,
25851696,Rue Camille Desmoulins,residential,False,False,55.533,"LINESTRING (3.0268826 42.5476645, 3.0266167 42.5481239)",30,,,,,,
25851696,Rue Camille Desmoulins,residential,False,True,45.298,"LINESTRING (3.0268826 42.5476645, 3.0270999 42.5472899)",30,,,,,,
25851678,Rue Robespierre,residential,False,False,24.498,"LINESTRING (3.0263528 42.5470493, 3.0263567 42.546829)",30,,,,,,
25851678,Rue Robespierre,residential,False,True,45.298,"LINESTRING (3.0263528 42.5470493, 3.0261333 42.5474232)",30,,,,,,
25849076,Avenue de la Libération,residential,False,False,28.703,"LINESTRING (3.0263528 42.5470493, 3.0263319 42.547044, 3.0262314 42.5470302, 3.0260054 42.5470333)",30,,,,,,
25849076,Avenue de la Libération,residential,False,True,25.176000000000002,"LINESTRING (3.0263528 42.5470493, 3.026458 42.5470583, 3.0266401 42.5471217)",30,,,,,,
669565453,Rue Condorcet,residential,False,True,25.426,"LINESTRING (3.0255859 42.5477661, 3.0258664 42.547864)",30,,,,,,
25851691,Rue de la Convention,residential,False,False,113.395,"LINESTRING (3.0255859 42.5477661, 3.0252545 42.5477117, 3.024993 42.5476945, 3.0242843 42.547719, 3.0242117 42.5477215)",30,,,,,,
25851693,Rue Danton,residential,False,False,53.232,"LINESTRING (3.0255859 42.5477661, 3.0256955 42.5475844, 3.0258497 42.5473286)",30,,,,,,
25851678,Rue Robespierre,residential,False,False,45.298,"LINESTRING (3.0261333 42.5474232, 3.0263528 42.5470493)",30,,,,,,
25851678,Rue Robespierre,residential,False,True,53.67,"LINESTRING (3.0261333 42.5474232, 3.0258664 42.547864)",30,,,,,,
25851690,Rue Siné,residential,False,False,25.503,"LINESTRING (3.0261333 42.5474232, 3.0258497 42.5473286)",30,,,,,,
25851690,Rue Siné,residential,False,True,25.686,"LINESTRING (3.0261333 42.5474232, 3.0264202 42.5475164)",30,,,,,,
25851693,Rue Danton,residential,False,True,35.226,"LINESTRING (3.0260054 42.5470333, 3.0258497 42.5473286)",30,,,,,,
25849076,Avenue de la Libération,residential,False,False,19.28,"LINESTRING (3.0260054 42.5470333, 3.0259572 42.547026, 3.0257752 42.5469972)",30,,,,,,
25849076,Avenue de la Libération,residential,False,True,28.703,"LINESTRING (3.0260054 42.5470333, 3.0262314 42.5470302, 3.0263319 42.547044, 3.0263528 42.5470493)",30,,,,,,
25851692,Rue Condorcet,residential,False,False,25.102,"LINESTRING (3.0261431 42.547961, 3.0258664 42.547864)",30,,,,,,
25851692,Rue Condorcet,residential,False,True,26.706,"LINESTRING (3.0261431 42.547961, 3.0264357 42.5480669)",30,,,,,,
25851694,Rue Mirabeau,residential,False,False,54.4,"LINESTRING (3.0261431 42.547961, 3.0264202 42.5475164)",30,,,,,,
669565452,Rue du 14 Juillet,residential,False,False,5.333,"LINESTRING (3.0242117 42.5477215, 3.0241994 42.5476744)",30,,,,,,
25851691,Rue de la Convention,residential,False,True,113.39500000000001,"LINESTRING (3.0242117 42.5477215, 3.0242843 42.547719, 3.024993 42.5476945, 3.0252545 42.5477117, 3.0255859 42.5477661)",30,,,,,,
219942898,Rue du 14 Juillet,residential,False,True,17.526,"LINESTRING (3.0242117 42.5477215, 3.0242266 42.5477745, 3.0242351 42.5478045, 3.0242317 42.5478773)",30,,,,,,
25851692,Rue Condorcet,residential,False,False,21.547,"LINESTRING (3.026849 42.5482148, 3.0266167 42.5481239)",30,,,,,,
25851697,Rue du Castell Maler,residential,False,True,39.592,"LINESTRING (3.026849 42.5482148, 3.0269951 42.5478754)",30,,,,,,
25851697,Rue du Castell Maler,residential,False,False,65.718,"LINESTRING (3.026849 42.5482148, 3.0268008 42.5483315, 3.0267966 42.5484048, 3.0273249 42.548476)",30,,,,,,
25851692,Rue Condorcet,residential,False,False,26.706,"LINESTRING (3.0264357 42.5480669, 3.0261431 42.547961)",30,,,,,,
25851692,Rue Condorcet,residential,False,True,16.125,"LINESTRING (3.0264357 42.5480669, 3.0266167 42.5481239)",30,,,,,,
25851695,Rue Carnot,residential,False,False,54.703,"LINESTRING (3.0264357 42.5480669, 3.0267012 42.5476155)",30,,,,,,
25851690,Rue Siné,residential,False,False,25.521,"LINESTRING (3.0267012 42.5476155, 3.0264202 42.5475164)",30,,,,,,
25851690,Rue Siné,residential,False,True,15.828,"LINESTRING (3.0267012 42.5476155, 3.0268826 42.5476645)",30,,,,,,
25851695,Rue Carnot,residential,False,False,47.111,"LINESTRING (3.0267012 42.5476155, 3.0269164 42.5472226)",30,,,,,,
25851695,Rue Carnot,residential,False,True,54.703,"LINESTRING (3.0267012 42.5476155, 3.0264357 42.5480669)",30,,,,,,
25851690,Rue Siné,residential,False,False,25.686,"LINESTRING (3.0264202 42.5475164, 3.0261333 42.5474232)",30,,,,,,
25851690,Rue Siné,residential,False,True,25.521,"LINESTRING (3.0264202 42.5475164, 3.0267012 42.5476155)",30,,,,,,
25851694,Rue Mirabeau,residential,False,False,47.442,"LINESTRING (3.0264202 42.5475164, 3.0266401 42.5471217)",30,,,,,,
25851694,Rue Mirabeau,residential,False,True,54.4,"LINESTRING (3.0264202 42.5475164, 3.0261431 42.547961)",30,,,,,,
25849076,Avenue de la Libération,residential,False,True,25.263,"LINESTRING (3.0266401 42.5471217, 3.0269164 42.5472226)",30,,,,,,
25851694,Rue Mirabeau,residential,False,True,47.442,"LINESTRING (3.0266401 42.5471217, 3.0264202 42.5475164)",30,,,,,,
25849076,Avenue de la Libération,residential,False,False,25.176000000000002,"LINESTRING (3.0266401 42.5471217, 3.026458 42.5470583, 3.0263528 42.5470493)",30,,,,,,
25851692,Rue Condorcet,residential,False,False,16.125,"LINESTRING (3.0266167 42.5481239, 3.0264357 42.5480669)",30,,,,,,
25851692,Rue Condorcet,residential,False,True,21.547,"LINESTRING (3.0266167 42.5481239, 3.026849 42.5482148)",30,,,,,,
25851696,Rue Camille Desmoulins,residential,False,True,55.533,"LINESTRING (3.0266167 42.5481239, 3.0268826 42.5476645)",30,,,,,,
25849076,Avenue de la Libération,residential,False,False,11.611,"LINESTRING (3.0272276 42.5473352, 3.0270999 42.5472899)",30,,,,,,
25851697,Rue du Castell Maler,residential,False,False,63.015,"LINESTRING (3.0272276 42.5473352, 3.0269951 42.5478754)",30,,,,,,
25849076,Avenue de la Libération,residential,False,True,46.832,"LINESTRING (3.0272276 42.5473352, 3.0272599 42.5473447, 3.0275196 42.547471, 3.0277123 42.5475576)",30,,,,,,
25849076,Avenue de la Libération,residential,False,False,25.263,"LINESTRING (3.0269164 42.5472226, 3.0266401 42.5471217)",30,,,,,,
25849076,Avenue de la Libération,residential,False,True,16.792,"LINESTRING (3.0269164 42.5472226, 3.0270999 42.5472899)",30,,,,,,
25851695,Rue Carnot,residential,False,True,47.111,"LINESTRING (3.0269164 42.5472226, 3.0267012 42.5476155)",30,,,,,,
25849076,Avenue de la Libération,residential,False,False,16.792,"LINESTRING (3.0270999 42.5472899, 3.0269164 42.5472226)",30,,,,,,
25849076,Avenue de la Libération,residential,False,True,11.611,"LINESTRING (3.0270999 42.5472899, 3.0272276 42.5473352)",30,,,,,,
25851696,Rue Camille Desmoulins,residential,False,False,45.298,"LINESTRING (3.0270999 42.5472899, 3.0268826 42.5476645)",30,,,,,,
25851720,Rue Leconte de L'Isle,residential,False,True,42.411,"LINESTRING (3.0270999 42.5472899, 3.027339 42.5469516)",30,,,,,,
25851697,Rue du Castell Maler,residential,False,True,65.718,"LINESTRING (3.0273249 42.548476, 3.0267966 42.5484048, 3.0268008 42.5483315, 3.026849 42.5482148)",30,,,,,,
25851685,Rue du Jeu de Paume,residential,False,True,19.022,"LINESTRING (3.0297171 42.5492387, 3.0298955 42.5491292)",,,,,,,
25851684,Rue du Jeu de Paume,residential,False,False,10.25,"LINESTRING (3.0298955 42.5491292, 3.0299719 42.5492022)",,,,,,,
25851684,Rue du Jeu de Paume,residential,False,True,53.077,"LINESTRING (3.0298955 42.5491292, 3.0295123 42.5487443)",,,,,,,
25851685,Rue du Jeu de Paume,residential,False,False,19.022,"LINESTRING (3.0298955 42.5491292, 3.0297171 42.5492387)",,,,,,,
25851684,Rue du Jeu de Paume,residential,False,True,10.25,"LINESTRING (3.0299719 42.5492022, 3.0298955 42.5491292)",,,,,,,
25851683,Rue du Jeu de Paume,residential,False,True,38.317,"LINESTRING (3.0295123 42.5487443, 3.0298689 42.5485213)",,,,,,,
25851684,Rue du Jeu de Paume,residential,False,False,53.077,"LINESTRING (3.0295123 42.5487443, 3.0298955 42.5491292)",,,,,,,
"[25851683, 25851686]","['Impasse Gensonne', 'Rue du Jeu de Paume']",residential,False,"[False, True]",71.344,"LINESTRING (3.0295123 42.5487443, 3.0291768 42.5489446, 3.0290099 42.5492438)",,,,,,,
922054476,Rue Victor Hugo,living_street,False,False,3.719,"LINESTRING (3.0235378 42.54555, 3.0235136 42.5455783)",20,,,,,,
25851710,Rue du 4 Septembre,living_street,False,True,55.279,"LINESTRING (3.0235378 42.54555, 3.0241424 42.5457509, 3.0241529 42.5457544)",20,,,,,,
"[25851683, 25851686]","['Rue du Jeu de Paume', 'Impasse Gensonne']",residential,False,"[False, True]",71.344,"LINESTRING (3.0290099 42.5492438, 3.0291768 42.5489446, 3.0295123 42.5487443)",,,,,,,
25851710,Rue du 4 Septembre,living_street,False,False,55.279,"LINESTRING (3.0241529 42.5457544, 3.0241424 42.5457509, 3.0235378 42.54555)",20,,,,,,
25848988,Rue Victor Hugo,living_street,True,False,33.141,"LINESTRING (3.0237365 42.5452904, 3.0236299 42.5454323, 3.0235378 42.54555)",20,,,,,,
25851712,Impasse Édouard Herriot,residential,False,False,30.568,"LINESTRING (3.0247798 42.545129, 3.0251133 42.5452523)",,,,,,,
25851712,Impasse Édouard Herriot,residential,False,True,30.568,"LINESTRING (3.0251133 42.5452523, 3.0247798 42.545129)",,,,,,,
550222849,Boulevard Édouard Herriot,residential,False,True,85.309,"LINESTRING (3.0251133 42.5452523, 3.0255809 42.5445668)",30,,,,,,
"[25851713, 922054473]","['Boulevard Édouard Herriot', 'Place Gambetta']",living_street,True,False,49.23,"LINESTRING (3.0251133 42.5452523, 3.025083 42.5452991, 3.0248638 42.5456377, 3.0248546 42.5456519)",20,,,,,,
25851715,Rue Jean Mermoz,residential,False,True,84.731,"LINESTRING (3.0246609 42.5442219, 3.0246924 42.5442334, 3.0247033 42.5442381, 3.0251823 42.5444432, 3.0255809 42.5445668)",30,,,,,,
835383845,Route Nationale,secondary,True,False,65.43700000000001,"LINESTRING (3.0246609 42.5442219, 3.0249087 42.5440672, 3.0251025 42.5439906, 3.0252551 42.5439602, 3.0253496 42.543948)",30,D 114,1,,,,
"[25851713, 922054477]","['Avenue du Marasquer', 'Place Gambetta']",living_street,True,False,71.017,"LINESTRING (3.0248546 42.5456519, 3.024821 42.5457052, 3.0247372 42.5458381, 3.0246628 42.5459563, 3.0246185 42.5460265, 3.0248469 42.5461022, 3.0248978 42.5461191)",20,,,,,,
"[550222850, 25851707]","['Rue de la Gendarmerie', 'Place Gambetta']",living_street,True,False,100.02799999999999,"LINESTRING (3.0248546 42.5456519, 3.0243693 42.545495, 3.0241518 42.5454247, 3.0237365 42.5452904)",20,,,,,,
25848991,Avenue du 8 Mai 1945,residential,False,True,33.928,"LINESTRING (3.0257782 42.5442751, 3.0257472 42.5442302, 3.0256997 42.5441731, 3.0255641 42.5440141)",,,,,,,
219942891,Avenue du 8 Mai 1945,residential,False,False,351.841,"LINESTRING (3.0257782 42.5442751, 3.0258017 42.5442854, 3.0259391 42.544341, 3.0273246 42.5448345, 3.0274311 42.5448683, 3.0286563 42.5453137, 3.029527 42.5456011, 3.0296519 42.5456398)",,,,,,,
550222849,Boulevard Édouard Herriot,residential,False,False,36.295,"LINESTRING (3.0257782 42.5442751, 3.0257562 42.544322, 3.0255809 42.5445668)",30,,,,,,
25851714,Avenue du Marasquer,residential,True,False,32.775999999999996,"LINESTRING (3.0248978 42.5461191, 3.0252114 42.5462199, 3.0252613 42.5462416)",30,,,,,,
25849076,Avenue de la Libération,residential,False,False,23.231,"LINESTRING (3.0245636 42.546609, 3.0243013 42.5465296)",30,,,,,,
25849076,Avenue de la Libération,residential,False,True,32.096,"LINESTRING (3.0245636 42.546609, 3.0249172 42.5467333)",30,,,,,,
25851699,Rue Anatole France,residential,True,False,29.628,"LINESTRING (3.0245636 42.546609, 3.024732 42.5463732)",30,,,,,,
25851698,Rue Chateaubriand,residential,True,False,32.195,"LINESTRING (3.0250881 42.5464957, 3.024732 42.5463732)",30,,,,,,
25851702,Rue Lamartine,residential,True,False,29.9,"LINESTRING (3.0250881 42.5464957, 3.0249172 42.5467333)",30,,,,,,
25851699,Rue Anatole France,residential,True,False,31.35,"LINESTRING (3.024732 42.5463732, 3.0248978 42.5461191)",30,,,,,,
550222849,Boulevard Édouard Herriot,residential,False,False,85.309,"LINESTRING (3.0255809 42.5445668, 3.0251133 42.5452523)",30,,,,,,
25851715,Rue Jean Mermoz,residential,False,False,84.731,"LINESTRING (3.0255809 42.5445668, 3.0251823 42.5444432, 3.0247033 42.5442381, 3.0246924 42.5442334, 3.0246609 42.5442219)",30,,,,,,
550222849,Boulevard Édouard Herriot,residential,False,True,36.295,"LINESTRING (3.0255809 42.5445668, 3.0257562 42.544322, 3.0257782 42.5442751)",30,,,,,,
25851714,Avenue du Marasquer,residential,True,False,35.54,"LINESTRING (3.0256048 42.5463513, 3.0259917 42.5464959)",30,,,,,,
25849076,Avenue de la Libération,residential,False,False,43.209,"LINESTRING (3.0257752 42.5469972, 3.0257413 42.5469998, 3.0252905 42.5468521)",30,,,,,,
25849076,Avenue de la Libération,residential,False,True,19.28,"LINESTRING (3.0257752 42.5469972, 3.0259572 42.547026, 3.0260054 42.5470333)",30,,,,,,
25851701,Rue Alfred de Musset,residential,True,False,30.537,"LINESTRING (3.0252905 42.5468521, 3.0254489 42.5466035)",30,,,,,,
25849076,Avenue de la Libération,residential,False,False,33.422000000000004,"LINESTRING (3.0252905 42.5468521, 3.0251825 42.5468296, 3.0249172 42.5467333)",30,,,,,,
25849076,Avenue de la Libération,residential,False,True,43.209,"LINESTRING (3.0252905 42.5468521, 3.0257413 42.5469998, 3.0257752 42.5469972)",30,,,,,,
25851704,Rue Alfred de Vigny,residential,True,False,25.124,"LINESTRING (3.0259917 42.5464959, 3.0258941 42.5467101)",30,,,,,,
25851714,Avenue du Marasquer,residential,True,False,35.735,"LINESTRING (3.0259917 42.5464959, 3.0263861 42.5466332)",30,,,,,,
25851698,Rue Chateaubriand,residential,True,False,38.349,"LINESTRING (3.0258941 42.5467101, 3.0254489 42.5466035)",30,,,,,,
25851704,Rue Alfred de Vigny,residential,True,False,33.377,"LINESTRING (3.0258941 42.5467101, 3.0257752 42.5469972)",30,,,,,,
25851678,Rue Robespierre,residential,False,False,21.905,"LINESTRING (3.0263567 42.546829, 3.0263861 42.5466332)",30,,,,,,
25851678,Rue Robespierre,residential,False,True,24.498,"LINESTRING (3.0263567 42.546829, 3.0263528 42.5470493)",30,,,,,,
25851698,Rue Chateaubriand,residential,True,False,40.136,"LINESTRING (3.0263567 42.546829, 3.0258941 42.5467101)",30,,,,,,
25851703,Rue Sully Prudhomme,residential,False,True,33.553,"LINESTRING (3.0263567 42.546829, 3.026761 42.5468773)",30,,,,,,
25851698,Rue Chateaubriand,residential,True,False,31.895,"LINESTRING (3.0254489 42.5466035, 3.0250881 42.5464957)",30,,,,,,
25851701,Rue Alfred de Musset,residential,True,False,30.815,"LINESTRING (3.0254489 42.5466035, 3.0256048 42.5463513)",30,,,,,,
25851702,Rue Lamartine,residential,True,False,31.617,"LINESTRING (3.0252613 42.5462416, 3.0250881 42.5464957)",30,,,,,,
25851714,Avenue du Marasquer,residential,True,False,30.67,"LINESTRING (3.0252613 42.5462416, 3.0255675 42.5463394, 3.0256048 42.5463513)",30,,,,,,
25849076,Avenue de la Libération,residential,False,False,32.096,"LINESTRING (3.0249172 42.5467333, 3.0245636 42.546609)",30,,,,,,
25849076,Avenue de la Libération,residential,False,True,33.422000000000004,"LINESTRING (3.0249172 42.5467333, 3.0251825 42.5468296, 3.0252905 42.5468521)",30,,,,,,
25851703,Rue Sully Prudhomme,residential,False,False,33.553,"LINESTRING (3.026761 42.5468773, 3.0263567 42.546829)",30,,,,,,
25851703,Rue Sully Prudhomme,residential,False,True,48.065,"LINESTRING (3.026761 42.5468773, 3.027339 42.5469516)",30,,,,,,
25851706,Rue Verlaine,residential,True,False,28.925,"LINESTRING (3.026761 42.5468773, 3.0266401 42.5471217)",30,,,,,,
25851703,Rue Sully Prudhomme,residential,False,False,48.065,"LINESTRING (3.027339 42.5469516, 3.026761 42.5468773)",30,,,,,,
25851720,Rue Leconte de L'Isle,residential,False,False,42.411,"LINESTRING (3.027339 42.5469516, 3.0270999 42.5472899)",30,,,,,,
25851720,Rue Leconte de L'Isle,residential,False,True,83.873,"LINESTRING (3.027339 42.5469516, 3.0275193 42.5466819, 3.0275028 42.5466493, 3.0269541 42.5465396)",30,,,,,,
25851706,Rue Verlaine,residential,True,False,3.895,"LINESTRING (3.0269374 42.5465068, 3.0269541 42.5465396)",30,,,,,,
25851705,Rue Arthur Rimbaud,residential,True,False,64.669,"LINESTRING (3.0269374 42.5465068, 3.0272186 42.5464007, 3.0272908 42.5463775, 3.0273784 42.5463656, 3.0275168 42.5463761, 3.0276821 42.5463908)",30,,,,,,
219942894,Rue Arthur Rimbaud,residential,False,True,125.01999999999998,"LINESTRING (3.0296964 42.5457218, 3.0296624 42.5457504, 3.0295558 42.5458475, 3.0294369 42.5459436, 3.0294036 42.545975, 3.0293059 42.5460302, 3.0288508 42.5462913, 3.0287667 42.5463395, 3.0286431 42.5464193, 3.0285948 42.546436, 3.0285472 42.5464478)",30,,,,,,
1037415687,,residential,True,False,10.07,"LINESTRING (3.0296964 42.5457218, 3.0296615 42.5456845, 3.0296519 42.5456398)",,,,,roundabout,,
25851706,Rue Verlaine,residential,True,False,40.747,"LINESTRING (3.0269541 42.5465396, 3.026761 42.5468773)",30,,,,,,
25851720,Rue Leconte de L'Isle,residential,False,False,83.873,"LINESTRING (3.0269541 42.5465396, 3.0275028 42.5466493, 3.0275193 42.5466819, 3.027339 42.5469516)",30,,,,,,
25851721,Rue Baudelaire,residential,False,True,143.875,"LINESTRING (3.0285472 42.5464478, 3.0285664 42.5465445, 3.0285548 42.5465922, 3.0277123 42.5475576)",30,,,,,,
219942894,Rue Arthur Rimbaud,residential,False,False,125.02000000000001,"LINESTRING (3.0285472 42.5464478, 3.0285948 42.546436, 3.0286431 42.5464193, 3.0287667 42.5463395, 3.0288508 42.5462913, 3.0293059 42.5460302, 3.0294036 42.545975, 3.0294369 42.5459436, 3.0295558 42.5458475, 3.0296624 42.5457504, 3.0296964 42.5457218)",30,,,,,,
25849076,Avenue de la Libération,residential,False,False,46.83200000000001,"LINESTRING (3.0277123 42.5475576, 3.0275196 42.547471, 3.0272599 42.5473447, 3.0272276 42.5473352)",30,,,,,,
25849076,Avenue de la Libération,residential,False,True,168.228,"LINESTRING (3.0277123 42.5475576, 3.0282129 42.5478112, 3.0293065 42.5482296, 3.0294924 42.5483074)",30,,,,,,
25851721,Rue Baudelaire,residential,False,False,143.875,"LINESTRING (3.0277123 42.5475576, 3.0285548 42.5465922, 3.0285664 42.5465445, 3.0285472 42.5464478)",30,,,,,,
"[223892690, 25851725]",Avenue du 8 Mai 1945,residential,False,False,127.2,"LINESTRING (3.0298591 42.5457352, 3.030016 42.5457969, 3.0311316 42.5461971, 3.0312529 42.5462391)",,,,,,,
1037415687,,residential,True,False,14.11,"LINESTRING (3.0298591 42.5457352, 3.0297748 42.5457481, 3.0296964 42.5457218)",,,,,roundabout,,
25849076,Avenue de la Libération,residential,False,False,18.617,"LINESTRING (3.0299893 42.5486633, 3.0298689 42.5485213)",30,,,,,,
"[25851716, 25851717]","['Rue René Crabos', 'Rue Pierre de Coubertin']",residential,False,"[False, True]",323.81,"LINESTRING (3.0299893 42.5486633, 3.0304768 42.5473636, 3.0304621 42.5473247, 3.0303213 42.5472268, 3.0302481 42.5472048, 3.0301914 42.5472036, 3.029871 42.5473374, 3.0294924 42.5483074)",,,,,,,
25851719,Rue Marcel Cerdan,residential,False,False,54.391,"LINESTRING (3.0296444 42.5460033, 3.0302347 42.5462272)",,,,,,,
25851722,Impasse du Marasquer,residential,False,False,104.916,"LINESTRING (3.0262569 42.5459153, 3.0266282 42.5460217, 3.0266564 42.5460675, 3.0263861 42.5466332)",30,,,,,,
25851678,Rue Robespierre,residential,False,True,21.905,"LINESTRING (3.0263861 42.5466332, 3.0263567 42.546829)",30,,,,,,
25851705,Rue Arthur Rimbaud,residential,True,False,48.122,"LINESTRING (3.0263861 42.5466332, 3.0264502 42.546643, 3.0267444 42.5465724, 3.0269374 42.5465068)",30,,,,,,
25851722,Impasse du Marasquer,residential,False,True,104.916,"LINESTRING (3.0263861 42.5466332, 3.0266564 42.5460675, 3.0266282 42.5460217, 3.0262569 42.5459153)",30,,,,,,
25849076,Avenue de la Libération,residential,False,False,168.228,"LINESTRING (3.0294924 42.5483074, 3.0293065 42.5482296, 3.0282129 42.5478112, 3.0277123 42.5475576)",30,,,,,,
25849076,Avenue de la Libération,residential,False,True,38.958999999999996,"LINESTRING (3.0294924 42.5483074, 3.029617 42.5483733, 3.0298689 42.5485213)",30,,,,,,
"[25851716, 25851717]","['Rue René Crabos', 'Rue Pierre de Coubertin']",residential,False,"[False, True]",323.81000000000006,"LINESTRING (3.0294924 42.5483074, 3.029871 42.5473374, 3.0301914 42.5472036, 3.0302481 42.5472048, 3.0303213 42.5472268, 3.0304621 42.5473247, 3.0304768 42.5473636, 3.0299893 42.5486633)",,,,,,,
25851719,Rue Marcel Cerdan,residential,False,True,109.248,"LINESTRING (3.0312529 42.5462391, 3.0312397 42.5462591, 3.0312214 42.546287, 3.0310768 42.5465065, 3.0310091 42.5465069, 3.0302347 42.5462272)",,,,,,,
"[223892690, 25851725]",Avenue du 8 Mai 1945,residential,False,True,127.20000000000002,"LINESTRING (3.0312529 42.5462391, 3.0311316 42.5461971, 3.030016 42.5457969, 3.0298591 42.5457352)",,,,,,,
25851719,Rue Marcel Cerdan,residential,False,True,54.391,"LINESTRING (3.0302347 42.5462272, 3.0296444 42.5460033)",,,,,,,
25851719,Rue Marcel Cerdan,residential,False,False,109.248,"LINESTRING (3.0302347 42.5462272, 3.0310091 42.5465069, 3.0310768 42.5465065, 3.0312214 42.546287, 3.0312397 42.5462591, 3.0312529 42.5462391)",,,,,,,
25860539,Rue Antoine Bourdelle,residential,False,False,157.89400000000003,"LINESTRING (3.0260463 42.5436756, 3.0263502 42.5439587, 3.0263505 42.5439789, 3.0263507 42.5439982, 3.0263201 42.5441702, 3.0263625 42.5442215, 3.0267355 42.544336, 3.0268586 42.5443318, 3.02712 42.5443076, 3.0273467 42.5443511, 3.0273808 42.5443689)",,,,,,,
223892692,Route de Collioure,secondary,False,False,20.475,"LINESTRING (3.0260463 42.5436756, 3.0261403 42.5436427, 3.0262714 42.5435956)",,D 114,2,,,,
"[25848931, 223892692]",Route de Collioure,secondary,False,True,45.81,"LINESTRING (3.0260463 42.5436756, 3.0258727 42.5437366, 3.0256623 42.5438021, 3.0255832 42.5438858)",,D 114,2,,,,
25860539,Rue Antoine Bourdelle,residential,False,True,20.775,"LINESTRING (3.0276194 42.5444319, 3.027468 42.544395, 3.0273808 42.5443689)",,,,,,,
25860539,Rue Antoine Bourdelle,residential,False,False,20.775,"LINESTRING (3.0273808 42.5443689, 3.027468 42.544395, 3.0276194 42.5444319)",,,,,,,
25860539,Rue Antoine Bourdelle,residential,False,True,157.894,"LINESTRING (3.0273808 42.5443689, 3.0273467 42.5443511, 3.02712 42.5443076, 3.0268586 42.5443318, 3.0267355 42.544336, 3.0263625 42.5442215, 3.0263201 42.5441702, 3.0263507 42.5439982, 3.0263505 42.5439789, 3.0263502 42.5439587, 3.0260463 42.5436756)",,,,,,,
25860541,Rue Charles Despiau,residential,False,True,97.39099999999999,"LINESTRING (3.0273808 42.5443689, 3.02746 42.5441709, 3.027483 42.5441465, 3.0275237 42.5441033, 3.0275787 42.5440592, 3.0276708 42.5440411, 3.0282507 42.5442034)",,,,,,,
25860543,Rue Paul Valéry,residential,False,True,22.752,"LINESTRING (3.0290292 42.5444109, 3.0289117 42.5442255)",,,,,,,
25860543,Rue Paul Valéry,residential,False,False,87.833,"LINESTRING (3.0285632 42.5435018, 3.0285251 42.5436085, 3.0289117 42.5442255)",,,,,,,
25860544,Rue Louis Aragon,residential,False,False,36.795,"LINESTRING (3.0285632 42.5435018, 3.0289524 42.5434181, 3.0289923 42.543405)",,,,,,,
25860546,Rue Louis Aragon,residential,False,True,9.665,"LINESTRING (3.0297261 42.5432913, 3.0297689 42.5433723)",,,,,,,
25860544,Rue Louis Aragon,residential,False,True,61.827,"LINESTRING (3.0297261 42.5432913, 3.0295539 42.5433427, 3.0292007 42.54337, 3.0289923 42.543405)",,,,,,,
25860546,Rue Louis Aragon,residential,False,False,9.665,"LINESTRING (3.0297689 42.5433723, 3.0297261 42.5432913)",,,,,,,
25860544,Rue Louis Aragon,residential,False,False,61.827,"LINESTRING (3.0289923 42.543405, 3.0292007 42.54337, 3.0295539 42.5433427, 3.0297261 42.5432913)",,,,,,,
25860544,Rue Louis Aragon,residential,False,True,36.795,"LINESTRING (3.0289923 42.543405, 3.0289524 42.5434181, 3.0285632 42.5435018)",,,,,,,
25860555,Rue André Gide,residential,False,False,41.599,"LINESTRING (3.0308987 42.5447123, 3.0309457 42.5450848)",,,,,,,
25860555,Rue André Gide,residential,False,True,60.106,"LINESTRING (3.0308987 42.5447123, 3.0308894 42.5441718)",,,,,,,
167167176,Rue Docteur Zamenhof,residential,False,True,172.108,"LINESTRING (3.0308987 42.5447123, 3.0302922 42.5445852, 3.0302386 42.5445496, 3.0294017 42.5443362, 3.0289117 42.5442255)",,,,,,,
25860555,Rue André Gide,residential,False,True,41.599,"LINESTRING (3.0309457 42.5450848, 3.0308987 42.5447123)",,,,,,,
25860561,Rue Alain,residential,False,True,119.598,"LINESTRING (3.0309457 42.5450848, 3.0308511 42.5451484, 3.0307626 42.5452637, 3.0306143 42.5453767, 3.0304875 42.5454065, 3.0301358 42.5454046, 3.0299963 42.5454135, 3.0298631 42.5454395, 3.0297815 42.5455022, 3.029779 42.545545)",,,,,,,
25860555,Rue André Gide,residential,False,False,60.106,"LINESTRING (3.0308894 42.5441718, 3.0308987 42.5447123)",,,,,,,
25860555,Rue André Gide,residential,False,True,81.403,"LINESTRING (3.0308894 42.5441718, 3.0308625 42.5435055, 3.0308488 42.5434408)",,,,,,,
25851723,,residential,True,False,30.269000000000005,"LINESTRING (3.029779 42.545545, 3.0298516 42.5455552, 3.0299066 42.5455915, 3.029914 42.545609, 3.0299285 42.5456435, 3.029911 42.5456964, 3.0298591 42.5457352)",,,,,roundabout,,
25860561,Rue Alain,residential,False,False,119.59800000000001,"LINESTRING (3.029779 42.545545, 3.0297815 42.5455022, 3.0298631 42.5454395, 3.0299963 42.5454135, 3.0301358 42.5454046, 3.0304875 42.5454065, 3.0306143 42.5453767, 3.0307626 42.5452637, 3.0308511 42.5451484, 3.0309457 42.5450848)",,,,,,,
354320214,Avenue du 11 Novembre 1918,residential,False,False,0.429,"LINESTRING (3.0201937 42.5476006, 3.020198 42.5476028)",,,,,,,
354320214,Avenue du 11 Novembre 1918,residential,False,True,14.191,"LINESTRING (3.0201937 42.5476006, 3.0200503 42.547529)",,,,,,,
25848870,Rue Marcelin Albert,residential,False,True,77.61500000000001,"LINESTRING (3.0201937 42.5476006, 3.0203699 42.547362, 3.0202008 42.5472496, 3.0199912 42.5472045, 3.0198588 42.5472104)",30,,,,,,
63369351,Route de Notre-Dame-de-Vie,residential,False,False,40.994,"LINESTRING (3.0202409 42.5440579, 3.0203035 42.5441147, 3.0204681 42.544275, 3.0205397 42.5443534)",,,,,,,
835383845,Route Nationale,secondary,True,False,18.224,"LINESTRING (3.0244915 42.544328, 3.0245316 42.5442999, 3.024553 42.544287, 3.0246609 42.5442219)",30,D 114,1,,,,
25860555,Rue André Gide,residential,False,False,81.403,"LINESTRING (3.0308488 42.5434408, 3.0308625 42.5435055, 3.0308894 42.5441718)",,,,,,,
"[167167154, 169234226]",Rue Jacques Prévert,"['residential', 'living_street']",False,"[False, True]",132.4,"LINESTRING (3.0308488 42.5434408, 3.0306194 42.543443, 3.0301688 42.543439, 3.0301926 42.5435158, 3.0302356 42.5437332, 3.0297313 42.5438556)",,,,,,,
25860543,Rue Paul Valéry,residential,False,False,22.752,"LINESTRING (3.0289117 42.5442255, 3.0290292 42.5444109)",,,,,,,
25860543,Rue Paul Valéry,residential,False,True,87.833,"LINESTRING (3.0289117 42.5442255, 3.0285251 42.5436085, 3.0285632 42.5435018)",,,,,,,
167167176,Rue Docteur Zamenhof,residential,False,False,172.108,"LINESTRING (3.0289117 42.5442255, 3.0294017 42.5443362, 3.0302386 42.5445496, 3.0302922 42.5445852, 3.0308987 42.5447123)",,,,,,,
219942918,Rue George Sand,residential,False,False,79.114,"LINESTRING (3.0279207 42.5457021, 3.0278553 42.5458391, 3.0276821 42.5463908)",30,,,,,,
"[25849042, 550143999]","['Rue de la Solidarité', 'Place Saint-Come et Saint-Damien']",living_street,False,False,114.04800000000002,"LINESTRING (3.0227322 42.546249, 3.0226176 42.546159, 3.0225679 42.5461301, 3.0224849 42.5461256, 3.0223809 42.5461445, 3.022314 42.5461844, 3.0222738 42.5462323, 3.0222592 42.5463011, 3.0222723 42.5463734, 3.0223407 42.5464182, 3.022429 42.5464395, 3.0228113 42.5464789, 3.0228554 42.5464834)",20,,,,,,
25851705,Rue Arthur Rimbaud,residential,True,False,71.268,"LINESTRING (3.0276821 42.5463908, 3.0283206 42.5464474, 3.0284502 42.5464515, 3.0285472 42.5464478)",30,,,,,,
219942918,Rue George Sand,residential,False,True,79.114,"LINESTRING (3.0276821 42.5463908, 3.0278553 42.5458391, 3.0279207 42.5457021)",30,,,,,,
25849059,Allée de la Tolérance,residential,False,True,109.35000000000001,"LINESTRING (3.0229657 42.548769, 3.0231125 42.5488159, 3.023268 42.5488299, 3.0234521 42.5488139, 3.0235783 42.548803, 3.0242186 42.5486954, 3.0242664 42.5486874)",30,,,,,,
25848980,Rue du Sallfore,residential,False,True,67.951,"LINESTRING (3.0248619 42.5519246, 3.0247095 42.5518317, 3.0244439 42.5516652, 3.0241736 42.5516035)",,,,,,,
25849074,Rue des Colomates,residential,False,True,18.532,"LINESTRING (3.0248619 42.5519246, 3.0250121 42.5518207, 3.025026 42.5518099)",,,,,,,
311844784,Rue du Repos,tertiary,False,False,36.894,"LINESTRING (3.021505 42.5450481, 3.0214865 42.5450152, 3.0214482 42.5449751, 3.0212005 42.5448543, 3.0211651 42.5448433)",30,D 2,,,,,
311844785,,tertiary,True,False,11.245000000000001,"LINESTRING (3.021505 42.5450481, 3.0215194 42.5450445, 3.0215456 42.5450468, 3.0215678 42.5450573, 3.0215817 42.5450738, 3.0215845 42.5450932, 3.0215789 42.5451046)",30,,,,roundabout,,
311844785,,tertiary,True,False,7.298,"LINESTRING (3.0215789 42.5451046, 3.0215756 42.5451115, 3.0215568 42.5451251, 3.0215318 42.5451314, 3.0215056 42.5451291)",30,,,,roundabout,,
518304784,Avenue de la Gare,tertiary,False,False,10.988,"LINESTRING (3.0215789 42.5451046, 3.021616 42.5451153, 3.021656 42.5451261, 3.0217076 42.5451239)",30,D 2,,,,,
25848884,Rue d'Alembert,residential,False,False,18.583000000000002,"LINESTRING (3.0215056 42.5451291, 3.0214871 42.5451577, 3.0215001 42.5452928)",30,,,,,,
311844785,,tertiary,True,False,11.734,"LINESTRING (3.0215056 42.5451291, 3.0214833 42.5451186, 3.0214694 42.5451021, 3.0214667 42.5450827, 3.0214756 42.5450644, 3.0214944 42.5450508, 3.021505 42.5450481)",30,,,,roundabout,,
25860541,Rue Charles Despiau,residential,False,False,97.39099999999999,"LINESTRING (3.0282507 42.5442034, 3.0276708 42.5440411, 3.0275787 42.5440592, 3.0275237 42.5441033, 3.027483 42.5441465, 3.02746 42.5441709, 3.0273808 42.5443689)",,,,,,,
"[167167154, 169234226]",Rue Jacques Prévert,"['living_street', 'residential']",False,"[False, True]",132.39999999999998,"LINESTRING (3.0297313 42.5438556, 3.0302356 42.5437332, 3.0301926 42.5435158, 3.0301688 42.543439, 3.0306194 42.543443, 3.0308488 42.5434408)",,,,,,,
549899549,Impasse du Castell Maler,residential,False,True,85.138,"LINESTRING (3.0279726 42.5481355, 3.0269951 42.5478754)",30,,,,,,
25851697,Rue du Castell Maler,residential,False,False,39.592,"LINESTRING (3.0269951 42.5478754, 3.026849 42.5482148)",30,,,,,,
25851697,Rue du Castell Maler,residential,False,True,63.015,"LINESTRING (3.0269951 42.5478754, 3.0272276 42.5473352)",30,,,,,,
549899549,Impasse du Castell Maler,residential,False,False,85.138,"LINESTRING (3.0269951 42.5478754, 3.0279726 42.5481355)",30,,,,,,
25849076,Avenue de la Libération,residential,False,True,23.231,"LINESTRING (3.0243013 42.5465296, 3.0245636 42.546609)",30,,,,,,
25848992,Rue Bernard Desclot,residential,False,False,11.148,"LINESTRING (3.0208786 42.5500377, 3.0209448 42.5499501)",,,,,,,
25848977,Rue Jean Moulin,residential,False,True,8.998,"LINESTRING (3.0261283 42.5433136, 3.0261715 42.543388)",,,,,,,
223892692,Route de Collioure,secondary,False,False,6.639,"LINESTRING (3.0262714 42.5435956, 3.0263448 42.5435703)",,D 114,2,,,,
223892692,Route de Collioure,secondary,False,True,20.475,"LINESTRING (3.0262714 42.5435956, 3.0261403 42.5436427, 3.0260463 42.5436756)",,D 114,2,,,,
1064182115,Rue Jean Moulin,residential,True,False,24.573999999999998,"LINESTRING (3.0262714 42.5435956, 3.0262157 42.5435066, 3.0261715 42.543388)",,,,,,,
1064182116,Rue Jean Moulin,residential,True,False,14.356,"LINESTRING (3.0262594 42.5434588, 3.0263002 42.5434957, 3.0263448 42.5435703)",,,,,,,
223892692,Route de Collioure,secondary,False,True,6.639,"LINESTRING (3.0263448 42.5435703, 3.0262714 42.5435956)",,D 114,2,,,,
25848977,Rue Jean Moulin,residential,False,False,8.998,"LINESTRING (3.0261715 42.543388, 3.0261283 42.5433136)",,,,,,,
1064182116,Rue Jean Moulin,residential,True,False,10.674,"LINESTRING (3.0261715 42.543388, 3.0262412 42.5434423, 3.0262594 42.5434588)",,,,,,,
550222852,Rue Georges Brassens,residential,False,True,28.237,"LINESTRING (3.020746 42.5501583, 3.0205073 42.5503415)",,,,,,,
25848922,Rue de la Font Andreu,residential,False,False,27.229,"LINESTRING (3.0231557 42.5511818, 3.0230334 42.5514095)",,,,,,,
550222852,Rue Georges Brassens,residential,False,False,10.666,"LINESTRING (3.0203966 42.550392, 3.0205073 42.5503415)",,,,,,,
1096382440,Rue Georges Brassens,residential,False,False,47.796,"LINESTRING (3.0203966 42.550392, 3.0201262 42.5500111)",,,,,,,
550222852,Rue Georges Brassens,residential,False,True,51.265,"LINESTRING (3.0203966 42.550392, 3.0201442 42.5506381, 3.019942 42.5506712)",,,,,,,
25849022,Rue Marcel Pagnol,residential,False,False,50.622,"LINESTRING (3.0201262 42.5500111, 3.0206645 42.5497875)",,,,,,,
1096382440,Rue Georges Brassens,residential,False,True,47.796,"LINESTRING (3.0201262 42.5500111, 3.0203966 42.550392)",,,,,,,
749497834,Rue Wilfred El Pilos,residential,False,False,13.972,"LINESTRING (3.0218808 42.5498548, 3.0219666 42.5497462)",,,,,,,
1095007312,,residential,True,False,28.672,"LINESTRING (3.0218808 42.5498548, 3.021602 42.5496989)",,,,,,,
"[749497834, 25848986]","['Rue Wilfred El Pilos', 'Place Ramon Llull']",residential,False,True,112.937,"LINESTRING (3.0218808 42.5498548, 3.0213241 42.5505592, 3.0211016 42.5506748)",,,,,,,
25848913,Cami de la Mainada,residential,False,True,162.683,"LINESTRING (3.024376 42.5506217, 3.0232353 42.5504758, 3.0229052 42.5503893, 3.022471 42.5502423)",,,,,,,
