osmid,oneway,lanes,ref,name,highway,maxspeed,width,reversed,length,geometry
840189055,True,2,33,شێلادزێ- بو دهوکێ,trunk,50,30,False,52.513,"LINESTRING (43.7794849 37.0308672, 43.7789096 37.0309772)"
513298434,False,,,,residential,,,True,157.547,"LINESTRING (43.7794849 37.0308672, 43.7796402 37.0312392, 43.7797834 37.0316369, 43.7798476 37.0317897, 43.779921 37.031945, 43.7800712 37.0322022)"
505810458,False,,,Ertis Sokağ,tertiary,,,False,54.581,"LINESTRING (43.7764111 37.0314025, 43.7763132 37.0309179)"
838841557,True,2,33,ڕێگای دهۆک - شێلادزێ,trunk,50,30,False,201.651,"LINESTRING (43.7764111 37.0314025, 43.7771083 37.0312468, 43.778547 37.0309308, 43.7786006 37.0309192)"
513298433,False,,,جادا تاخئ بیریا,residential,,,True,58.0,"LINESTRING (43.7741718 37.0319966, 43.7743329 37.0325021)"
840189055,True,2,33,شێلادزێ- بو دهوکێ,trunk,50,30,False,40.328,"LINESTRING (43.7741718 37.0319966, 43.7738534 37.0320681, 43.7737364 37.0320998)"
513301990,False,2,,,trunk_link,,,False,14.057,"LINESTRING (43.7808314 37.0305739, 43.7807943 37.030451)"
513298438,False,,,,residential,,,True,61.309,"LINESTRING (43.7808314 37.0305739, 43.7810712 37.0308837, 43.7812008 37.0310397)"
840189055,True,2,33,شێلادزێ- بو دهوکێ,trunk,50,30,False,45.376999999999995,"LINESTRING (43.7808314 37.0305739, 43.7805737 37.0306277, 43.7803369 37.0306773)"
513304847,False,,,تاخئ بیریا,residential,,,False,60.82,"LINESTRING (43.7757732 37.0366025, 43.7764041 37.0363891)"
513298433,False,,,جادا تاخئ بیریا,residential,,,False,182.40900000000002,"LINESTRING (43.7757732 37.0366025, 43.7755409 37.0360477, 43.775164 37.0350801, 43.7751493 37.0350396)"
513298433,False,,,جادا تاخئ بیریا,residential,,,True,82.518,"LINESTRING (43.7757732 37.0366025, 43.7758967 37.0368351, 43.7761457 37.0372824)"
513298434,False,,,,residential,,,False,121.397,"LINESTRING (43.7812076 37.0349714, 43.7808682 37.0339138)"
513304844,False,,,,residential,,,False,52.178,"LINESTRING (43.7812076 37.0349714, 43.7815813 37.0349212, 43.7817894 37.0349068)"
513304844,False,,,,residential,,,True,60.00000000000001,"LINESTRING (43.7812076 37.0349714, 43.7808118 37.0350142, 43.7807656 37.0350198, 43.780719 37.0350178, 43.7806738 37.0350085, 43.7806319 37.0349921, 43.7805949 37.0349694, 43.7805822 37.0349555, 43.7805641 37.0349461)"
513298434,False,,,,residential,,,False,52.422,"LINESTRING (43.7805669 37.0330474, 43.7803234 37.0326179)"
513298434,False,,,,residential,,,True,3.639,"LINESTRING (43.7805669 37.0330474, 43.780578 37.0330789)"
513298445,False,,,Tekya,residential,,,True,50.222,"LINESTRING (43.7805669 37.0330474, 43.7800208 37.0331655)"
513298434,False,,,,residential,,,True,51.36,"LINESTRING (43.7800712 37.0322022, 43.7803234 37.0326179)"
513298436,False,,,مالێت بیریا,residential,,,True,52.646,"LINESTRING (43.7800712 37.0322022, 43.7795071 37.0323484)"
513298434,False,,,,residential,,,False,157.547,"LINESTRING (43.7800712 37.0322022, 43.779921 37.031945, 43.7798476 37.0317897, 43.7797834 37.0316369, 43.7796402 37.0312392, 43.7794849 37.0308672)"
513298436,False,,,مالێت بیریا,residential,,,False,63.039,"LINESTRING (43.7800712 37.0322022, 43.7805246 37.0319977, 43.780687 37.0319199)"
513298436,False,,,مالێت بیریا,residential,,,False,105.983,"LINESTRING (43.7774782 37.03277, 43.7786332 37.0325285)"
513298442,False,,,,residential,,,False,48.759,"LINESTRING (43.7774782 37.03277, 43.7776301 37.0331914)"
513298463,False,,,,residential,,,False,27.989,"LINESTRING (43.7774782 37.03277, 43.7771637 37.0327881)"
513298436,False,,,مالێت بیریا,residential,,,False,75.04,"LINESTRING (43.7786332 37.0325285, 43.7794524 37.0323619)"
513298436,False,,,مالێت بیریا,residential,,,True,105.983,"LINESTRING (43.7786332 37.0325285, 43.7774782 37.03277)"
513298443,False,,,Takya,residential,,,True,48.71,"LINESTRING (43.7786332 37.0325285, 43.7787786 37.0329509)"
513298436,False,,,مالێت بیریا,residential,,,False,5.082,"LINESTRING (43.7794524 37.0323619, 43.7795071 37.0323484)"
513298436,False,,,مالێت بیریا,residential,,,True,75.04,"LINESTRING (43.7794524 37.0323619, 43.7786332 37.0325285)"
513298460,False,,,,residential,,,False,56.678,"LINESTRING (43.7794524 37.0323619, 43.7792587 37.0318762)"
513298436,False,,,مالێت بیریا,residential,,,True,56.302,"LINESTRING (43.7820543 37.0311514, 43.7815349 37.031442)"
513298437,False,,,مالێت کوکەریا,residential,,,False,47.122,"LINESTRING (43.7820543 37.0311514, 43.7817865 37.0307855)"
513298437,False,,,مالێت کوکەریا,residential,,,True,6.196,"LINESTRING (43.7820543 37.0311514, 43.782092 37.0311983)"
513298437,False,,,مالێت کوکەریا,residential,,,True,47.122,"LINESTRING (43.7817865 37.0307855, 43.7820543 37.0311514)"
513298439,False,,,Malêt Kokerya,residential,,,True,59.178,"LINESTRING (43.7817865 37.0307855, 43.7812008 37.0310397)"
513298437,False,,,مالێت کوکەریا,residential,,,False,45.013000000000005,"LINESTRING (43.7817865 37.0307855, 43.7817049 37.0306133, 43.7816146 37.0304047)"
"[513298440, 513298439]",False,,,Malêt Kokerya,residential,,,False,134.629,"LINESTRING (43.7817865 37.0307855, 43.7823464 37.0305339, 43.7829224 37.0302808, 43.7829309 37.0302519, 43.7829262 37.0302206, 43.7828431 37.0301307)"
513298437,False,,,مالێت کوکەریا,residential,,,True,45.013000000000005,"LINESTRING (43.7816146 37.0304047, 43.7817049 37.0306133, 43.7817865 37.0307855)"
840189055,True,2,33,شێلادزێ- بو دهوکێ,trunk,50,30,False,72.027,"LINESTRING (43.7816146 37.0304047, 43.7814349 37.0304411, 43.7808314 37.0305739)"
513298436,False,,,مالێت بیریا,residential,,,False,56.302,"LINESTRING (43.7815349 37.031442, 43.7820543 37.0311514)"
513298436,False,,,مالێت بیریا,residential,,,True,25.912,"LINESTRING (43.7815349 37.031442, 43.7813007 37.0315811)"
513298438,False,,,,residential,,,False,53.672,"LINESTRING (43.7815349 37.031442, 43.7812008 37.0310397)"
513298438,False,,,,residential,,,True,53.672,"LINESTRING (43.7812008 37.0310397, 43.7815349 37.031442)"
513298439,False,,,Malêt Kokerya,residential,,,False,59.178,"LINESTRING (43.7812008 37.0310397, 43.7817865 37.0307855)"
513298438,False,,,,residential,,,False,61.309,"LINESTRING (43.7812008 37.0310397, 43.7810712 37.0308837, 43.7808314 37.0305739)"
"[513298440, 513298439]",False,,,Malêt Kokerya,residential,,,True,134.629,"LINESTRING (43.7828431 37.0301307, 43.7829262 37.0302206, 43.7829309 37.0302519, 43.7829224 37.0302808, 43.7823464 37.0305339, 43.7817865 37.0307855)"
840189055,True,2,33,شێلادزێ- بو دهوکێ,trunk,50,30,False,113.286,"LINESTRING (43.7828431 37.0301307, 43.7825775 37.0301949, 43.7822235 37.0302698, 43.7818453 37.0303641, 43.7816146 37.0304047)"
513298436,False,,,مالێت بیریا,residential,,,True,7.031,"LINESTRING (43.7807461 37.0318778, 43.780687 37.0319199)"
513298436,False,,,مالێت بیریا,residential,,,False,59.264,"LINESTRING (43.7807461 37.0318778, 43.7810624 37.0317064, 43.7813007 37.0315811)"
513298441,False,,,,residential,,,False,139.014,"LINESTRING (43.7807461 37.0318778, 43.7806161 37.0316157, 43.7805116 37.0314009, 43.7804524 37.0312218, 43.7804074 37.0310623, 43.7803779 37.0308869, 43.7803369 37.0306773)"
513298441,False,,,,residential,,,True,139.014,"LINESTRING (43.7803369 37.0306773, 43.7803779 37.0308869, 43.7804074 37.0310623, 43.7804524 37.0312218, 43.7805116 37.0314009, 43.7806161 37.0316157, 43.7807461 37.0318778)"
840189055,True,2,33,شێلادزێ- بو دهوکێ,trunk,50,30,False,78.54,"LINESTRING (43.7803369 37.0306773, 43.7801152 37.0307281, 43.7796539 37.0308244, 43.7794849 37.0308672)"
513298442,False,,,,residential,,,True,161.34900000000002,"LINESTRING (43.7783975 37.0354678, 43.7780067 37.0343214, 43.7779263 37.0340664)"
513298443,False,,,Takya,residential,,,False,102.473,"LINESTRING (43.7794888 37.0351617, 43.7792157 37.0342663)"
513298442,False,,,,residential,,,False,49.187,"LINESTRING (43.7776301 37.0331914, 43.7777842 37.0336163)"
513298442,False,,,,residential,,,True,48.759,"LINESTRING (43.7776301 37.0331914, 43.7774782 37.03277)"
513298444,False,,,تەکیا,residential,,,False,105.397,"LINESTRING (43.7776301 37.0331914, 43.7787786 37.0329509)"
513298443,False,,,Takya,residential,,,False,48.71,"LINESTRING (43.7787786 37.0329509, 43.7786332 37.0325285)"
513298443,False,,,Takya,residential,,,True,51.886,"LINESTRING (43.7787786 37.0329509, 43.7789408 37.0333992)"
513298444,False,,,تەکیا,residential,,,False,79.896,"LINESTRING (43.7787786 37.0329509, 43.7796516 37.032776)"
513298444,False,,,تەکیا,residential,,,True,105.397,"LINESTRING (43.7787786 37.0329509, 43.7776301 37.0331914)"
513298434,False,,,,residential,,,False,51.36,"LINESTRING (43.7803234 37.0326179, 43.7800712 37.0322022)"
513298434,False,,,,residential,,,True,52.422,"LINESTRING (43.7803234 37.0326179, 43.7805669 37.0330474)"
513298444,False,,,تەکیا,residential,,,True,62.17,"LINESTRING (43.7803234 37.0326179, 43.7796516 37.032776)"
513298442,False,,,,residential,,,False,24.86,"LINESTRING (43.7777842 37.0336163, 43.7778526 37.0338331)"
513298442,False,,,,residential,,,True,49.187,"LINESTRING (43.7777842 37.0336163, 43.7776301 37.0331914)"
513298445,False,,,Tekya,residential,,,False,105.466,"LINESTRING (43.7777842 37.0336163, 43.7789408 37.0333992)"
513298443,False,,,Takya,residential,,,False,51.886,"LINESTRING (43.7789408 37.0333992, 43.7787786 37.0329509)"
513298443,False,,,Takya,residential,,,True,49.626,"LINESTRING (43.7789408 37.0333992, 43.7790797 37.0338315)"
513298445,False,,,Tekya,residential,,,False,49.147,"LINESTRING (43.7789408 37.0333992, 43.7794752 37.0332836)"
513298445,False,,,Tekya,residential,,,True,105.466,"LINESTRING (43.7789408 37.0333992, 43.7777842 37.0336163)"
513298446,False,,,Takya,residential,,,False,110.229,"LINESTRING (43.7800495 37.0351069, 43.7797523 37.0341444)"
513304844,False,,,,residential,,,False,49.888,"LINESTRING (43.7800495 37.0351069, 43.7802449 37.0350131, 43.7803094 37.0349882, 43.7803773 37.03497, 43.7805222 37.0349454, 43.7805433 37.0349427, 43.7805641 37.0349461)"
840762120,False,,,تاخئ هریاش,residential,,,True,196.17400000000004,"LINESTRING (43.7800495 37.0351069, 43.780088 37.0354942, 43.7798483 37.035845, 43.7797834 37.0360203, 43.7797934 37.0361518, 43.7799732 37.0363033, 43.7800381 37.0365025, 43.7800655 37.0367486)"
513298445,False,,,Tekya,residential,,,False,27.05,"LINESTRING (43.7794752 37.0332836, 43.7797693 37.0332199)"
513298445,False,,,Tekya,residential,,,True,49.147,"LINESTRING (43.7794752 37.0332836, 43.7789408 37.0333992)"
513298446,False,,,Takya,residential,,,True,98.827,"LINESTRING (43.7794752 37.0332836, 43.7797523 37.0341444)"
513298443,False,,,Takya,residential,,,True,102.473,"LINESTRING (43.7792157 37.0342663, 43.7794888 37.0351617)"
513298447,False,,,,residential,,,False,49.522,"LINESTRING (43.7792157 37.0342663, 43.7797523 37.0341444)"
513298443,False,,,Takya,residential,,,False,49.833,"LINESTRING (43.7792157 37.0342663, 43.7791482 37.0340451, 43.7790797 37.0338315)"
513298446,False,,,Takya,residential,,,False,98.827,"LINESTRING (43.7797523 37.0341444, 43.7794752 37.0332836)"
513298446,False,,,Takya,residential,,,True,110.229,"LINESTRING (43.7797523 37.0341444, 43.7800495 37.0351069)"
513298447,False,,,,residential,,,False,49.059,"LINESTRING (43.7797523 37.0341444, 43.7802882 37.0340365)"
513298447,False,,,,residential,,,True,49.522,"LINESTRING (43.7797523 37.0341444, 43.7792157 37.0342663)"
513298434,False,,,,residential,,,True,121.397,"LINESTRING (43.7808682 37.0339138, 43.7812076 37.0349714)"
513298447,False,,,,residential,,,True,53.261,"LINESTRING (43.7808682 37.0339138, 43.7802882 37.0340365)"
513304816,False,,,,residential,,,False,53.247,"LINESTRING (43.7808682 37.0339138, 43.7814482 37.0337916)"
513298434,False,,,,residential,,,False,49.169000000000004,"LINESTRING (43.7808682 37.0339138, 43.780831 37.0337986, 43.7807216 37.0334874)"
513298448,False,,,,residential,,,False,104.066,"LINESTRING (43.7805641 37.0349461, 43.7802882 37.0340365)"
513304844,False,,,,residential,,,False,60.0,"LINESTRING (43.7805641 37.0349461, 43.7805822 37.0349555, 43.7805949 37.0349694, 43.7806319 37.0349921, 43.7806738 37.0350085, 43.780719 37.0350178, 43.7807656 37.0350198, 43.7808118 37.0350142, 43.7812076 37.0349714)"
513304844,False,,,,residential,,,True,49.888,"LINESTRING (43.7805641 37.0349461, 43.7805433 37.0349427, 43.7805222 37.0349454, 43.7803773 37.03497, 43.7803094 37.0349882, 43.7802449 37.0350131, 43.7800495 37.0351069)"
513298447,False,,,,residential,,,False,53.261,"LINESTRING (43.7802882 37.0340365, 43.7808682 37.0339138)"
513298447,False,,,,residential,,,True,49.059,"LINESTRING (43.7802882 37.0340365, 43.7797523 37.0341444)"
513298448,False,,,,residential,,,False,99.717,"LINESTRING (43.7802882 37.0340365, 43.7800208 37.0331655)"
513298448,False,,,,residential,,,True,104.066,"LINESTRING (43.7802882 37.0340365, 43.7805641 37.0349461)"
513298445,False,,,Tekya,residential,,,False,50.222,"LINESTRING (43.7800208 37.0331655, 43.7805669 37.0330474)"
513298445,False,,,Tekya,residential,,,True,23.13,"LINESTRING (43.7800208 37.0331655, 43.7797693 37.0332199)"
513298448,False,,,,residential,,,True,99.717,"LINESTRING (43.7800208 37.0331655, 43.7802882 37.0340365)"
513298442,False,,,,residential,,,True,26.754,"LINESTRING (43.7779263 37.0340664, 43.7778526 37.0338331)"
513298449,False,,,,residential,,,False,56.457,"LINESTRING (43.7779263 37.0340664, 43.7785426 37.0339409)"
513298442,False,,,,residential,,,False,161.34900000000002,"LINESTRING (43.7779263 37.0340664, 43.7780067 37.0343214, 43.7783975 37.0354678)"
513298443,False,,,Takya,residential,,,False,49.626,"LINESTRING (43.7790797 37.0338315, 43.7789408 37.0333992)"
513298449,False,,,,residential,,,True,49.203,"LINESTRING (43.7790797 37.0338315, 43.7785426 37.0339409)"
513298443,False,,,Takya,residential,,,True,49.833,"LINESTRING (43.7790797 37.0338315, 43.7791482 37.0340451, 43.7792157 37.0342663)"
513298450,False,,,,residential,,,False,167.859,"LINESTRING (43.7789968 37.0354063, 43.7785426 37.0339409)"
513298449,False,,,,residential,,,False,49.203,"LINESTRING (43.7785426 37.0339409, 43.7790797 37.0338315)"
513298449,False,,,,residential,,,True,56.457,"LINESTRING (43.7785426 37.0339409, 43.7779263 37.0340664)"
513298450,False,,,,residential,,,True,167.859,"LINESTRING (43.7785426 37.0339409, 43.7789968 37.0354063)"
513298437,False,,,مالێت کوکەریا,residential,,,False,43.842,"LINESTRING (43.782359 37.03153, 43.782092 37.0311983)"
513298455,False,,,مالێت کوکەریا,residential,,,False,52.898,"LINESTRING (43.782359 37.03153, 43.7828492 37.0312595)"
513298437,False,,,مالێت کوکەریا,residential,,,True,74.83800000000001,"LINESTRING (43.782359 37.03153, 43.7826639 37.0318908, 43.7828032 37.032101)"
513298455,False,,,مالێت کوکەریا,residential,,,True,52.898,"LINESTRING (43.7828492 37.0312595, 43.782359 37.03153)"
513298436,False,,,مالێت بیریا,residential,,,False,52.646,"LINESTRING (43.7795071 37.0323484, 43.7800712 37.0322022)"
513298436,False,,,مالێت بیریا,residential,,,True,5.082,"LINESTRING (43.7795071 37.0323484, 43.7794524 37.0323619)"
1071021993,False,,,,residential,,,True,49.247,"LINESTRING (43.7795071 37.0323484, 43.7796516 37.032776)"
513298460,False,,,,residential,,,True,60.451,"LINESTRING (43.7789096 37.0309772, 43.7790955 37.0315002)"
840189055,True,2,33,شێلادزێ- بو دهوکێ,trunk,50,30,False,155.28400000000002,"LINESTRING (43.7789096 37.0309772, 43.7784898 37.0310685, 43.7779427 37.0311884, 43.7773687 37.0313105, 43.7772208 37.0313413)"
513298460,False,,,,residential,,,False,60.451,"LINESTRING (43.7790955 37.0315002, 43.7789096 37.0309772)"
513298460,False,,,,residential,,,True,44.248,"LINESTRING (43.7790955 37.0315002, 43.7792587 37.0318762)"
513298461,False,,,Malêt Birya,residential,,,False,155.095,"LINESTRING (43.7790955 37.0315002, 43.7777914 37.0317747, 43.7774385 37.0318425, 43.7774042 37.03185)"
513298462,False,,,,residential,,,False,59.207,"LINESTRING (43.77629 37.032091, 43.7760839 37.0315846)"
513298462,False,,,,residential,,,True,93.727,"LINESTRING (43.77629 37.032091, 43.7765706 37.0329036)"
513298461,False,,,Malêt Birya,residential,,,True,48.888000000000005,"LINESTRING (43.77629 37.032091, 43.776665 37.0320109, 43.7768218 37.0319767)"
513298462,False,,,,residential,,,False,93.727,"LINESTRING (43.7765706 37.0329036, 43.77629 37.032091)"
513298463,False,,,,residential,,,False,9.159,"LINESTRING (43.7765706 37.0329036, 43.7764873 37.0329522)"
513298463,False,,,,residential,,,True,54.191,"LINESTRING (43.7765706 37.0329036, 43.7771637 37.0327881)"
513298462,False,,,,residential,,,True,59.207,"LINESTRING (43.7760839 37.0315846, 43.77629 37.032091)"
840189055,True,2,33,شێلادزێ- بو دهوکێ,trunk,50,30,False,56.80200000000001,"LINESTRING (43.7760839 37.0315846, 43.7757862 37.0316574, 43.775467 37.0317195)"
513298463,False,,,,residential,,,False,54.191,"LINESTRING (43.7771637 37.0327881, 43.7765706 37.0329036)"
513298463,False,,,,residential,,,True,27.989,"LINESTRING (43.7771637 37.0327881, 43.7774782 37.03277)"
513298466,False,,,,residential,,,False,43.76,"LINESTRING (43.7771637 37.0327881, 43.7770065 37.0324151)"
513298463,False,,,,residential,,,True,9.159,"LINESTRING (43.7764873 37.0329522, 43.7765706 37.0329036)"
513298463,False,,,,residential,,,False,44.854,"LINESTRING (43.7764873 37.0329522, 43.7764705 37.0330003, 43.7764906 37.0331126, 43.7765722 37.0333436)"
936579459,False,,,,unclassified,,,True,79.825,"LINESTRING (43.7764873 37.0329522, 43.7764431 37.0329422, 43.7764013 37.0329355, 43.7763344 37.0329322, 43.7761568 37.0329672, 43.7760586 37.0329705, 43.7760042 37.0329589, 43.7759499 37.0329188, 43.7758504 37.0326658)"
513298463,False,,,,residential,,,True,80.836,"LINESTRING (43.7768184 37.0340435, 43.7765722 37.0333436)"
513298465,False,,,,residential,,,False,94.735,"LINESTRING (43.7768184 37.0340435, 43.7778526 37.0338331)"
513298465,False,,,,residential,,,True,93.96,"LINESTRING (43.7768184 37.0340435, 43.7757919 37.0342498)"
513298463,False,,,,residential,,,False,80.836,"LINESTRING (43.7765722 37.0333436, 43.7768184 37.0340435)"
513298464,False,,,,residential,,,False,169.565,"LINESTRING (43.7765722 37.0333436, 43.7747198 37.0337161)"
513298463,False,,,,residential,,,True,44.854,"LINESTRING (43.7765722 37.0333436, 43.7764906 37.0331126, 43.7764705 37.0330003, 43.7764873 37.0329522)"
513298433,False,,,جادا تاخئ بیریا,residential,,,False,44.448,"LINESTRING (43.7747198 37.0337161, 43.7745964 37.0333287)"
513298433,False,,,جادا تاخئ بیریا,residential,,,True,6.953,"LINESTRING (43.7747198 37.0337161, 43.7747391 37.0337767)"
513298464,False,,,,residential,,,True,169.565,"LINESTRING (43.7747198 37.0337161, 43.7765722 37.0333436)"
513298433,False,,,جادا تاخئ بیریا,residential,,,False,25.106,"LINESTRING (43.7749426 37.0344151, 43.7748728 37.0341963)"
513298433,False,,,جادا تاخئ بیریا,residential,,,True,22.936,"LINESTRING (43.7749426 37.0344151, 43.7750063 37.034615)"
513298465,False,,,,residential,,,False,77.598,"LINESTRING (43.7749426 37.0344151, 43.7753713 37.0343344, 43.7757919 37.0342498)"
513298442,False,,,,residential,,,False,26.754,"LINESTRING (43.7778526 37.0338331, 43.7779263 37.0340664)"
513298442,False,,,,residential,,,True,24.86,"LINESTRING (43.7778526 37.0338331, 43.7777842 37.0336163)"
513298465,False,,,,residential,,,True,94.735,"LINESTRING (43.7778526 37.0338331, 43.7768184 37.0340435)"
513298461,False,,,Malêt Birya,residential,,,True,53.583,"LINESTRING (43.7768218 37.0319767, 43.7774042 37.03185)"
513298466,False,,,,residential,,,True,51.431,"LINESTRING (43.7768218 37.0319767, 43.7770065 37.0324151)"
513298461,False,,,Malêt Birya,residential,,,False,48.888000000000005,"LINESTRING (43.7768218 37.0319767, 43.776665 37.0320109, 43.77629 37.032091)"
513298460,False,,,,residential,,,False,44.248,"LINESTRING (43.7792587 37.0318762, 43.7790955 37.0315002)"
513298460,False,,,,residential,,,True,56.678,"LINESTRING (43.7792587 37.0318762, 43.7794524 37.0323619)"
513298467,False,,,مالێت بیریا,residential,,,False,208.708,"LINESTRING (43.7792587 37.0318762, 43.7770065 37.0324151)"
513298466,False,,,,residential,,,False,51.431,"LINESTRING (43.7770065 37.0324151, 43.7768218 37.0319767)"
513298466,False,,,,residential,,,True,43.76,"LINESTRING (43.7770065 37.0324151, 43.7771637 37.0327881)"
513298467,False,,,مالێت بیریا,residential,,,True,208.708,"LINESTRING (43.7770065 37.0324151, 43.7792587 37.0318762)"
513298475,False,,,شهیدان,residential,,,False,89.956,"LINESTRING (43.7726318 37.0322003, 43.7723643 37.03142)"
838841557,True,2,33,ڕێگای دهۆک - شێلادزێ,trunk,50,30,False,97.646,"LINESTRING (43.7726318 37.0322003, 43.7732385 37.0320834, 43.7736969 37.0319813)"
513298475,False,,,شهیدان,residential,,,True,47.237,"LINESTRING (43.7722278 37.0310094, 43.7723643 37.03142)"
513298478,False,,,شهیدان,residential,50,,False,115.578,"LINESTRING (43.7722278 37.0310094, 43.77291 37.030854, 43.772961 37.0308359, 43.7729865 37.0307929, 43.7729371 37.030414)"
513298475,False,,,شهیدان,residential,,,False,47.237,"LINESTRING (43.7723643 37.03142, 43.7722278 37.0310094)"
513298475,False,,,شهیدان,residential,,,True,89.956,"LINESTRING (43.7723643 37.03142, 43.7726318 37.0322003)"
"[513298476, 800603927]",False,,,شهیدان,"['residential', 'unclassified']",,,False,184.91400000000007,"LINESTRING (43.7723643 37.03142, 43.7731988 37.0312236, 43.7734653 37.0311855, 43.7734956 37.0311915, 43.7735223 37.0312076, 43.773633 37.0312909, 43.7736814 37.0313275, 43.773728 37.0313529, 43.7737764 37.0313671, 43.7738128 37.0313741, 43.7738474 37.0313715, 43.7738818 37.0313628, 43.7739093 37.0313514, 43.7740294 37.0312889, 43.7740866 37.0312624, 43.7741485 37.0312377, 43.7741918 37.0312236, 43.7742768 37.0312123)"
838841557,True,2,33,ڕێگای دهۆک - شێلادزێ,trunk,50,30,False,48.764,"LINESTRING (43.7721008 37.0323127, 43.7726318 37.0322003)"
513298478,False,,,شهیدان,residential,50,,True,115.578,"LINESTRING (43.7729371 37.030414, 43.7729865 37.0307929, 43.772961 37.0308359, 43.77291 37.030854, 43.7722278 37.0310094)"
513298493,False,,,جادا مزگەفتێ,residential,,,True,24.572,"LINESTRING (43.7731021 37.0341675, 43.7729396 37.0339886)"
513298493,False,,,جادا مزگەفتێ,residential,,,False,52.358,"LINESTRING (43.7731021 37.0341675, 43.7731939 37.034279, 43.7732453 37.0343404, 43.7733002 37.0343999, 43.7733584 37.0344573, 43.773449 37.0345478)"
513298433,False,,,جادا تاخئ بیریا,residential,,,False,48.143,"LINESTRING (43.7748728 37.0341963, 43.7747391 37.0337767)"
513298433,False,,,جادا تاخئ بیریا,residential,,,True,25.106,"LINESTRING (43.7748728 37.0341963, 43.7749426 37.0344151)"
513298492,False,,,جادا مزگەفتێ,residential,,,False,76.468,"LINESTRING (43.7748728 37.0341963, 43.7740388 37.0343686)"
513298493,False,,,جادا مزگەفتێ,residential,,,False,15.098,"LINESTRING (43.773449 37.0345478, 43.7735511 37.0346564)"
513298492,False,,,جادا مزگەفتێ,residential,,,True,56.063,"LINESTRING (43.773449 37.0345478, 43.7737245 37.0344594, 43.7739657 37.0343837, 43.7740388 37.0343686)"
513298493,False,,,جادا مزگەفتێ,residential,,,True,52.358000000000004,"LINESTRING (43.773449 37.0345478, 43.7733584 37.0344573, 43.7733002 37.0343999, 43.7732453 37.0343404, 43.7731939 37.034279, 43.7731021 37.0341675)"
513298493,False,,,جادا مزگەفتێ,residential,,,True,46.411,"LINESTRING (43.7724845 37.0351577, 43.7730066 37.0351803)"
962417126,False,,,Taxe Chamtiya,residential,,,True,47.328,"LINESTRING (43.7724845 37.0351577, 43.772458 37.0355828)"
962417126,False,,,Taxe Chamtiya,residential,,,False,148.173,"LINESTRING (43.7724845 37.0351577, 43.7725129 37.0347022, 43.7725226 37.0346718, 43.772544 37.0346454, 43.7725748 37.034626, 43.7726119 37.0346155, 43.7726513 37.034615, 43.7735511 37.0346564)"
513298433,False,,,جادا تاخئ بیریا,residential,,,False,48.896,"LINESTRING (43.7751493 37.0350396, 43.7750845 37.0348605, 43.7750063 37.034615)"
513298433,False,,,جادا تاخئ بیریا,residential,,,True,182.409,"LINESTRING (43.7751493 37.0350396, 43.775164 37.0350801, 43.7755409 37.0360477, 43.7757732 37.0366025)"
513298494,False,,,,residential,,,False,95.36,"LINESTRING (43.7751493 37.0350396, 43.7747059 37.0351574, 43.7746579 37.035144, 43.7746003 37.0350961, 43.7744539 37.0348795, 43.7743989 37.0347556)"
513298492,False,,,جادا مزگەفتێ,residential,,,True,76.468,"LINESTRING (43.7740388 37.0343686, 43.7748728 37.0341963)"
513298492,False,,,جادا مزگەفتێ,residential,,,False,56.063,"LINESTRING (43.7740388 37.0343686, 43.7739657 37.0343837, 43.7737245 37.0344594, 43.773449 37.0345478)"
513298494,False,,,,residential,,,True,54.281,"LINESTRING (43.7740388 37.0343686, 43.7741994 37.0344962, 43.7742954 37.0345863, 43.7743722 37.0346955, 43.7743989 37.0347556)"
513298433,False,,,جادا تاخئ بیریا,residential,,,False,22.936,"LINESTRING (43.7750063 37.034615, 43.7749426 37.0344151)"
513298495,False,,,,residential,,,False,56.136,"LINESTRING (43.7750063 37.034615, 43.7743989 37.0347556)"
513298433,False,,,جادا تاخئ بیریا,residential,,,True,48.896,"LINESTRING (43.7750063 37.034615, 43.7750845 37.0348605, 43.7751493 37.0350396)"
513298495,False,,,,residential,,,True,56.136,"LINESTRING (43.7743989 37.0347556, 43.7750063 37.034615)"
513298494,False,,,,residential,,,False,54.281,"LINESTRING (43.7743989 37.0347556, 43.7743722 37.0346955, 43.7742954 37.0345863, 43.7741994 37.0344962, 43.7740388 37.0343686)"
513298494,False,,,,residential,,,True,95.36000000000001,"LINESTRING (43.7743989 37.0347556, 43.7744539 37.0348795, 43.7746003 37.0350961, 43.7746579 37.035144, 43.7747059 37.0351574, 43.7751493 37.0350396)"
513298433,False,,,جادا تاخئ بیریا,residential,,,False,11.395,"LINESTRING (43.7744776 37.0329561, 43.7744459 37.0328568)"
513298433,False,,,جادا تاخئ بیریا,residential,,,True,42.752,"LINESTRING (43.7744776 37.0329561, 43.7745964 37.0333287)"
513298497,False,,,Zeweyi,residential,,,False,79.439,"LINESTRING (43.7744776 37.0329561, 43.7753427 37.0327732)"
513298497,False,,,Zeweyi,residential,,,True,46.622,"LINESTRING (43.7758504 37.0326658, 43.7753427 37.0327732)"
513298500,False,,,,residential,,,True,110.591,"LINESTRING (43.7758504 37.0326658, 43.775467 37.0317195)"
936579459,False,,,,unclassified,,,False,79.82500000000002,"LINESTRING (43.7758504 37.0326658, 43.7759499 37.0329188, 43.7760042 37.0329589, 43.7760586 37.0329705, 43.7761568 37.0329672, 43.7763344 37.0329322, 43.7764013 37.0329355, 43.7764431 37.0329422, 43.7764873 37.0329522)"
513298497,False,,,Zeweyi,residential,,,False,46.622,"LINESTRING (43.7753427 37.0327732, 43.7758504 37.0326658)"
513298497,False,,,Zeweyi,residential,,,True,79.439,"LINESTRING (43.7753427 37.0327732, 43.7744776 37.0329561)"
513298498,False,,,,residential,,,False,53.127,"LINESTRING (43.7753427 37.0327732, 43.7751796 37.0323135)"
513298498,False,,,,residential,,,True,55.786,"LINESTRING (43.7750083 37.0318308, 43.7751796 37.0323135)"
840189055,True,2,33,شێلادزێ- بو دهوکێ,trunk,50,30,False,76.508,"LINESTRING (43.7750083 37.0318308, 43.7741718 37.0319966)"
513298500,False,,,,residential,,,False,110.591,"LINESTRING (43.775467 37.0317195, 43.7758504 37.0326658)"
840189055,True,2,33,شێلادزێ- بو دهوکێ,trunk,50,30,False,42.557,"LINESTRING (43.775467 37.0317195, 43.7750083 37.0318308)"
513298501,False,,,مالیت ئەرتیسیا,residential,,,False,20.624,"LINESTRING (43.779617 37.0307012, 43.7795411 37.0305259)"
838841557,True,2,33,ڕێگای دهۆک - شێلادزێ,trunk,50,30,False,89.749,"LINESTRING (43.779617 37.0307012, 43.7802421 37.0305682, 43.7805936 37.0304923)"
513298501,False,,,مالیت ئەرتیسیا,residential,,,True,20.624,"LINESTRING (43.7795411 37.0305259, 43.779617 37.0307012)"
513298501,False,,,مالیت ئەرتیسیا,residential,,,False,44.186,"LINESTRING (43.7795411 37.0305259, 43.779471 37.0304886, 43.7793029 37.0304439, 43.7790696 37.0304137)"
513298502,False,,,تاخێ ئەرتیس,residential,,,False,129.04500000000002,"LINESTRING (43.7795411 37.0305259, 43.7796264 37.0304215, 43.7798876 37.0299564, 43.7798959 37.0297777, 43.7798453 37.0294327)"
840762127,False,,,,residential,,,True,53.649,"LINESTRING (43.7780873 37.0298641, 43.777506 37.0299961)"
513298501,False,,,مالیت ئەرتیسیا,residential,,,False,65.712,"LINESTRING (43.7780873 37.0298641, 43.7779812 37.0295904, 43.7778707 37.029299)"
513298501,False,,,مالیت ئەرتیسیا,residential,,,True,45.808,"LINESTRING (43.7780873 37.0298641, 43.778287 37.0301715, 43.7783272 37.0302288)"
513298501,False,,,مالیت ئەرتیسیا,residential,,,True,65.712,"LINESTRING (43.7778707 37.029299, 43.7779812 37.0295904, 43.7780873 37.0298641)"
513298503,False,,,,residential,,,False,111.55000000000001,"LINESTRING (43.7808658 37.0304364, 43.7807999 37.0300026, 43.7807146 37.0294405)"
838841557,True,2,33,ڕێگای دهۆک - شێلادزێ,trunk,50,30,False,61.747,"LINESTRING (43.7808658 37.0304364, 43.7813217 37.0303398, 43.7815379 37.0302933)"
513298503,False,,,,residential,,,True,111.55000000000001,"LINESTRING (43.7807146 37.0294405, 43.7807999 37.0300026, 43.7808658 37.0304364)"
513298505,False,,,,residential,,,False,43.634,"LINESTRING (43.7818806 37.0302195, 43.7817387 37.0298438)"
838841557,True,2,33,ڕێگای دهۆک - شێلادزێ,trunk,50,30,False,97.369,"LINESTRING (43.7818806 37.0302195, 43.7821681 37.030161, 43.7827568 37.0300233, 43.7829363 37.0299822)"
513298506,False,,,Hamarang,residential,,,False,47.439,"LINESTRING (43.7829363 37.0299822, 43.7827152 37.0295938)"
513298506,False,,,Hamarang,residential,,,True,47.439,"LINESTRING (43.7827152 37.0295938, 43.7829363 37.0299822)"
513298507,False,,,,residential,,,True,91.032,"LINESTRING (43.7827152 37.0295938, 43.7817387 37.0298438)"
"[513298505, 513298506, 513298510]",False,,,Hamarang,residential,,,"[False, True]",186.311,"LINESTRING (43.7827152 37.0295938, 43.7825856 37.0292313, 43.782544 37.0291949, 43.7824933 37.0291826, 43.7816233 37.0294005, 43.7815943 37.0294149, 43.7815784 37.029439, 43.7817387 37.0298438)"
513298505,False,,,,residential,,,True,43.634,"LINESTRING (43.7817387 37.0298438, 43.7818806 37.0302195)"
513298507,False,,,,residential,,,False,91.032,"LINESTRING (43.7817387 37.0298438, 43.7827152 37.0295938)"
"[513298505, 513298506, 513298510]",False,,,Hamarang,residential,,,"[False, True]",186.311,"LINESTRING (43.7817387 37.0298438, 43.7815784 37.029439, 43.7815943 37.0294149, 43.7816233 37.0294005, 43.7824933 37.0291826, 43.782544 37.0291949, 43.7825856 37.0292313, 43.7827152 37.0295938)"
513298508,False,,,,residential,,,False,42.222,"LINESTRING (43.7815379 37.0302933, 43.7813711 37.0299377)"
838841557,True,2,33,ڕێگای دهۆک - شێلادزێ,trunk,50,30,False,31.509,"LINESTRING (43.7815379 37.0302933, 43.7818806 37.0302195)"
513298508,False,,,,residential,,,True,42.222,"LINESTRING (43.7813711 37.0299377, 43.7815379 37.0302933)"
505810458,False,,,Ertis Sokağ,tertiary,,,True,54.581,"LINESTRING (43.7763132 37.0309179, 43.7764111 37.0314025)"
505810458,False,,,Ertis Sokağ,tertiary,,,False,120.185,"LINESTRING (43.7763132 37.0309179, 43.7762877 37.0307599, 43.7762648 37.0306219, 43.7762483 37.0304833, 43.7762381 37.0303442, 43.7762266 37.0300756, 43.7762139 37.0298408)"
513298515,False,,,,unclassified,,,False,50.29,"LINESTRING (43.7763132 37.0309179, 43.7759509 37.0309773, 43.7757604 37.0310163)"
800603670,False,,,,residential,,,True,58.263,"LINESTRING (43.7776978 37.0304972, 43.777506 37.0299961)"
513298517,False,,,تاخێ ارتیسیا,residential,,,False,144.24200000000002,"LINESTRING (43.7746717 37.0291822, 43.7749254 37.0291954, 43.7751902 37.0292307, 43.775488 37.0293099, 43.7756976 37.0293495, 43.775863 37.0293892, 43.776045 37.0294552, 43.7762148 37.02954)"
840762128,False,,,تاخێ ئەرتیس,residential,,,False,226.444,"LINESTRING (43.7746717 37.0291822, 43.7746312 37.0298182, 43.7746974 37.0299736, 43.7747052 37.030101, 43.7746818 37.030499, 43.774604 37.030816, 43.7746367 37.0312016)"
505810458,False,,,Ertis Sokağ,tertiary,,,True,33.457,"LINESTRING (43.7762148 37.02954, 43.7762108 37.0296152, 43.776212 37.0296904, 43.7762139 37.0298408)"
513298517,False,,,تاخێ ارتیسیا,residential,,,True,144.242,"LINESTRING (43.7762148 37.02954, 43.776045 37.0294552, 43.775863 37.0293892, 43.7756976 37.0293495, 43.775488 37.0293099, 43.7751902 37.0292307, 43.7749254 37.0291954, 43.7746717 37.0291822)"
513298518,False,,,تاخئ هریاش,residential,,,True,26.493000000000002,"LINESTRING (43.7764232 37.0378425, 43.7763297 37.0377927, 43.7763038 37.0376943, 43.7762944 37.0376469)"
513301990,False,2,,,trunk_link,,,True,14.057,"LINESTRING (43.7807943 37.030451, 43.7808314 37.0305739)"
838841557,True,2,33,ڕێگای دهۆک - شێلادزێ,trunk,50,30,False,6.551,"LINESTRING (43.7807943 37.030451, 43.7808658 37.0304364)"
513298436,False,,,مالێت بیریا,residential,,,False,25.912,"LINESTRING (43.7813007 37.0315811, 43.7815349 37.031442)"
513298436,False,,,مالێت بیریا,residential,,,True,59.264,"LINESTRING (43.7813007 37.0315811, 43.7810624 37.0317064, 43.7807461 37.0318778)"
513304812,False,,,,residential,,,False,96.531,"LINESTRING (43.7813007 37.0315811, 43.7818777 37.0322171, 43.7818987 37.032254, 43.7819026 37.0322962)"
513304817,False,,,,residential,,,False,60.258,"LINESTRING (43.7822412 37.0335707, 43.7829096 37.033476)"
513304817,False,,,,residential,,,True,26.493,"LINESTRING (43.7822412 37.0335707, 43.7819594 37.0336492)"
513304812,False,,,,residential,,,True,48.317,"LINESTRING (43.7822412 37.0335707, 43.7821148 37.0331847, 43.7821051 37.03315)"
513304812,False,,,,residential,,,False,35.616,"LINESTRING (43.7818967 37.0324096, 43.7819021 37.0324857, 43.7819208 37.032566, 43.7819883 37.0327192)"
513304812,False,,,,residential,,,True,12.629000000000001,"LINESTRING (43.7818967 37.0324096, 43.7818989 37.032323, 43.7819026 37.0322962)"
513304813,False,,,,residential,,,False,32.661,"LINESTRING (43.7818967 37.0324096, 43.7820337 37.0324049, 43.7821416 37.0324182, 43.7822385 37.0324769)"
513304813,False,,,,residential,,,False,127.47,"LINESTRING (43.7822385 37.0324769, 43.782335 37.0325785, 43.7823986 37.0326343, 43.7824623 37.0326822, 43.7825261 37.0327464, 43.7826327 37.0329421, 43.7827547 37.0331511, 43.7829096 37.033476)"
513304813,False,,,,residential,,,True,32.661,"LINESTRING (43.7822385 37.0324769, 43.7821416 37.0324182, 43.7820337 37.0324049, 43.7818967 37.0324096)"
1084098867,False,,,,residential,,,True,66.53,"LINESTRING (43.7822385 37.0324769, 43.782328 37.0323706, 43.7824849 37.0322808, 43.7825212 37.0322547, 43.7825439 37.0322221, 43.7828032 37.032101)"
513304817,False,,,,residential,,,False,5.039,"LINESTRING (43.7829096 37.033476, 43.7829655 37.0334681)"
513304817,False,,,,residential,,,True,60.258,"LINESTRING (43.7829096 37.033476, 43.7822412 37.0335707)"
513304813,False,,,,residential,,,True,127.46999999999998,"LINESTRING (43.7829096 37.033476, 43.7827547 37.0331511, 43.7826327 37.0329421, 43.7825261 37.0327464, 43.7824623 37.0326822, 43.7823986 37.0326343, 43.782335 37.0325785, 43.7822385 37.0324769)"
963507919,False,,,,residential,,,True,47.829,"LINESTRING (43.7830679 37.0338904, 43.7829655 37.0334681)"
513304819,False,,,,residential,,,True,89.816,"LINESTRING (43.7830679 37.0338904, 43.7828173 37.0339205, 43.7824968 37.0339928, 43.7820993 37.0341137)"
513298436,False,,,مالێت بیریا,residential,,,False,7.031,"LINESTRING (43.780687 37.0319199, 43.7807461 37.0318778)"
513298436,False,,,مالێت بیریا,residential,,,True,63.039,"LINESTRING (43.780687 37.0319199, 43.7805246 37.0319977, 43.7800712 37.0322022)"
513304815,False,,,,residential,,,False,77.624,"LINESTRING (43.780687 37.0319199, 43.7810185 37.0323116, 43.7811435 37.0324541, 43.7811919 37.032488)"
513304815,False,,,,residential,,,False,43.575,"LINESTRING (43.7811919 37.032488, 43.7813802 37.0328499)"
513304815,False,,,,residential,,,True,77.624,"LINESTRING (43.7811919 37.032488, 43.7811435 37.0324541, 43.7810185 37.0323116, 43.780687 37.0319199)"
840762123,False,,,,residential,,,False,66.748,"LINESTRING (43.7811919 37.032488, 43.781483 37.032391, 43.7817381 37.0323256, 43.7819026 37.0322962)"
513304815,False,,,,residential,,,True,43.575,"LINESTRING (43.7813802 37.0328499, 43.7811919 37.032488)"
840762122,False,,,,residential,,,False,55.901,"LINESTRING (43.7813802 37.0328499, 43.7819883 37.0327192)"
840762122,False,,,,residential,,,True,75.624,"LINESTRING (43.7813802 37.0328499, 43.780578 37.0330789)"
513304816,False,,,,residential,,,True,53.247,"LINESTRING (43.7814482 37.0337916, 43.7808682 37.0339138)"
513304818,False,,,,residential,,,True,57.994,"LINESTRING (43.7814482 37.0337916, 43.7816134 37.0342962)"
513304817,False,,,,residential,,,False,48.06,"LINESTRING (43.7814482 37.0337916, 43.781703 37.0337206, 43.7819594 37.0336492)"
513304817,False,,,,residential,,,False,26.493,"LINESTRING (43.7819594 37.0336492, 43.7822412 37.0335707)"
515952469,False,,,,residential,,,False,53.122,"LINESTRING (43.7819594 37.0336492, 43.7820993 37.0341137)"
513304817,False,,,,residential,,,True,48.06,"LINESTRING (43.7819594 37.0336492, 43.781703 37.0337206, 43.7814482 37.0337916)"
513304819,False,,,,residential,,,True,47.666,"LINESTRING (43.7820993 37.0341137, 43.7816134 37.0342962)"
515952469,False,,,,residential,,,True,53.122,"LINESTRING (43.7820993 37.0341137, 43.7819594 37.0336492)"
513304819,False,,,,residential,,,False,89.816,"LINESTRING (43.7820993 37.0341137, 43.7824968 37.0339928, 43.7828173 37.0339205, 43.7830679 37.0338904)"
513304817,False,,,,residential,,,True,5.039,"LINESTRING (43.7829655 37.0334681, 43.7829096 37.033476)"
963507919,False,,,,residential,,,False,47.829,"LINESTRING (43.7829655 37.0334681, 43.7830679 37.0338904)"
513304818,False,,,,residential,,,False,69.67,"LINESTRING (43.7817894 37.0349068, 43.7816134 37.0342962)"
513304844,False,,,,residential,,,True,52.178,"LINESTRING (43.7817894 37.0349068, 43.7815813 37.0349212, 43.7812076 37.0349714)"
513304818,False,,,,residential,,,False,57.994,"LINESTRING (43.7816134 37.0342962, 43.7814482 37.0337916)"
513304818,False,,,,residential,,,True,69.67,"LINESTRING (43.7816134 37.0342962, 43.7817894 37.0349068)"
513304819,False,,,,residential,,,False,47.666,"LINESTRING (43.7816134 37.0342962, 43.7820993 37.0341137)"
513298437,False,,,مالێت کوکەریا,residential,,,False,6.196,"LINESTRING (43.782092 37.0311983, 43.7820543 37.0311514)"
513298437,False,,,مالێت کوکەریا,residential,,,True,43.842,"LINESTRING (43.782092 37.0311983, 43.782359 37.03153)"
513304847,False,,,تاخئ بیریا,residential,,,True,105.384,"LINESTRING (43.777304 37.0369009, 43.7769691 37.0362578, 43.7769445 37.0362292, 43.7768222 37.0362476, 43.776687 37.0362934)"
936579460,False,,,تاخئ بیریا,residential,,,False,66.04599999999999,"LINESTRING (43.777304 37.0369009, 43.7773906 37.0368754, 43.7774737 37.0368742, 43.7776558 37.0369475, 43.7776996 37.0370057, 43.7777404 37.0370848, 43.7777812 37.0372186)"
936579460,False,,,تاخئ بیریا,residential,,,True,14.77,"LINESTRING (43.777304 37.0369009, 43.777255 37.0369126, 43.777204 37.0369557, 43.7771672 37.0369701)"
513298518,False,,,تاخئ هریاش,residential,,,False,26.493,"LINESTRING (43.7762944 37.0376469, 43.7763038 37.0376943, 43.7763297 37.0377927, 43.7764232 37.0378425)"
"[513298433, 513298518]",False,,,"['تاخئ هریاش', 'جادا تاخئ بیریا']",residential,,,"[False, True]",42.964,"LINESTRING (43.7762944 37.0376469, 43.776284 37.0375947, 43.7762629 37.037493, 43.7761457 37.0372824)"
513304848,False,,,Taxê Birya,residential,,,False,100.28800000000001,"LINESTRING (43.7762944 37.0376469, 43.776517 37.0376639, 43.7766859 37.0376422, 43.776938 37.0375777, 43.7773809 37.0374511)"
513304848,False,,,Taxê Birya,residential,,,True,10.39,"LINESTRING (43.7774911 37.0374196, 43.7773809 37.0374511)"
513298501,False,,,مالیت ئەرتیسیا,residential,,,False,51.799,"LINESTRING (43.7790696 37.0304137, 43.7789573 37.0303992, 43.7786022 37.0303902, 43.7785141 37.0303764, 43.7784897 37.0303733)"
513298501,False,,,مالیت ئەرتیسیا,residential,,,True,44.186,"LINESTRING (43.7790696 37.0304137, 43.7793029 37.0304439, 43.779471 37.0304886, 43.7795411 37.0305259)"
513311814,False,,,تاخێ ئەرتیس,residential,,,False,62.302,"LINESTRING (43.7790696 37.0304137, 43.7790756 37.0301039, 43.7790541 37.029982, 43.7790151 37.0298585)"
840762126,False,,,,residential,,,True,73.65,"LINESTRING (43.7790151 37.0298585, 43.7783272 37.0302288)"
513311814,False,,,تاخێ ئەرتیس,residential,,,False,87.373,"LINESTRING (43.7790151 37.0298585, 43.7789574 37.0296952, 43.7788978 37.029568, 43.7788256 37.0294504, 43.778791 37.029386, 43.7787749 37.0292843, 43.7787347 37.0291105)"
513311814,False,,,تاخێ ئەرتیس,residential,,,True,62.302,"LINESTRING (43.7790151 37.0298585, 43.7790541 37.029982, 43.7790756 37.0301039, 43.7790696 37.0304137)"
513311814,False,,,تاخێ ئەرتیس,residential,,,True,87.373,"LINESTRING (43.7787347 37.0291105, 43.7787749 37.0292843, 43.778791 37.029386, 43.7788256 37.0294504, 43.7788978 37.029568, 43.7789574 37.0296952, 43.7790151 37.0298585)"
577180750,False,2,,,trunk_link,,,True,13.635,"LINESTRING (43.7737364 37.0320998, 43.7736969 37.0319813)"
577180750,False,2,,,trunk_link,,,False,13.635,"LINESTRING (43.7736969 37.0319813, 43.7737364 37.0320998)"
838841557,True,2,33,ڕێگای دهۆک - شێلادزێ,trunk,50,30,False,40.247,"LINESTRING (43.7736969 37.0319813, 43.7738289 37.0319545, 43.7741291 37.0318727)"
513298493,False,,,جادا مزگەفتێ,residential,,,True,15.098,"LINESTRING (43.7735511 37.0346564, 43.773449 37.0345478)"
513298493,False,,,جادا مزگەفتێ,residential,,,False,131.967,"LINESTRING (43.7735511 37.0346564, 43.7736454 37.0347707, 43.7737307 37.0348894, 43.7737532 37.0349234, 43.7737687 37.0349598, 43.7737764 37.0349946, 43.7737775 37.0350299, 43.7737598 37.0351748, 43.7737536 37.0351889, 43.7737417 37.0352005, 43.7737256 37.0352082, 43.7737071 37.035211, 43.773569 37.0352046, 43.7732825 37.0351922, 43.7730066 37.0351803)"
962417126,False,,,Taxe Chamtiya,residential,,,True,148.173,"LINESTRING (43.7735511 37.0346564, 43.7726513 37.034615, 43.7726119 37.0346155, 43.7725748 37.034626, 43.772544 37.0346454, 43.7725226 37.0346718, 43.7725129 37.0347022, 43.7724845 37.0351577)"
800603670,False,,,,residential,,,False,62.223,"LINESTRING (43.7772204 37.0292498, 43.7774327 37.0297831)"
800603716,False,,,,residential,,,False,108.382,"LINESTRING (43.7762139 37.0298408, 43.7774327 37.0297831)"
505810458,False,,,Ertis Sokağ,tertiary,,,False,33.457,"LINESTRING (43.7762139 37.0298408, 43.776212 37.0296904, 43.7762108 37.0296152, 43.7762148 37.02954)"
505810458,False,,,Ertis Sokağ,tertiary,,,True,120.18499999999999,"LINESTRING (43.7762139 37.0298408, 43.7762266 37.0300756, 43.7762381 37.0303442, 43.7762483 37.0304833, 43.7762648 37.0306219, 43.7762877 37.0307599, 43.7763132 37.0309179)"
800603670,False,,,,residential,,,False,24.562,"LINESTRING (43.7774327 37.0297831, 43.777506 37.0299961)"
800603670,False,,,,residential,,,True,62.223,"LINESTRING (43.7774327 37.0297831, 43.7772204 37.0292498)"
800603716,False,,,,residential,,,True,108.382,"LINESTRING (43.7774327 37.0297831, 43.7762139 37.0298408)"
513298515,False,,,,unclassified,,,True,75.827,"LINESTRING (43.7741291 37.0318727, 43.7740996 37.0317058, 43.7742768 37.0312123)"
838841557,True,2,33,ڕێگای دهۆک - شێلادزێ,trunk,50,30,False,209.264,"LINESTRING (43.7741291 37.0318727, 43.7743982 37.0318302, 43.7751612 37.0316766, 43.7756762 37.0315631, 43.7761322 37.0314668, 43.7764111 37.0314025)"
513298515,False,,,,unclassified,,,True,31.97,"LINESTRING (43.7742768 37.0312123, 43.7746367 37.0312016)"
513298515,False,,,,unclassified,,,False,75.827,"LINESTRING (43.7742768 37.0312123, 43.7740996 37.0317058, 43.7741291 37.0318727)"
"[513298476, 800603927]",False,,,شهیدان,"['unclassified', 'residential']",,,True,184.914,"LINESTRING (43.7742768 37.0312123, 43.7741918 37.0312236, 43.7741485 37.0312377, 43.7740866 37.0312624, 43.7740294 37.0312889, 43.7739093 37.0313514, 43.7738818 37.0313628, 43.7738474 37.0313715, 43.7738128 37.0313741, 43.7737764 37.0313671, 43.773728 37.0313529, 43.7736814 37.0313275, 43.773633 37.0312909, 43.7735223 37.0312076, 43.7734956 37.0311915, 43.7734653 37.0311855, 43.7731988 37.0312236, 43.7723643 37.03142)"
513298434,False,,,,residential,,,False,47.178,"LINESTRING (43.7807216 37.0334874, 43.780578 37.0330789)"
840762121,False,,,,residential,,,False,128.41,"LINESTRING (43.7807216 37.0334874, 43.7821051 37.03315)"
513298434,False,,,,residential,,,True,49.169000000000004,"LINESTRING (43.7807216 37.0334874, 43.780831 37.0337986, 43.7808682 37.0339138)"
840762121,False,,,,residential,,,True,128.41,"LINESTRING (43.7821051 37.03315, 43.7807216 37.0334874)"
513304812,False,,,,residential,,,False,48.317,"LINESTRING (43.7821051 37.03315, 43.7821148 37.0331847, 43.7822412 37.0335707)"
513304812,False,,,,residential,,,True,49.013,"LINESTRING (43.7821051 37.03315, 43.7820299 37.0328796, 43.7819883 37.0327192)"
513298434,False,,,,residential,,,False,3.639,"LINESTRING (43.780578 37.0330789, 43.7805669 37.0330474)"
513298434,False,,,,residential,,,True,47.178,"LINESTRING (43.780578 37.0330789, 43.7807216 37.0334874)"
840762122,False,,,,residential,,,False,75.624,"LINESTRING (43.780578 37.0330789, 43.7813802 37.0328499)"
840762122,False,,,,residential,,,True,55.901,"LINESTRING (43.7819883 37.0327192, 43.7813802 37.0328499)"
513304812,False,,,,residential,,,False,49.013,"LINESTRING (43.7819883 37.0327192, 43.7820299 37.0328796, 43.7821051 37.03315)"
513304812,False,,,,residential,,,True,35.616,"LINESTRING (43.7819883 37.0327192, 43.7819208 37.032566, 43.7819021 37.0324857, 43.7818967 37.0324096)"
513304812,False,,,,residential,,,False,12.629000000000001,"LINESTRING (43.7819026 37.0322962, 43.7818989 37.032323, 43.7818967 37.0324096)"
513304812,False,,,,residential,,,True,96.531,"LINESTRING (43.7819026 37.0322962, 43.7818987 37.032254, 43.7818777 37.0322171, 43.7813007 37.0315811)"
840762123,False,,,,residential,,,True,66.748,"LINESTRING (43.7819026 37.0322962, 43.7817381 37.0323256, 43.781483 37.032391, 43.7811919 37.032488)"
840762126,False,,,,residential,,,False,73.65,"LINESTRING (43.7783272 37.0302288, 43.7790151 37.0298585)"
513298501,False,,,مالیت ئەرتیسیا,residential,,,False,45.808,"LINESTRING (43.7783272 37.0302288, 43.778287 37.0301715, 43.7780873 37.0298641)"
513298501,False,,,مالیت ئەرتیسیا,residential,,,True,22.818,"LINESTRING (43.7783272 37.0302288, 43.7783745 37.030309, 43.7784221 37.0303538, 43.7784681 37.0303705, 43.7784897 37.0303733)"
513298502,False,,,تاخێ ئەرتیس,residential,,,True,129.04500000000002,"LINESTRING (43.7798453 37.0294327, 43.7798959 37.0297777, 43.7798876 37.0299564, 43.7796264 37.0304215, 43.7795411 37.0305259)"
800603670,False,,,,residential,,,False,58.263,"LINESTRING (43.777506 37.0299961, 43.7776978 37.0304972)"
800603670,False,,,,residential,,,True,24.562,"LINESTRING (43.777506 37.0299961, 43.7774327 37.0297831)"
840762127,False,,,,residential,,,False,53.649,"LINESTRING (43.777506 37.0299961, 43.7780873 37.0298641)"
513298515,False,,,,unclassified,,,False,31.97,"LINESTRING (43.7746367 37.0312016, 43.7742768 37.0312123)"
513298515,False,,,,unclassified,,,True,101.94999999999999,"LINESTRING (43.7746367 37.0312016, 43.7747123 37.0311972, 43.7754232 37.0310854, 43.7755088 37.0310679, 43.7757604 37.0310163)"
840762128,False,,,تاخێ ئەرتیس,residential,,,True,226.44400000000002,"LINESTRING (43.7746367 37.0312016, 43.774604 37.030816, 43.7746818 37.030499, 43.7747052 37.030101, 43.7746974 37.0299736, 43.7746312 37.0298182, 43.7746717 37.0291822)"
840762129,False,,,,residential,,,False,62.971,"LINESTRING (43.7757604 37.0310163, 43.7756626 37.0304554)"
513298515,False,,,,unclassified,,,False,101.95,"LINESTRING (43.7757604 37.0310163, 43.7755088 37.0310679, 43.7754232 37.0310854, 43.7747123 37.0311972, 43.7746367 37.0312016)"
513298515,False,,,,unclassified,,,True,50.29,"LINESTRING (43.7757604 37.0310163, 43.7759509 37.0309773, 43.7763132 37.0309179)"
840762129,False,,,,residential,,,True,62.971,"LINESTRING (43.7756626 37.0304554, 43.7757604 37.0310163)"
936579454,False,,,,residential,,,True,46.846000000000004,"LINESTRING (43.7736243 37.0356571, 43.7733331 37.0356386, 43.7730982 37.0356236)"
936579456,False,,,,residential,,,True,50.634,"LINESTRING (43.773044 37.0360769, 43.7730982 37.0356236)"
936579454,False,,,,residential,,,True,12.056,"LINESTRING (43.7730982 37.0356236, 43.7729628 37.035615)"
936579456,False,,,,residential,,,False,50.634,"LINESTRING (43.7730982 37.0356236, 43.773044 37.0360769)"
936579454,False,,,,residential,,,False,46.846000000000004,"LINESTRING (43.7730982 37.0356236, 43.7733331 37.0356386, 43.7736243 37.0356571)"
513298433,False,,,جادا تاخئ بیریا,residential,,,False,58.0,"LINESTRING (43.7743329 37.0325021, 43.7741718 37.0319966)"
513298433,False,,,جادا تاخئ بیریا,residential,,,True,40.696,"LINESTRING (43.7743329 37.0325021, 43.7744459 37.0328568)"
936579458,False,,,Zeweyi,unclassified,,,False,78.03,"LINESTRING (43.7743329 37.0325021, 43.7751796 37.0323135)"
513298498,False,,,,residential,,,False,55.786,"LINESTRING (43.7751796 37.0323135, 43.7750083 37.0318308)"
513298498,False,,,,residential,,,True,53.127,"LINESTRING (43.7751796 37.0323135, 43.7753427 37.0327732)"
936579458,False,,,Zeweyi,unclassified,,,True,78.03,"LINESTRING (43.7751796 37.0323135, 43.7743329 37.0325021)"
513298433,False,,,جادا تاخئ بیریا,residential,,,False,82.518,"LINESTRING (43.7761457 37.0372824, 43.7758967 37.0368351, 43.7757732 37.0366025)"
"[513298433, 513298518]",False,,,"['تاخئ هریاش', 'جادا تاخئ بیریا']",residential,,,"[False, True]",42.964,"LINESTRING (43.7761457 37.0372824, 43.7762629 37.037493, 43.776284 37.0375947, 43.7762944 37.0376469)"
936579460,False,,,تاخئ بیریا,residential,,,False,97.114,"LINESTRING (43.7761457 37.0372824, 43.7771141 37.0369909, 43.7771672 37.0369701)"
936579462,False,,,,residential,,,False,102.98599999999999,"LINESTRING (43.7795561 37.0373089, 43.7795162 37.036889, 43.7795262 37.0368278, 43.7795928 37.0367933, 43.7800655 37.0367486)"
840762120,False,,,تاخئ هریاش,residential,,,False,196.17399999999998,"LINESTRING (43.7800655 37.0367486, 43.7800381 37.0365025, 43.7799732 37.0363033, 43.7797934 37.0361518, 43.7797834 37.0360203, 43.7798483 37.035845, 43.780088 37.0354942, 43.7800495 37.0351069)"
936579462,False,,,,residential,,,False,117.268,"LINESTRING (43.7800655 37.0367486, 43.7808681 37.0366976, 43.7809114 37.0367508, 43.7809213 37.0368996, 43.780928 37.037099)"
936579462,False,,,,residential,,,True,102.98599999999999,"LINESTRING (43.7800655 37.0367486, 43.7795928 37.0367933, 43.7795262 37.0368278, 43.7795162 37.036889, 43.7795561 37.0373089)"
936579462,False,,,,residential,,,True,117.268,"LINESTRING (43.780928 37.037099, 43.7809213 37.0368996, 43.7809114 37.0367508, 43.7808681 37.0366976, 43.7800655 37.0367486)"
936579454,False,,,,residential,,,False,44.95,"LINESTRING (43.772458 37.0355828, 43.7729628 37.035615)"
962417126,False,,,Taxe Chamtiya,residential,,,False,47.328,"LINESTRING (43.772458 37.0355828, 43.7724845 37.0351577)"
976808478,False,,,مالیت ارتیسیا,residential,,,False,124.551,"LINESTRING (43.7803895 37.0293841, 43.7805936 37.0304923)"
976808478,False,,,مالیت ارتیسیا,residential,,,True,124.551,"LINESTRING (43.7805936 37.0304923, 43.7803895 37.0293841)"
838841557,True,2,33,ڕێگای دهۆک - شێلادزێ,trunk,50,30,False,18.398,"LINESTRING (43.7805936 37.0304923, 43.7806174 37.0304872, 43.7807943 37.030451)"
513298433,False,,,جادا تاخئ بیریا,residential,,,False,42.752,"LINESTRING (43.7745964 37.0333287, 43.7744776 37.0329561)"
513298433,False,,,جادا تاخئ بیریا,residential,,,True,44.448,"LINESTRING (43.7745964 37.0333287, 43.7747198 37.0337161)"
988037526,False,,,,residential,,,False,98.922,"LINESTRING (43.7745964 37.0333287, 43.7735355 37.0336011)"
988037526,False,,,,residential,,,True,34.167,"LINESTRING (43.7731706 37.0336989, 43.7735355 37.0336011)"
513298433,False,,,جادا تاخئ بیریا,residential,,,False,40.696,"LINESTRING (43.7744459 37.0328568, 43.7743329 37.0325021)"
513298433,False,,,جادا تاخئ بیریا,residential,,,True,11.395,"LINESTRING (43.7744459 37.0328568, 43.7744776 37.0329561)"
988037527,False,,,,residential,,,False,103.044,"LINESTRING (43.7744459 37.0328568, 43.7733482 37.0331583)"
988037527,False,,,,residential,,,True,32.198,"LINESTRING (43.7730052 37.0332525, 43.7733482 37.0331583)"
988037526,False,,,,residential,,,False,34.167,"LINESTRING (43.7735355 37.0336011, 43.7731706 37.0336989)"
988037526,False,,,,residential,,,True,98.922,"LINESTRING (43.7735355 37.0336011, 43.7745964 37.0333287)"
988037528,False,,,,residential,,,False,51.968,"LINESTRING (43.7735355 37.0336011, 43.7733482 37.0331583)"
988037527,False,,,,residential,,,False,32.198,"LINESTRING (43.7733482 37.0331583, 43.7730052 37.0332525)"
988037527,False,,,,residential,,,True,103.044,"LINESTRING (43.7733482 37.0331583, 43.7744459 37.0328568)"
988037528,False,,,,residential,,,True,51.968,"LINESTRING (43.7733482 37.0331583, 43.7735355 37.0336011)"
513298433,False,,,جادا تاخئ بیریا,residential,,,False,6.953,"LINESTRING (43.7747391 37.0337767, 43.7747198 37.0337161)"
513298433,False,,,جادا تاخئ بیریا,residential,,,True,48.143,"LINESTRING (43.7747391 37.0337767, 43.7748728 37.0341963)"
988037529,False,,,,residential,,,False,101.589,"LINESTRING (43.7747391 37.0337767, 43.7736333 37.0340122)"
988037529,False,,,,residential,,,True,101.589,"LINESTRING (43.7736333 37.0340122, 43.7747391 37.0337767)"
513304847,False,,,تاخئ بیریا,residential,,,False,27.272,"LINESTRING (43.7764041 37.0363891, 43.776687 37.0362934)"
513304847,False,,,تاخئ بیریا,residential,,,True,60.82,"LINESTRING (43.7764041 37.0363891, 43.7757732 37.0366025)"
988037530,False,,,,residential,,,False,52.734,"LINESTRING (43.7764041 37.0363891, 43.7766152 37.0368324)"
988037530,False,,,,residential,,,True,52.734,"LINESTRING (43.7766152 37.0368324, 43.7764041 37.0363891)"
936579460,False,,,تاخئ بیریا,residential,,,True,66.046,"LINESTRING (43.7777812 37.0372186, 43.7777404 37.0370848, 43.7776996 37.0370057, 43.7776558 37.0369475, 43.7774737 37.0368742, 43.7773906 37.0368754, 43.777304 37.0369009)"
988037531,False,,,,residential,,,False,56.749,"LINESTRING (43.7771672 37.0369701, 43.7773809 37.0374511)"
936579460,False,,,تاخئ بیریا,residential,,,False,14.77,"LINESTRING (43.7771672 37.0369701, 43.777204 37.0369557, 43.777255 37.0369126, 43.777304 37.0369009)"
936579460,False,,,تاخئ بیریا,residential,,,True,97.114,"LINESTRING (43.7771672 37.0369701, 43.7771141 37.0369909, 43.7761457 37.0372824)"
513304848,False,,,Taxê Birya,residential,,,False,10.39,"LINESTRING (43.7773809 37.0374511, 43.7774911 37.0374196)"
988037531,False,,,,residential,,,True,56.749,"LINESTRING (43.7773809 37.0374511, 43.7771672 37.0369701)"
513304848,False,,,Taxê Birya,residential,,,True,100.288,"LINESTRING (43.7773809 37.0374511, 43.776938 37.0375777, 43.7766859 37.0376422, 43.776517 37.0376639, 43.7762944 37.0376469)"
513298493,False,,,جادا مزگەفتێ,residential,,,False,46.411,"LINESTRING (43.7730066 37.0351803, 43.7724845 37.0351577)"
988037532,False,,,,residential,,,False,48.493,"LINESTRING (43.7730066 37.0351803, 43.7729628 37.035615)"
513298493,False,,,جادا مزگەفتێ,residential,,,True,131.967,"LINESTRING (43.7730066 37.0351803, 43.7732825 37.0351922, 43.773569 37.0352046, 43.7737071 37.035211, 43.7737256 37.0352082, 43.7737417 37.0352005, 43.7737536 37.0351889, 43.7737598 37.0351748, 43.7737775 37.0350299, 43.7737764 37.0349946, 43.7737687 37.0349598, 43.7737532 37.0349234, 43.7737307 37.0348894, 43.7736454 37.0347707, 43.7735511 37.0346564)"
936579454,False,,,,residential,,,False,12.056,"LINESTRING (43.7729628 37.035615, 43.7730982 37.0356236)"
936579454,False,,,,residential,,,True,44.95,"LINESTRING (43.7729628 37.035615, 43.772458 37.0355828)"
988037532,False,,,,residential,,,True,48.493,"LINESTRING (43.7729628 37.035615, 43.7730066 37.0351803)"
513298461,False,,,Malêt Birya,residential,,,False,53.583,"LINESTRING (43.7774042 37.03185, 43.7768218 37.0319767)"
988037534,False,,,,residential,,,False,58.861,"LINESTRING (43.7774042 37.03185, 43.7772208 37.0313413)"
513298461,False,,,Malêt Birya,residential,,,True,155.095,"LINESTRING (43.7774042 37.03185, 43.7774385 37.0318425, 43.7777914 37.0317747, 43.7790955 37.0315002)"
988037534,False,,,,residential,,,True,58.861,"LINESTRING (43.7772208 37.0313413, 43.7774042 37.03185)"
840189055,True,2,33,شێلادزێ- بو دهوکێ,trunk,50,30,False,104.48599999999999,"LINESTRING (43.7772208 37.0313413, 43.7766069 37.0314689, 43.7760839 37.0315846)"
513298493,False,,,جادا مزگەفتێ,residential,,,False,24.572,"LINESTRING (43.7729396 37.0339886, 43.7731021 37.0341675)"
513298445,False,,,Tekya,residential,,,False,23.13,"LINESTRING (43.7797693 37.0332199, 43.7800208 37.0331655)"
513298445,False,,,Tekya,residential,,,True,27.05,"LINESTRING (43.7797693 37.0332199, 43.7794752 37.0332836)"
1071021992,False,,,,residential,,,False,50.453,"LINESTRING (43.7797693 37.0332199, 43.7796516 37.032776)"
513298444,False,,,تەکیا,residential,,,False,62.17,"LINESTRING (43.7796516 37.032776, 43.7803234 37.0326179)"
513298444,False,,,تەکیا,residential,,,True,79.896,"LINESTRING (43.7796516 37.032776, 43.7787786 37.0329509)"
1071021992,False,,,,residential,,,True,50.453,"LINESTRING (43.7796516 37.032776, 43.7797693 37.0332199)"
1071021993,False,,,,residential,,,False,49.247,"LINESTRING (43.7796516 37.032776, 43.7795071 37.0323484)"
838841557,True,2,33,ڕێگای دهۆک - شێلادزێ,trunk,50,30,False,93.424,"LINESTRING (43.7786006 37.0309192, 43.7792804 37.0307728, 43.779617 37.0307012)"
1071051090,False,,,,residential,,,False,61.535000000000004,"LINESTRING (43.7786006 37.0309192, 43.7785812 37.0307817, 43.7785562 37.0306448, 43.7785257 37.0305086, 43.7784897 37.0303733)"
513298501,False,,,مالیت ئەرتیسیا,residential,,,False,22.817999999999998,"LINESTRING (43.7784897 37.0303733, 43.7784681 37.0303705, 43.7784221 37.0303538, 43.7783745 37.030309, 43.7783272 37.0302288)"
513298501,False,,,مالیت ئەرتیسیا,residential,,,True,51.799,"LINESTRING (43.7784897 37.0303733, 43.7785141 37.0303764, 43.7786022 37.0303902, 43.7789573 37.0303992, 43.7790696 37.0304137)"
1071051090,False,,,,residential,,,True,61.535,"LINESTRING (43.7784897 37.0303733, 43.7785257 37.0305086, 43.7785562 37.0306448, 43.7785812 37.0307817, 43.7786006 37.0309192)"
513304847,False,,,تاخئ بیریا,residential,,,True,27.272,"LINESTRING (43.776687 37.0362934, 43.7764041 37.0363891)"
1072806239,False,,,,unclassified,,,False,11.277,"LINESTRING (43.776687 37.0362934, 43.7766387 37.0361996)"
513304847,False,,,تاخئ بیریا,residential,,,False,105.384,"LINESTRING (43.776687 37.0362934, 43.7768222 37.0362476, 43.7769445 37.0362292, 43.7769691 37.0362578, 43.777304 37.0369009)"
1072806239,False,,,,unclassified,,,True,142.59300000000005,"LINESTRING (43.7766095 37.0349384, 43.7766529 37.0350422, 43.7766702 37.0351322, 43.7766789 37.0352315, 43.7766413 37.0353884, 43.776598 37.0355314, 43.7765777 37.0358176, 43.7765806 37.0359606, 43.7765835 37.0360576, 43.7765951 37.0360876, 43.7766298 37.0361822, 43.7766387 37.0361996)"
"[1072806240, 1072806242]",False,,,,unclassified,,,True,212.96099999999998,"LINESTRING (43.7766095 37.0349384, 43.776733 37.034939, 43.7767851 37.0349502, 43.7768172 37.0349741, 43.7768498 37.0350442, 43.7769506 37.0352225, 43.7773033 37.0357599, 43.77739 37.0358937, 43.7773987 37.0359468, 43.7766387 37.0361996)"
1072806242,False,,,,unclassified,,,False,119.68199999999999,"LINESTRING (43.7766095 37.0349384, 43.7764506 37.0349546, 43.7763523 37.0349684, 43.7763002 37.0349546, 43.7762598 37.0348646, 43.7761615 37.03468, 43.7760777 37.03459, 43.7760342 37.0345287, 43.7759418 37.0343984, 43.7758637 37.03435, 43.7758233 37.0343154, 43.7757919 37.0342498)"
1072806239,False,,,,unclassified,,,True,11.277,"LINESTRING (43.7766387 37.0361996, 43.776687 37.0362934)"
1072806239,False,,,,unclassified,,,False,142.59300000000002,"LINESTRING (43.7766387 37.0361996, 43.7766298 37.0361822, 43.7765951 37.0360876, 43.7765835 37.0360576, 43.7765806 37.0359606, 43.7765777 37.0358176, 43.776598 37.0355314, 43.7766413 37.0353884, 43.7766789 37.0352315, 43.7766702 37.0351322, 43.7766529 37.0350422, 43.7766095 37.0349384)"
"[1072806240, 1072806242]",False,,,,unclassified,,,False,212.96099999999996,"LINESTRING (43.7766387 37.0361996, 43.7773987 37.0359468, 43.77739 37.0358937, 43.7773033 37.0357599, 43.7769506 37.0352225, 43.7768498 37.0350442, 43.7768172 37.0349741, 43.7767851 37.0349502, 43.776733 37.034939, 43.7766095 37.0349384)"
513298465,False,,,,residential,,,False,93.96,"LINESTRING (43.7757919 37.0342498, 43.7768184 37.0340435)"
513298465,False,,,,residential,,,True,77.598,"LINESTRING (43.7757919 37.0342498, 43.7753713 37.0343344, 43.7749426 37.0344151)"
1072806242,False,,,,unclassified,,,True,119.68199999999999,"LINESTRING (43.7757919 37.0342498, 43.7758233 37.0343154, 43.7758637 37.03435, 43.7759418 37.0343984, 43.7760342 37.0345287, 43.7760777 37.03459, 43.7761615 37.03468, 43.7762598 37.0348646, 43.7763002 37.0349546, 43.7763523 37.0349684, 43.7764506 37.0349546, 43.7766095 37.0349384)"
513298437,False,,,مالێت کوکەریا,residential,,,False,74.83800000000001,"LINESTRING (43.7828032 37.032101, 43.7826639 37.0318908, 43.782359 37.03153)"
1084098867,False,,,,residential,,,False,66.53,"LINESTRING (43.7828032 37.032101, 43.7825439 37.0322221, 43.7825212 37.0322547, 43.7824849 37.0322808, 43.782328 37.0323706, 43.7822385 37.0324769)"
