osmid,oneway,name,highway,reversed,length,geometry,maxspeed,lanes,bridge
156421081,True,Avenida Coronel Domiciano,tertiary,False,48.317,"LINESTRING (-45.0070273 -22.6643327, -45.0066492 -22.6640737)",,,
840284794,True,Rua Major Batista,secondary,False,88.17,"LINESTRING (-45.0070273 -22.6643327, -45.0064967 -22.6649564)",,,
159256452,True,Rua Prefeito Antônio Mendes,secondary,False,71.184,"LINESTRING (-45.0066492 -22.6640737, -45.0067967 -22.6637495, -45.0069268 -22.6634871)",,,
160286721,False,Rua Padre Antônio,residential,True,252.495,"LINESTRING (-45.0122482 -22.6606274, -45.0114948 -22.6605909, -45.0113229 -22.660564, -45.0111419 -22.6605244, -45.0109635 -22.6604402, -45.010894 -22.6603929, -45.0108416 -22.6603472, -45.0107718 -22.6602657, -45.0107355 -22.6601927, -45.0105726 -22.6596172, -45.0105358 -22.6594898)",,,
160286724,False,Rua Euclides Gomes Ramos,residential,False,53.482,"LINESTRING (-45.0122482 -22.6606274, -45.0122478 -22.66056, -45.0122668 -22.6601468)",,,
806173056,False,Rua São Benedito,secondary,True,86.431,"LINESTRING (-45.0122482 -22.6606274, -45.0122974 -22.6606137, -45.0123487 -22.6605876, -45.0124474 -22.660538, -45.0125381 -22.6605069, -45.0127803 -22.6604357, -45.0130355 -22.6603572)",90,,
"[159256394, 159256396, 867204533]",False,"['Rua Silva Caldas', 'Ponte Professor Agostinho Vicente de Freitas Ramos']",secondary,False,252.91900000000004,"LINESTRING (-45.0122482 -22.6606274, -45.0122168 -22.6608313, -45.0121823 -22.661347, -45.0121456 -22.6618644, -45.0121432 -22.6619128, -45.0121379 -22.6620208, -45.0121373 -22.6620338, -45.012132 -22.6620975, -45.0121029 -22.6623759, -45.0120616 -22.6626073, -45.0120368 -22.6627071, -45.0120292 -22.6627295, -45.0119534 -22.6628733)","['60', '30']",1,viaduct
159608734,True,Rua Francisco José Ribeiro,residential,False,72.63,"LINESTRING (-45.0098476 -22.6632941, -45.0098742 -22.6633003, -45.009913 -22.6633116, -45.0099712 -22.6633335, -45.0100019 -22.6633475, -45.0100604 -22.6633788, -45.0101703 -22.6634613, -45.0104019 -22.6636825)",,,
572381586,True,Rua Professor Edgar de Andrade Ferraz,secondary,False,23.718,"LINESTRING (-45.0098476 -22.6632941, -45.0099161 -22.6633451, -45.0099473 -22.6633665, -45.0100217 -22.6634339)",30,2,
159608781,False,Rua Professor Edgar de Andrade Ferraz,secondary,False,34.321,"LINESTRING (-45.0093967 -22.6631078, -45.0091667 -22.6628837)",,,
159256395,True,Rua Professor Edgar de Andrade Ferraz,secondary,False,46.093,"LINESTRING (-45.0093967 -22.6631078, -45.0095889 -22.6631988, -45.0097076 -22.6632501, -45.009803 -22.6632837)",40,,
159256273,True,Rua Professor Edgar de Andrade Ferraz,residential,False,26.058,"LINESTRING (-45.0105783 -22.6641658, -45.0104043 -22.6639951)",,,
572459381,False,Rua São Sebastião,residential,True,28.21,"LINESTRING (-45.0105783 -22.6641658, -45.0107552 -22.6639716)",,,
161264665,False,Rua Marechal Deodoro da Fonseca,residential,True,9.202,"LINESTRING (-45.0078475 -22.6620404, -45.0079283 -22.6620045)",,,
572457320,True,Rua Coronel Gonçalves,secondary,False,117.523,"LINESTRING (-45.0078475 -22.6620404, -45.0081019 -22.6621922, -45.0083454 -22.6623335, -45.0085766 -22.6624692, -45.0088168 -22.6626033)",,,
159256452,True,Rua Prefeito Antônio Mendes,secondary,False,46.946,"LINESTRING (-45.0064093 -22.664431, -45.0064212 -22.6643986, -45.0064333 -22.6643698, -45.0064584 -22.664328, -45.0066492 -22.6640737)",,,
159256452,True,Rua Prefeito Antônio Mendes,secondary,False,37.265,"LINESTRING (-45.0069925 -22.6631963, -45.0071682 -22.662903)",,,
160285096,False,Rua Santo Antonio,residential,True,29.703,"LINESTRING (-45.0069925 -22.6631963, -45.0069456 -22.6629327)",,,
160285110,False,,residential,True,23.227,"LINESTRING (-45.0075276 -22.6621456, -45.0074445 -22.6619513)",,,
159256451,True,Rua Marechal Deodoro da Fonseca,secondary,False,34.908,"LINESTRING (-45.0075276 -22.6621456, -45.0076564 -22.6620936, -45.0078475 -22.6620404)",,,
159256452,True,Rua Prefeito Antônio Mendes,secondary,False,33.031,"LINESTRING (-45.0069268 -22.6634871, -45.0069925 -22.6631963)",,,
159259127,True,Rua Doutor Bernardino de Campos,residential,False,79.851,"LINESTRING (-45.0069268 -22.6634871, -45.0076334 -22.663788)",,,
159256395,True,Rua Professor Edgar de Andrade Ferraz,secondary,False,4.72,"LINESTRING (-45.009803 -22.6632837, -45.0098476 -22.6632941)",40,,
836982595,True,Rua Professor Edgar de Andrade Ferraz,secondary,False,6.114,"LINESTRING (-45.009773 -22.6634349, -45.0097247 -22.6634027)",,,
840284793,True,Rua Doutor Bernardino de Campos,residential,False,22.432,"LINESTRING (-45.0088285 -22.6642915, -45.0090323 -22.6643645)",,,
159783052,False,Rua Antônio da Silva Viana,residential,False,136.277,"LINESTRING (-45.0128062 -22.6639289, -45.012369 -22.6635527, -45.0122416 -22.6634277, -45.0120713 -22.6632767, -45.0118537 -22.6630753)",,,
806171097,False,Rua Treze de Maio,residential,False,62.849,"LINESTRING (-45.0085006 -22.6611611, -45.0080373 -22.6615308)",,,
160285100,False,Rua Sete de Abril,residential,False,109.461,"LINESTRING (-45.0085006 -22.6611611, -45.0084302 -22.6610924, -45.0083363 -22.6610182, -45.0076113 -22.6606255)",,,
"[806171097, 160285109]",False,"['Rua Costa Júnior', 'Rua Treze de Maio']",residential,True,85.812,"LINESTRING (-45.0085006 -22.6611611, -45.008723 -22.6610487, -45.0087712 -22.6610284, -45.0088043 -22.6610138, -45.0088231 -22.6610046, -45.0088372 -22.6610064, -45.0088667 -22.6610182, -45.008917 -22.6610603, -45.0090551 -22.6612304, -45.0090907 -22.661257, -45.0091255 -22.6612768, -45.009162 -22.6612929)",,,
160285098,False,Rua Coronel Viêira,residential,False,135.614,"LINESTRING (-45.0080373 -22.6615308, -45.0071493 -22.6606275)",,,
806171097,False,Rua Treze de Maio,residential,False,37.222,"LINESTRING (-45.0080373 -22.6615308, -45.0077705 -22.6617576)",,,
806171097,False,Rua Treze de Maio,residential,True,62.849,"LINESTRING (-45.0080373 -22.6615308, -45.0085006 -22.6611611)",,,
160285096,False,Rua Santo Antonio,residential,False,18.38,"LINESTRING (-45.0067122 -22.6619884, -45.0067753 -22.6621431)",,,
160285112,False,Rua Santo Antônio,residential,True,157.832,"LINESTRING (-45.0067122 -22.6619884, -45.0071493 -22.6606275)",,,
160285102,False,Rua Mário Buono,residential,True,139.87,"LINESTRING (-45.0067122 -22.6619884, -45.0064655 -22.66171, -45.0063354 -22.6615677, -45.006271 -22.66146, -45.0062026 -22.6613078, -45.0060309 -22.6609142)",,,
160285096,False,Rua Santo Antonio,residential,False,89.522,"LINESTRING (-45.0067753 -22.6621431, -45.0069456 -22.6629327)",,,
160285096,False,Rua Santo Antonio,residential,True,18.38,"LINESTRING (-45.0067753 -22.6621431, -45.0067122 -22.6619884)",,,
806171096,False,Travessa Gomes Xavier,residential,True,72.378,"LINESTRING (-45.0067753 -22.6621431, -45.0069 -22.6621209, -45.0072272 -22.6620503, -45.0074445 -22.6619513)",,,
572433409,False,Rua Alexandrina Teodoro Gomes,residential,False,56.026,"LINESTRING (-45.0060309 -22.6609142, -45.0065441 -22.6607422)",,,
572433409,False,Rua Alexandrina Teodoro Gomes,residential,True,46.264,"LINESTRING (-45.0060309 -22.6609142, -45.0056118 -22.6610676)",,,
160285102,False,Rua Mário Buono,residential,False,139.87,"LINESTRING (-45.0060309 -22.6609142, -45.0062026 -22.6613078, -45.006271 -22.66146, -45.0063354 -22.6615677, -45.0064655 -22.66171, -45.0067122 -22.6619884)",,,
160285110,False,,residential,False,23.227,"LINESTRING (-45.0074445 -22.6619513, -45.0075276 -22.6621456)",,,
806171097,False,Rua Treze de Maio,residential,True,39.785,"LINESTRING (-45.0074445 -22.6619513, -45.0077705 -22.6617576)",,,
806171096,False,Travessa Gomes Xavier,residential,False,72.378,"LINESTRING (-45.0074445 -22.6619513, -45.0072272 -22.6620503, -45.0069 -22.6621209, -45.0067753 -22.6621431)",,,
160285098,False,Rua Coronel Viêira,residential,True,135.614,"LINESTRING (-45.0071493 -22.6606275, -45.0080373 -22.6615308)",,,
160285112,False,Rua Santo Antônio,residential,False,157.832,"LINESTRING (-45.0071493 -22.6606275, -45.0067122 -22.6619884)",,,
572433409,False,Rua Alexandrina Teodoro Gomes,residential,True,63.396,"LINESTRING (-45.0071493 -22.6606275, -45.0065441 -22.6607422)",,,
160285100,False,Rua Sete de Abril,residential,True,48.092,"LINESTRING (-45.0071493 -22.6606275, -45.0073479 -22.6605937, -45.0075131 -22.6606028, -45.0076113 -22.6606255)",,,
159256452,True,Rua Prefeito Antônio Mendes,secondary,False,91.939,"LINESTRING (-45.0071682 -22.662903, -45.0075276 -22.6621456)",,,
160285108,False,Rua Oscar Fernandes Barbosa,residential,False,23.28,"LINESTRING (-45.0071682 -22.662903, -45.0070763 -22.662929, -45.0069456 -22.6629327)",,,
160285096,False,Rua Santo Antonio,residential,False,29.703,"LINESTRING (-45.0069456 -22.6629327, -45.0069925 -22.6631963)",,,
160285096,False,Rua Santo Antonio,residential,True,89.522,"LINESTRING (-45.0069456 -22.6629327, -45.0067753 -22.6621431)",,,
160285108,False,Rua Oscar Fernandes Barbosa,residential,False,205.079,"LINESTRING (-45.0069456 -22.6629327, -45.0068852 -22.6629216, -45.0067399 -22.6628519, -45.0065111 -22.662773, -45.0063394 -22.6627161, -45.006094 -22.662429, -45.0055847 -22.6616886)",,,
160285108,False,Rua Oscar Fernandes Barbosa,residential,True,23.28,"LINESTRING (-45.0069456 -22.6629327, -45.0070763 -22.662929, -45.0071682 -22.662903)",,,
806171097,False,Rua Treze de Maio,residential,False,39.785,"LINESTRING (-45.0077705 -22.6617576, -45.0074445 -22.6619513)",,,
806171097,False,Rua Treze de Maio,residential,True,37.222,"LINESTRING (-45.0077705 -22.6617576, -45.0080373 -22.6615308)",,,
840357585,False,Praça Doutor Evangelista Rodrigues,residential,True,31.873,"LINESTRING (-45.0077705 -22.6617576, -45.0079283 -22.6620045)",,,
160286725,False,Rua Antônio Pinto Fernandes,residential,False,60.305,"LINESTRING (-45.01105 -22.6591894, -45.0115537 -22.65891)",,,
160286725,False,Rua Antônio Pinto Fernandes,residential,True,29.55,"LINESTRING (-45.01105 -22.6591894, -45.0108086 -22.6593343)",,,
160286723,False,Rua Sinésio Gurgel Guida,residential,True,159.30900000000003,"LINESTRING (-45.01105 -22.6591894, -45.0113525 -22.659444, -45.0118527 -22.6598561, -45.0119761 -22.6599229, -45.0122695 -22.6600613)",,,
806173056,False,Rua São Benedito,secondary,False,86.431,"LINESTRING (-45.0130355 -22.6603572, -45.0127803 -22.6604357, -45.0125381 -22.6605069, -45.0124474 -22.660538, -45.0123487 -22.6605876, -45.0122974 -22.6606137, -45.0122482 -22.6606274)",90,,
160286737,False,Rua Benjamin Rodrigues Fontes,residential,False,62.754,"LINESTRING (-45.0127867 -22.6592002, -45.0122959 -22.6595369)",,,
"[160286731, 160286725]",False,"['Rua Deolinda Moreira', 'Rua Antônio Pinto Fernandes']",residential,True,173.14499999999998,"LINESTRING (-45.0127867 -22.6592002, -45.0123663 -22.6586841, -45.0122771 -22.6585808, -45.0122423 -22.6585597, -45.0121893 -22.6585529, -45.0121477 -22.6585585, -45.0120823 -22.658581, -45.0115537 -22.65891)",,,
160286725,False,Rua Antônio Pinto Fernandes,residential,True,60.305,"LINESTRING (-45.0115537 -22.65891, -45.01105 -22.6591894)",,,
160286730,False,Rua Margarida Pôrto,residential,False,103.244,"LINESTRING (-45.0115537 -22.65891, -45.0122959 -22.6595369)",,,
160286730,False,Rua Margarida Pôrto,residential,True,77.291,"LINESTRING (-45.0115537 -22.65891, -45.0110213 -22.6584183)",,,
"[160286731, 160286725]",False,"['Rua Deolinda Moreira', 'Rua Antônio Pinto Fernandes']",residential,False,173.145,"LINESTRING (-45.0115537 -22.65891, -45.0120823 -22.658581, -45.0121477 -22.6585585, -45.0121893 -22.6585529, -45.0122423 -22.6585597, -45.0122771 -22.6585808, -45.0123663 -22.6586841, -45.0127867 -22.6592002)",,,
160286721,False,Rua Padre Antônio,residential,False,47.449,"LINESTRING (-45.0104517 -22.6590702, -45.0105358 -22.6594898)",,,
160286721,False,Rua Padre Antônio,residential,True,90.515,"LINESTRING (-45.0104517 -22.6590702, -45.0102132 -22.6582865)",,,
160286736,False,Rua Antônio Rodrigues Pontes,residential,True,93.117,"LINESTRING (-45.0104517 -22.6590702, -45.0110213 -22.6584183)",,,
160286727,False,Rua Antônio Pinto Ventura,residential,True,86.441,"LINESTRING (-45.0096451 -22.6588605, -45.0102132 -22.6582865)",,,
160286725,False,Rua Antônio Pinto Fernandes,residential,False,29.55,"LINESTRING (-45.0108086 -22.6593343, -45.01105 -22.6591894)",,,
160286725,False,Rua Antônio Pinto Fernandes,residential,True,32.902,"LINESTRING (-45.0108086 -22.6593343, -45.0105358 -22.6594898)",,,
160286734,False,Rua Antônio Rodrigues Humel,residential,True,197.12300000000002,"LINESTRING (-45.0108086 -22.6593343, -45.0108683 -22.6595207, -45.0109005 -22.6595913, -45.0109622 -22.6596655, -45.0114973 -22.6601383, -45.0115912 -22.6601791, -45.0116676 -22.6601977, -45.0118379 -22.6601952, -45.0120525 -22.6601729, -45.0122668 -22.6601468)",,,
160286724,False,Rua Euclides Gomes Ramos,residential,True,58.374,"LINESTRING (-45.0122959 -22.6595369, -45.0122695 -22.6600613)",,,
160286730,False,Rua Margarida Pôrto,residential,True,103.244,"LINESTRING (-45.0122959 -22.6595369, -45.0115537 -22.65891)",,,
160286737,False,Rua Benjamin Rodrigues Fontes,residential,True,62.754,"LINESTRING (-45.0122959 -22.6595369, -45.0127867 -22.6592002)",,,
160286726,False,Largo Bom Jesus,residential,False,111.982,"LINESTRING (-45.0128333 -22.6580538, -45.012593 -22.6578908, -45.0124227 -22.6577596, -45.0123167 -22.6576519, -45.0120277 -22.6573789)",,,
160286730,False,Rua Margarida Pôrto,residential,False,77.291,"LINESTRING (-45.0110213 -22.6584183, -45.0115537 -22.65891)",,,
160286736,False,Rua Antônio Rodrigues Pontes,residential,False,93.117,"LINESTRING (-45.0110213 -22.6584183, -45.0104517 -22.6590702)",,,
160286736,False,Rua Antônio Rodrigues Pontes,residential,True,154.992,"LINESTRING (-45.0110213 -22.6584183, -45.0120277 -22.6573789)",,,
160286721,False,Rua Padre Antônio,residential,True,47.449,"LINESTRING (-45.0105358 -22.6594898, -45.0104517 -22.6590702)",,,
160286725,False,Rua Antônio Pinto Fernandes,residential,False,32.902,"LINESTRING (-45.0105358 -22.6594898, -45.0108086 -22.6593343)",,,
160286721,False,Rua Padre Antônio,residential,False,252.495,"LINESTRING (-45.0105358 -22.6594898, -45.0105726 -22.6596172, -45.0107355 -22.6601927, -45.0107718 -22.6602657, -45.0108416 -22.6603472, -45.010894 -22.6603929, -45.0109635 -22.6604402, -45.0111419 -22.6605244, -45.0113229 -22.660564, -45.0114948 -22.6605909, -45.0122482 -22.6606274)",,,
160286724,False,Rua Euclides Gomes Ramos,residential,False,58.374,"LINESTRING (-45.0122695 -22.6600613, -45.0122959 -22.6595369)",,,
160286724,False,Rua Euclides Gomes Ramos,residential,True,9.511,"LINESTRING (-45.0122695 -22.6600613, -45.0122668 -22.6601468)",,,
160286723,False,Rua Sinésio Gurgel Guida,residential,False,159.309,"LINESTRING (-45.0122695 -22.6600613, -45.0119761 -22.6599229, -45.0118527 -22.6598561, -45.0113525 -22.659444, -45.01105 -22.6591894)",,,
160286736,False,Rua Antônio Rodrigues Pontes,residential,False,154.992,"LINESTRING (-45.0120277 -22.6573789, -45.0110213 -22.6584183)",,,
"[160286726, 160286727]",False,"['Rua Antônio Pinto Ventura', 'Largo Bom Jesus']",residential,False,50.153999999999996,"LINESTRING (-45.0120277 -22.6573789, -45.0117832 -22.6571412, -45.0117011 -22.6570771, -45.0116778 -22.6570663)",,,
160286726,False,Largo Bom Jesus,residential,True,111.982,"LINESTRING (-45.0120277 -22.6573789, -45.0123167 -22.6576519, -45.0124227 -22.6577596, -45.012593 -22.6578908, -45.0128333 -22.6580538)",,,
160286721,False,Rua Padre Antônio,residential,False,90.515,"LINESTRING (-45.0102132 -22.6582865, -45.0104517 -22.6590702)",,,
160286727,False,Rua Antônio Pinto Ventura,residential,False,86.441,"LINESTRING (-45.0102132 -22.6582865, -45.0096451 -22.6588605)",,,
160286727,False,Rua Antônio Pinto Ventura,residential,True,46.586,"LINESTRING (-45.0102132 -22.6582865, -45.0105089 -22.6579686)",,,
160287000,False,Rua Artur Pinto,residential,False,58.308,"LINESTRING (-45.0103246 -22.6566272, -45.0099059 -22.6562727)",,,
160287194,False,Rua Santa Catarina,residential,False,90.468,"LINESTRING (-45.0103246 -22.6566272, -45.0098179 -22.657293)",,,
160287000,False,Rua Artur Pinto,residential,True,118.318,"LINESTRING (-45.0103246 -22.6566272, -45.0108286 -22.6568623, -45.0113609 -22.6570935)",,,
160286727,False,Rua Antônio Pinto Ventura,residential,False,46.586,"LINESTRING (-45.0105089 -22.6579686, -45.0102132 -22.6582865)",,,
160286727,False,Rua Antônio Pinto Ventura,residential,True,130.903,"LINESTRING (-45.0105089 -22.6579686, -45.0106953 -22.6577732, -45.0109434 -22.6575158, -45.0111714 -22.657298, -45.0112841 -22.6571891, -45.0113609 -22.6570935)",,,
160286998,False,Rua Manoel Martins Cardoso,residential,False,103.62599999999999,"LINESTRING (-45.0105089 -22.6579686, -45.0101092 -22.6575282, -45.0099953 -22.6574292, -45.0099269 -22.6573809, -45.0098839 -22.6573475, -45.0098179 -22.657293)",,,
160287194,False,Rua Santa Catarina,residential,True,90.468,"LINESTRING (-45.0098179 -22.657293, -45.0103246 -22.6566272)",,,
160286998,False,Rua Manoel Martins Cardoso,residential,True,103.626,"LINESTRING (-45.0098179 -22.657293, -45.0098839 -22.6573475, -45.0099269 -22.6573809, -45.0099953 -22.6574292, -45.0101092 -22.6575282, -45.0105089 -22.6579686)",,,
840364525,False,Avenida Brasil,residential,False,67.93,"LINESTRING (-45.0098179 -22.657293, -45.0097592 -22.6573153, -45.0097056 -22.6573252, -45.0096546 -22.657319, -45.0095889 -22.6572893, -45.0092556 -22.6570546)",,,
160286727,False,Rua Antônio Pinto Ventura,residential,False,130.903,"LINESTRING (-45.0113609 -22.6570935, -45.0112841 -22.6571891, -45.0111714 -22.657298, -45.0109434 -22.6575158, -45.0106953 -22.6577732, -45.0105089 -22.6579686)",,,
160286727,False,Rua Antônio Pinto Ventura,residential,True,36.378,"LINESTRING (-45.0113609 -22.6570935, -45.0114001 -22.6570529, -45.0114403 -22.6570313, -45.0115261 -22.6570177, -45.0116032 -22.6570319, -45.0116778 -22.6570663)",,,
160287000,False,Rua Artur Pinto,residential,False,118.318,"LINESTRING (-45.0113609 -22.6570935, -45.0108286 -22.6568623, -45.0103246 -22.6566272)",,,
840364525,False,Avenida Brasil,residential,True,16.909,"LINESTRING (-45.0083437 -22.6564155, -45.008479 -22.6565023)",,,
572676514,False,Trevo Cemitério Municipal,residential,True,18.24,"LINESTRING (-45.0043378 -22.6615727, -45.0043713 -22.6614116)",30,,
"[572492521, 840294003]",False,"['Rua Alexandre Thomas da Silva', 'Rua Benedito de Oliveira']",residential,False,253.355,"LINESTRING (-45.0043378 -22.6615727, -45.0043275 -22.6616791, -45.0041373 -22.6626171, -45.0041313 -22.6626638, -45.0041303 -22.6627041, -45.0041346 -22.6627161, -45.0041423 -22.6627254, -45.0041541 -22.6627291, -45.0041769 -22.6627273, -45.0042184 -22.6627149, -45.0043438 -22.6626283, -45.0050768 -22.6620525)",30,,
572492521,False,Rua Alexandre Thomas da Silva,residential,True,65.98,"LINESTRING (-45.0055847 -22.6616886, -45.0050768 -22.6620525)",30,,
160285108,False,Rua Oscar Fernandes Barbosa,residential,False,70.529,"LINESTRING (-45.0055847 -22.6616886, -45.0053041 -22.6613053, -45.0052806 -22.6612589, -45.0052638 -22.6612013, -45.0052625 -22.6611704, -45.0052664 -22.6611407)",,,
160285108,False,Rua Oscar Fernandes Barbosa,residential,True,205.07899999999995,"LINESTRING (-45.0055847 -22.6616886, -45.006094 -22.662429, -45.0063394 -22.6627161, -45.0065111 -22.662773, -45.0067399 -22.6628519, -45.0068852 -22.6629216, -45.0069456 -22.6629327)",,,
160872702,False,Rua Pedro Evangelista Pinto,residential,True,142.995,"LINESTRING (-45.0037927 -22.6590847, -45.0049502 -22.6598008)",,,
806179072,False,Rua Carlos Pinto Filho,residential,True,83.87700000000001,"LINESTRING (-45.0037927 -22.6590847, -45.0041802 -22.6588954, -45.0043425 -22.6588125, -45.0044256 -22.6587543, -45.0044887 -22.6586962)",,,
160872689,False,Rua Carlos Pinto Filho,residential,True,8.855,"LINESTRING (-45.0045654 -22.6587327, -45.0044887 -22.6586962)",,,
160872689,False,Rua Carlos Pinto Filho,residential,False,115.605,"LINESTRING (-45.0045654 -22.6587327, -45.0046831 -22.6587126, -45.0047918 -22.6587113, -45.00569 -22.658712)",,,
"[160872698, 806169805]",False,"['Rua Avelino de Siqueira', 'Rua Inácio Rodrigues do Prado']",residential,True,316.86,"LINESTRING (-45.0045654 -22.6587327, -45.0046416 -22.6587918, -45.0047556 -22.6588772, -45.0059143 -22.6595801, -45.0059384 -22.6596117, -45.0059532 -22.6596426, -45.0059532 -22.6596971, -45.0059304 -22.6597543, -45.0056132 -22.6602131, -45.0052816 -22.6607414)",,,
160872697,False,Rua Maurício Barbosa,residential,True,106.689,"LINESTRING (-45.0049502 -22.6598008, -45.0039301 -22.6599864)",,,
160872702,False,Rua Pedro Evangelista Pinto,residential,False,142.995,"LINESTRING (-45.0049502 -22.6598008, -45.0037927 -22.6590847)",,,
160872691,False,Rua Pedro Evangelista Pinto,residential,False,123.987,"LINESTRING (-45.0049502 -22.6598008, -45.0052645 -22.6599947, -45.0052982 -22.6600302, -45.0053228 -22.6600697, -45.005327 -22.6601035, -45.0053265 -22.6601368, -45.0053256 -22.6601832, -45.0052816 -22.6607414)",,,
160872689,False,Rua Carlos Pinto Filho,residential,False,8.855,"LINESTRING (-45.0044887 -22.6586962, -45.0045654 -22.6587327)",,,
806179072,False,Rua Carlos Pinto Filho,residential,False,83.87700000000001,"LINESTRING (-45.0044887 -22.6586962, -45.0044256 -22.6587543, -45.0043425 -22.6588125, -45.0041802 -22.6588954, -45.0037927 -22.6590847)",,,
"[160872700, 840287798]",False,"['Praça Plácido Guedes Magalhães', 'Rua Joana Rossetti']",residential,True,262.765,"LINESTRING (-45.0044887 -22.6586962, -45.0046791 -22.6584712, -45.0050546 -22.6580901, -45.005402 -22.6577064, -45.0054536 -22.6576656, -45.0055066 -22.6576532, -45.0055354 -22.6576581, -45.005579 -22.6576742, -45.0060477 -22.6580133, -45.0060658 -22.6580393, -45.0060799 -22.6580733, -45.0060799 -22.6581031, -45.0060732 -22.6581414, -45.0060603 -22.658177, -45.005966 -22.6583064)",,,
161264665,False,Rua Marechal Deodoro da Fonseca,residential,False,151.088,"LINESTRING (-45.0092623 -22.6614497, -45.0092161 -22.6614847, -45.009086 -22.66158, -45.0090203 -22.6616147, -45.0088406 -22.6616766, -45.0079283 -22.6620045)",,,
"[806169915, 161264662]",False,"['Rua Prudente de Morais', 'Rua Capitão Pinto Fernandes']",residential,False,165.834,"LINESTRING (-45.0092623 -22.6614497, -45.0095252 -22.6618665, -45.0095306 -22.6619061, -45.0095245 -22.6619464, -45.0095037 -22.6619846, -45.0088168 -22.6626033)",,,
806169915,False,Rua Capitão Pinto Fernandes,residential,True,20.246000000000002,"LINESTRING (-45.0092623 -22.6614497, -45.00923 -22.6613992, -45.009162 -22.6612929)",,,
840284793,True,Rua Doutor Bernardino de Campos,residential,False,112.428,"LINESTRING (-45.0076334 -22.663788, -45.0086273 -22.6642136)",,,
840284794,True,Rua Major Batista,secondary,False,86.811,"LINESTRING (-45.0076334 -22.663788, -45.0070273 -22.6643327)",,,
159608781,False,Rua Professor Edgar de Andrade Ferraz,secondary,True,38.861000000000004,"LINESTRING (-45.0088168 -22.6626033, -45.0088567 -22.6626227, -45.0088989 -22.6626518, -45.008974 -22.6627124, -45.0091032 -22.6628296)",,,
"[806169915, 161264662]",False,"['Rua Capitão Pinto Fernandes', 'Rua Prudente de Morais']",residential,True,165.834,"LINESTRING (-45.0088168 -22.6626033, -45.0095037 -22.6619846, -45.0095245 -22.6619464, -45.0095306 -22.6619061, -45.0095252 -22.6618665, -45.0092623 -22.6614497)",,,
572457321,True,Rua Prudente de Morais,secondary,False,179.169,"LINESTRING (-45.0088168 -22.6626033, -45.0085239 -22.6628944, -45.0082479 -22.6631756, -45.0080206 -22.6634094, -45.0076334 -22.663788)",,,
572433409,False,Rua Alexandrina Teodoro Gomes,residential,False,63.396,"LINESTRING (-45.0065441 -22.6607422, -45.0071493 -22.6606275)",,,
572433409,False,Rua Alexandrina Teodoro Gomes,residential,True,56.026,"LINESTRING (-45.0065441 -22.6607422, -45.0060309 -22.6609142)",,,
161264689,False,Rua Padre Felipe,residential,False,121.03200000000001,"LINESTRING (-45.0065441 -22.6607422, -45.0066143 -22.6605219, -45.0068061 -22.6600652, -45.0069577 -22.6597237)",,,
161264689,False,Rua Padre Felipe,residential,True,91.919,"LINESTRING (-45.0073323 -22.6589728, -45.0069577 -22.6597237)",,,
806169915,False,Rua Capitão Pinto Fernandes,residential,False,327.456,"LINESTRING (-45.0073323 -22.6589728, -45.0074623 -22.658994, -45.0075958 -22.6590414, -45.0076705 -22.6590751, -45.0077345 -22.6591285, -45.0078553 -22.6592795, -45.0079654 -22.6594403, -45.0081822 -22.659762, -45.009162 -22.6612929)",,,
840287797,False,Rua Capitão Pinto Fernandes,residential,True,88.265,"LINESTRING (-45.0073323 -22.6589728, -45.0068078 -22.6587947, -45.0066116 -22.6587405, -45.0065178 -22.6587196)",,,
572676514,False,Trevo Cemitério Municipal,residential,False,54.586,"LINESTRING (-45.0044716 -22.6609295, -45.0043713 -22.6614116)",30,,
161264734,False,Trevo Cemitério Municipal,residential,True,60.854,"LINESTRING (-45.0044716 -22.6609295, -45.0049466 -22.6609932, -45.0050584 -22.6610088)",,,
"[160869233, 572676514]",False,Trevo Cemitério Municipal,residential,True,121.85,"LINESTRING (-45.0044716 -22.6609295, -45.0045492 -22.6605917, -45.0045577 -22.660565, -45.0045711 -22.6605471, -45.0045995 -22.6605278, -45.0046175 -22.6605264, -45.0046563 -22.6605251, -45.0046877 -22.6605375, -45.0047101 -22.6605595, -45.0050318 -22.660952, -45.0050493 -22.6609835, -45.0050584 -22.6610088)",30,,
156421081,True,Avenida Coronel Domiciano,tertiary,False,86.655,"LINESTRING (-45.0077067 -22.6647956, -45.0070273 -22.6643327)",,,
215894755,True,Praça Prado Filho,residential,False,29.559,"LINESTRING (-45.0088446 -22.6647537, -45.0090993 -22.6648779)",,,
215894757,True,Praça Santos Dumont,residential,False,47.384,"LINESTRING (-45.0088446 -22.6647537, -45.0089505 -22.6645211, -45.0090323 -22.6643645)",,,
215894759,True,Praça Santos Dumont,residential,False,48.612,"LINESTRING (-45.0093207 -22.6644914, -45.0090993 -22.6648779)",,,
840284793,True,Rua Doutor Bernardino de Campos,residential,False,83.523,"LINESTRING (-45.0093207 -22.6644914, -45.0100407 -22.6648418)",,,
840284793,True,Rua Doutor Bernardino de Campos,residential,False,32.826,"LINESTRING (-45.0090323 -22.6643645, -45.0091329 -22.6644017, -45.0092335 -22.6644468, -45.0093207 -22.6644914)",,,
160872689,False,Rua Carlos Pinto Filho,residential,True,84.947,"LINESTRING (-45.0065178 -22.6587196, -45.00569 -22.658712)",,,
216303046,False,Praça Plácido Guedes Magalhães,residential,False,72.918,"LINESTRING (-45.0065178 -22.6587196, -45.005966 -22.6583064)",,,
840287797,False,Rua Capitão Pinto Fernandes,residential,False,88.265,"LINESTRING (-45.0065178 -22.6587196, -45.0066116 -22.6587405, -45.0068078 -22.6587947, -45.0073323 -22.6589728)",,,
160872689,False,Rua Carlos Pinto Filho,residential,False,84.947,"LINESTRING (-45.00569 -22.658712, -45.0065178 -22.6587196)",,,
160872700,False,Praça Plácido Guedes Magalhães,residential,False,53.256,"LINESTRING (-45.00569 -22.658712, -45.005966 -22.6583064)",,,
160872689,False,Rua Carlos Pinto Filho,residential,True,115.605,"LINESTRING (-45.00569 -22.658712, -45.0047918 -22.6587113, -45.0046831 -22.6587126, -45.0045654 -22.6587327)",,,
572398496,True,Rua Sete de Setembro,secondary,False,59.614,"LINESTRING (-45.0064967 -22.6649564, -45.0064252 -22.6647141, -45.0064108 -22.6646504, -45.0064044 -22.6645935, -45.0064024 -22.6645434, -45.0064093 -22.664431)",,,
160872700,False,Praça Plácido Guedes Magalhães,residential,True,53.256,"LINESTRING (-45.005966 -22.6583064, -45.00569 -22.658712)",,,
216303046,False,Praça Plácido Guedes Magalhães,residential,True,72.918,"LINESTRING (-45.005966 -22.6583064, -45.0065178 -22.6587196)",,,
"[160872700, 840287798]",False,"['Praça Plácido Guedes Magalhães', 'Rua Joana Rossetti']",residential,False,262.765,"LINESTRING (-45.005966 -22.6583064, -45.0060603 -22.658177, -45.0060732 -22.6581414, -45.0060799 -22.6581031, -45.0060799 -22.6580733, -45.0060658 -22.6580393, -45.0060477 -22.6580133, -45.005579 -22.6576742, -45.0055354 -22.6576581, -45.0055066 -22.6576532, -45.0054536 -22.6576656, -45.005402 -22.6577064, -45.0050546 -22.6580901, -45.0046791 -22.6584712, -45.0044887 -22.6586962)",,,
159256272,True,Rua São Sebastião,residential,False,93.237,"LINESTRING (-45.0100407 -22.6648418, -45.0105783 -22.6641658)",,,
454113909,False,,residential,False,21.357,"LINESTRING (-45.0109585 -22.6635863, -45.0110568 -22.6637556)",,,
454113910,True,Rua Silva Caudas,residential,False,131.131,"LINESTRING (-45.0109585 -22.6635863, -45.0115933 -22.663122, -45.0116798 -22.6630385, -45.0117347 -22.6629902, -45.0118103 -22.6629256, -45.0118627 -22.6628795, -45.0119103 -22.6628717, -45.0119534 -22.6628733)",,,
159608734,True,Rua Francisco José Ribeiro,residential,False,53.07000000000001,"LINESTRING (-45.0104019 -22.6636825, -45.010511 -22.6637897, -45.0105371 -22.6638247, -45.0105542 -22.6638578, -45.0105629 -22.6639085, -45.0105585 -22.6639413, -45.0105458 -22.6639685, -45.0105247 -22.663984, -45.0104995 -22.6639902, -45.0104606 -22.6639945, -45.0104043 -22.6639951)",,,
454113997,True,,residential,False,26.698000000000004,"LINESTRING (-45.0104019 -22.6636825, -45.0103736 -22.6637109, -45.0103603 -22.6637252, -45.0103418 -22.6637419, -45.0103259 -22.6637566, -45.0102972 -22.6637725, -45.0102723 -22.6637817, -45.0102325 -22.6637914, -45.0101858 -22.6638021)",,,
159256273,True,Rua Professor Edgar de Andrade Ferraz,residential,False,58.833,"LINESTRING (-45.0101858 -22.6638021, -45.009773 -22.6634349)",,,
572381585,True,Rua Professor Edgar de Andrade Ferraz,secondary,False,25.629,"LINESTRING (-45.0100217 -22.6634339, -45.0099364 -22.663441, -45.0098615 -22.6634446, -45.009773 -22.6634349)",,,
"[855734656, 924866669, 159256396, 159256397]",False,"['Rua Silva Caldas', 'Rua Professor Edgar de Andrade Ferraz']",secondary,True,256.315,"LINESTRING (-45.0100217 -22.6634339, -45.0100492 -22.6634622, -45.0101548 -22.6635719, -45.0103097 -22.6637309, -45.010406 -22.6638219, -45.0104626 -22.6638667, -45.0104968 -22.6638856, -45.0105391 -22.6638946, -45.0105927 -22.663898, -45.0106474 -22.6638918, -45.0106926 -22.6638782, -45.0107469 -22.6638485, -45.0108475 -22.6637687, -45.0112718 -22.6634328, -45.0117601 -22.6630759, -45.0118453 -22.6629983, -45.0118976 -22.6629438, -45.0119198 -22.6629157)","['60', '30']",2,viaduct
160869227,False,Rua Sebastião Fortes,residential,False,162.53799999999998,"LINESTRING (-45.0051124 -22.6608919, -45.0046738 -22.6603375, -45.0046375 -22.6603016, -45.0045852 -22.6602707, -45.0042366 -22.6601049, -45.0040904 -22.6600405, -45.0039301 -22.6599864)",,,
160872698,False,Rua Inácio Rodrigues do Prado,residential,False,24.341,"LINESTRING (-45.0051124 -22.6608919, -45.0052021 -22.6608288, -45.0052477 -22.6607886, -45.0052816 -22.6607414)",,,
160872698,False,Rua Inácio Rodrigues do Prado,residential,True,14.801,"LINESTRING (-45.0051124 -22.6608919, -45.0051867 -22.6609792, -45.005203 -22.6609954)",,,
160285108,False,Rua Oscar Fernandes Barbosa,residential,True,7.211,"LINESTRING (-45.0052573 -22.6610764, -45.0052664 -22.6611407)",,,
840294004,True,Rua Alexandrina Teodoro Gomes,residential,False,36.389,"LINESTRING (-45.0052573 -22.6610764, -45.0056118 -22.6610676)",,,
160872698,False,Rua Inácio Rodrigues do Prado,residential,False,10.591,"LINESTRING (-45.0052573 -22.6610764, -45.0052384 -22.6610473, -45.005203 -22.6609954)",,,
572433409,False,Rua Alexandrina Teodoro Gomes,residential,False,46.264,"LINESTRING (-45.0056118 -22.6610676, -45.0060309 -22.6609142)",,,
160285104,True,Rua Alexandrina Teodoro Gomes,residential,False,36.744,"LINESTRING (-45.0056118 -22.6610676, -45.0054881 -22.6611115, -45.0054247 -22.6611307, -45.0053531 -22.6611385, -45.0052664 -22.6611407)",,,
"[160869233, 572676514]",False,Trevo Cemitério Municipal,residential,False,121.84999999999998,"LINESTRING (-45.0050584 -22.6610088, -45.0050493 -22.6609835, -45.0050318 -22.660952, -45.0047101 -22.6605595, -45.0046877 -22.6605375, -45.0046563 -22.6605251, -45.0046175 -22.6605264, -45.0045995 -22.6605278, -45.0045711 -22.6605471, -45.0045577 -22.660565, -45.0045492 -22.6605917, -45.0044716 -22.6609295)",30,,
161264734,False,Trevo Cemitério Municipal,residential,False,60.854,"LINESTRING (-45.0050584 -22.6610088, -45.0049466 -22.6609932, -45.0044716 -22.6609295)",,,
161264734,False,Trevo Cemitério Municipal,residential,True,15.291,"LINESTRING (-45.0050584 -22.6610088, -45.005124 -22.661016, -45.0051482 -22.6610126, -45.0051706 -22.6610095, -45.005203 -22.6609954)",,,
572433410,False,Rua João Pereira da Silva,residential,False,85.381,"LINESTRING (-45.0050584 -22.6610088, -45.0050486 -22.6610361, -45.0050345 -22.661051, -45.0045215 -22.6613635, -45.0044659 -22.6614006, -45.0044377 -22.6614093, -45.0043713 -22.6614116)",30,,
159608803,True,Rua Silva Caudas,residential,False,111.485,"LINESTRING (-45.0118537 -22.6630753, -45.011789 -22.6631394, -45.0114148 -22.663476, -45.0110568 -22.6637556)",,,
159783052,False,Rua Antônio da Silva Viana,residential,True,136.27700000000002,"LINESTRING (-45.0118537 -22.6630753, -45.0120713 -22.6632767, -45.0122416 -22.6634277, -45.012369 -22.6635527, -45.0128062 -22.6639289)",,,
572459381,False,Rua São Sebastião,residential,False,28.21,"LINESTRING (-45.0107552 -22.6639716, -45.0105783 -22.6641658)",,,
159256273,True,Rua Professor Edgar de Andrade Ferraz,residential,False,31.036,"LINESTRING (-45.0104043 -22.6639951, -45.0101858 -22.6638021)",,,
454113909,False,,residential,True,21.357,"LINESTRING (-45.0110568 -22.6637556, -45.0109585 -22.6635863)",,,
572492521,False,Rua Alexandre Thomas da Silva,residential,False,65.98,"LINESTRING (-45.0050768 -22.6620525, -45.0055847 -22.6616886)",30,,
572676511,False,Travessa Alexandre Thomas da Silva,residential,False,66.909,"LINESTRING (-45.0050768 -22.6620525, -45.0047145 -22.6615522)",30,,
"[572492521, 840294003]",False,"['Rua Benedito de Oliveira', 'Rua Alexandre Thomas da Silva']",residential,True,253.35500000000002,"LINESTRING (-45.0050768 -22.6620525, -45.0043438 -22.6626283, -45.0042184 -22.6627149, -45.0041769 -22.6627273, -45.0041541 -22.6627291, -45.0041423 -22.6627254, -45.0041346 -22.6627161, -45.0041303 -22.6627041, -45.0041313 -22.6626638, -45.0041373 -22.6626171, -45.0043275 -22.6616791, -45.0043378 -22.6615727)",30,,
572676511,False,Travessa Alexandre Thomas da Silva,residential,True,66.909,"LINESTRING (-45.0047145 -22.6615522, -45.0050768 -22.6620525)",30,,
160872691,False,Rua Pedro Evangelista Pinto,residential,True,123.98700000000001,"LINESTRING (-45.0052816 -22.6607414, -45.0053256 -22.6601832, -45.0053265 -22.6601368, -45.005327 -22.6601035, -45.0053228 -22.6600697, -45.0052982 -22.6600302, -45.0052645 -22.6599947, -45.0049502 -22.6598008)",,,
"[160872698, 806169805]",False,"['Rua Avelino de Siqueira', 'Rua Inácio Rodrigues do Prado']",residential,False,316.85999999999996,"LINESTRING (-45.0052816 -22.6607414, -45.0056132 -22.6602131, -45.0059304 -22.6597543, -45.0059532 -22.6596971, -45.0059532 -22.6596426, -45.0059384 -22.6596117, -45.0059143 -22.6595801, -45.0047556 -22.6588772, -45.0046416 -22.6587918, -45.0045654 -22.6587327)",,,
160872698,False,Rua Inácio Rodrigues do Prado,residential,True,24.341,"LINESTRING (-45.0052816 -22.6607414, -45.0052477 -22.6607886, -45.0052021 -22.6608288, -45.0051124 -22.6608919)",,,
160872697,False,Rua Maurício Barbosa,residential,False,106.689,"LINESTRING (-45.0039301 -22.6599864, -45.0049502 -22.6598008)",,,
160869227,False,Rua Sebastião Fortes,residential,True,162.53799999999998,"LINESTRING (-45.0039301 -22.6599864, -45.0040904 -22.6600405, -45.0042366 -22.6601049, -45.0045852 -22.6602707, -45.0046375 -22.6603016, -45.0046738 -22.6603375, -45.0051124 -22.6608919)",,,
840284793,True,Rua Doutor Bernardino de Campos,residential,False,22.388,"LINESTRING (-45.0086273 -22.6642136, -45.0088285 -22.6642915)",,,
806147505,False,Travessa Antônio Dabul,residential,True,116.821,"LINESTRING (-45.0086273 -22.6642136, -45.0087534 -22.6639512, -45.0087762 -22.6639048, -45.0088003 -22.6638497, -45.0088285 -22.6637953, -45.0088821 -22.6637074, -45.0089948 -22.6634104, -45.0090142 -22.6633256, -45.009033 -22.6632366)",,,
161264689,False,Rua Padre Felipe,residential,False,91.919,"LINESTRING (-45.0069577 -22.6597237, -45.0073323 -22.6589728)",,,
161264689,False,Rua Padre Felipe,residential,True,121.032,"LINESTRING (-45.0069577 -22.6597237, -45.0068061 -22.6600652, -45.0066143 -22.6605219, -45.0065441 -22.6607422)",,,
806170126,False,Praça Monsenhor Machado,residential,False,146.905,"LINESTRING (-45.0069577 -22.6597237, -45.007763 -22.660288, -45.0077811 -22.6603097, -45.0077885 -22.6603301, -45.0077811 -22.6603616, -45.0076113 -22.6606255)",,,
160285100,False,Rua Sete de Abril,residential,False,48.092,"LINESTRING (-45.0076113 -22.6606255, -45.0075131 -22.6606028, -45.0073479 -22.6605937, -45.0071493 -22.6606275)",,,
160285100,False,Rua Sete de Abril,residential,True,109.461,"LINESTRING (-45.0076113 -22.6606255, -45.0083363 -22.6610182, -45.0084302 -22.6610924, -45.0085006 -22.6611611)",,,
806170126,False,Praça Monsenhor Machado,residential,True,146.90500000000003,"LINESTRING (-45.0076113 -22.6606255, -45.0077811 -22.6603616, -45.0077885 -22.6603301, -45.0077811 -22.6603097, -45.007763 -22.660288, -45.0069577 -22.6597237)",,,
806176947,False,Rua Rio Grande do Sul,residential,True,198.45199999999997,"LINESTRING (-45.0092872 -22.6580903, -45.0084771 -22.6567299, -45.008457 -22.6566755, -45.008457 -22.6566185, -45.008479 -22.6565023)",,,
806178221,False,Rua Paraná,residential,False,109.599,"LINESTRING (-45.0092556 -22.6570546, -45.0099059 -22.6562727)",,,
840364525,False,Avenida Brasil,residential,False,59.664,"LINESTRING (-45.0092556 -22.6570546, -45.0087984 -22.6567231)",,,
840364525,False,Avenida Brasil,residential,True,67.93,"LINESTRING (-45.0092556 -22.6570546, -45.0095889 -22.6572893, -45.0096546 -22.657319, -45.0097056 -22.6573252, -45.0097592 -22.6573153, -45.0098179 -22.657293)",,,
160287000,False,Rua Artur Pinto,residential,True,58.308,"LINESTRING (-45.0099059 -22.6562727, -45.0103246 -22.6566272)",,,
806178221,False,Rua Paraná,residential,True,109.599,"LINESTRING (-45.0099059 -22.6562727, -45.0092556 -22.6570546)",,,
840364525,False,Avenida Brasil,residential,False,40.951,"LINESTRING (-45.0087984 -22.6567231, -45.008479 -22.6565023)",,,
840364525,False,Avenida Brasil,residential,True,59.664,"LINESTRING (-45.0087984 -22.6567231, -45.0092556 -22.6570546)",,,
840358546,True,,residential,False,41.57,"LINESTRING (-45.009033 -22.6632366, -45.0091667 -22.6628837)",,,
806147505,False,Travessa Antônio Dabul,residential,False,116.821,"LINESTRING (-45.009033 -22.6632366, -45.0090142 -22.6633256, -45.0089948 -22.6634104, -45.0088821 -22.6637074, -45.0088285 -22.6637953, -45.0088003 -22.6638497, -45.0087762 -22.6639048, -45.0087534 -22.6639512, -45.0086273 -22.6642136)",,,
159608781,False,Rua Professor Edgar de Andrade Ferraz,secondary,False,38.861,"LINESTRING (-45.0091032 -22.6628296, -45.008974 -22.6627124, -45.0088989 -22.6626518, -45.0088567 -22.6626227, -45.0088168 -22.6626033)",,,
159608781,False,Rua Professor Edgar de Andrade Ferraz,secondary,True,8.868,"LINESTRING (-45.0091032 -22.6628296, -45.009137 -22.6628584, -45.0091667 -22.6628837)",,,
840358546,True,,residential,False,48.115,"LINESTRING (-45.0091032 -22.6628296, -45.0090605 -22.6629138, -45.0090471 -22.6629438, -45.0090424 -22.6629701, -45.0090243 -22.6630404, -45.0090112 -22.6630868, -45.0089978 -22.6631295, -45.0089945 -22.6631514, -45.0089998 -22.663183, -45.0090116 -22.6632062, -45.009033 -22.6632366)",,,
159608781,False,Rua Professor Edgar de Andrade Ferraz,secondary,True,34.321,"LINESTRING (-45.0091667 -22.6628837, -45.0093967 -22.6631078)",,,
159608781,False,Rua Professor Edgar de Andrade Ferraz,secondary,False,8.868,"LINESTRING (-45.0091667 -22.6628837, -45.009137 -22.6628584, -45.0091032 -22.6628296)",,,
161264665,False,Rua Marechal Deodoro da Fonseca,residential,False,9.202,"LINESTRING (-45.0079283 -22.6620045, -45.0078475 -22.6620404)",,,
840357585,False,Praça Doutor Evangelista Rodrigues,residential,False,31.873,"LINESTRING (-45.0079283 -22.6620045, -45.0077705 -22.6617576)",,,
161264665,False,Rua Marechal Deodoro da Fonseca,residential,True,151.08800000000002,"LINESTRING (-45.0079283 -22.6620045, -45.0088406 -22.6616766, -45.0090203 -22.6616147, -45.009086 -22.66158, -45.0092161 -22.6614847, -45.0092623 -22.6614497)",,,
160286724,False,Rua Euclides Gomes Ramos,residential,False,9.511,"LINESTRING (-45.0122668 -22.6601468, -45.0122695 -22.6600613)",,,
160286724,False,Rua Euclides Gomes Ramos,residential,True,53.482,"LINESTRING (-45.0122668 -22.6601468, -45.0122478 -22.66056, -45.0122482 -22.6606274)",,,
160286734,False,Rua Antônio Rodrigues Humel,residential,False,197.12300000000002,"LINESTRING (-45.0122668 -22.6601468, -45.0120525 -22.6601729, -45.0118379 -22.6601952, -45.0116676 -22.6601977, -45.0115912 -22.6601791, -45.0114973 -22.6601383, -45.0109622 -22.6596655, -45.0109005 -22.6595913, -45.0108683 -22.6595207, -45.0108086 -22.6593343)",,,
836982595,True,Rua Professor Edgar de Andrade Ferraz,secondary,False,9.015,"LINESTRING (-45.0097247 -22.6634027, -45.0096558 -22.6633524)",,,
216696630,True,,secondary_link,False,15.489,"LINESTRING (-45.0097247 -22.6634027, -45.0097397 -22.6633789, -45.0097579 -22.6633547, -45.0097787 -22.66332, -45.009803 -22.6632837)",,,
159608788,True,Travessa Antônio Galvão Freire Filho,residential,False,135.539,"LINESTRING (-45.0096558 -22.6633524, -45.0094649 -22.6635725, -45.0093542 -22.6637074, -45.0092268 -22.6638429, -45.0090048 -22.6640155, -45.0089592 -22.6640787, -45.0089237 -22.6641362, -45.0088285 -22.6642915)",,,
836982595,True,Rua Professor Edgar de Andrade Ferraz,secondary,False,38.195,"LINESTRING (-45.0096558 -22.6633524, -45.0095171 -22.6632377, -45.0094581 -22.6631858, -45.0093967 -22.6631078)",,,
840364525,False,Avenida Brasil,residential,False,16.909,"LINESTRING (-45.008479 -22.6565023, -45.0083437 -22.6564155)",,,
840364525,False,Avenida Brasil,residential,True,40.951,"LINESTRING (-45.008479 -22.6565023, -45.0087984 -22.6567231)",,,
806176947,False,Rua Rio Grande do Sul,residential,False,198.452,"LINESTRING (-45.008479 -22.6565023, -45.008457 -22.6566185, -45.008457 -22.6566755, -45.0084771 -22.6567299, -45.0092872 -22.6580903)",,,
572676514,False,Trevo Cemitério Municipal,residential,False,18.24,"LINESTRING (-45.0043713 -22.6614116, -45.0043378 -22.6615727)",30,,
572676514,False,Trevo Cemitério Municipal,residential,True,54.586,"LINESTRING (-45.0043713 -22.6614116, -45.0044716 -22.6609295)",30,,
572433410,False,Rua João Pereira da Silva,residential,True,85.381,"LINESTRING (-45.0043713 -22.6614116, -45.0044377 -22.6614093, -45.0044659 -22.6614006, -45.0045215 -22.6613635, -45.0050345 -22.661051, -45.0050486 -22.6610361, -45.0050584 -22.6610088)",30,,
160872698,False,Rua Inácio Rodrigues do Prado,residential,False,14.801,"LINESTRING (-45.005203 -22.6609954, -45.0051867 -22.6609792, -45.0051124 -22.6608919)",,,
160872698,False,Rua Inácio Rodrigues do Prado,residential,True,10.591,"LINESTRING (-45.005203 -22.6609954, -45.0052384 -22.6610473, -45.0052573 -22.6610764)",,,
161264734,False,Trevo Cemitério Municipal,residential,False,15.291,"LINESTRING (-45.005203 -22.6609954, -45.0051706 -22.6610095, -45.0051482 -22.6610126, -45.005124 -22.661016, -45.0050584 -22.6610088)",,,
160285108,False,Rua Oscar Fernandes Barbosa,residential,False,7.211,"LINESTRING (-45.0052664 -22.6611407, -45.0052573 -22.6610764)",,,
160285108,False,Rua Oscar Fernandes Barbosa,residential,True,70.529,"LINESTRING (-45.0052664 -22.6611407, -45.0052625 -22.6611704, -45.0052638 -22.6612013, -45.0052806 -22.6612589, -45.0053041 -22.6613053, -45.0055847 -22.6616886)",,,
160286727,False,Rua Antônio Pinto Ventura,residential,False,36.378,"LINESTRING (-45.0116778 -22.6570663, -45.0116032 -22.6570319, -45.0115261 -22.6570177, -45.0114403 -22.6570313, -45.0114001 -22.6570529, -45.0113609 -22.6570935)",,,
"[160286726, 160286727]",False,"['Rua Antônio Pinto Ventura', 'Largo Bom Jesus']",residential,True,50.153999999999996,"LINESTRING (-45.0116778 -22.6570663, -45.0117011 -22.6570771, -45.0117832 -22.6571412, -45.0120277 -22.6573789)",,,
"[806171097, 160285109]",False,"['Rua Costa Júnior', 'Rua Treze de Maio']",residential,False,85.81199999999998,"LINESTRING (-45.009162 -22.6612929, -45.0091255 -22.6612768, -45.0090907 -22.661257, -45.0090551 -22.6612304, -45.008917 -22.6610603, -45.0088667 -22.6610182, -45.0088372 -22.6610064, -45.0088231 -22.6610046, -45.0088043 -22.6610138, -45.0087712 -22.6610284, -45.008723 -22.6610487, -45.0085006 -22.6611611)",,,
806169915,False,Rua Capitão Pinto Fernandes,residential,False,20.246000000000002,"LINESTRING (-45.009162 -22.6612929, -45.00923 -22.6613992, -45.0092623 -22.6614497)",,,
806169915,False,Rua Capitão Pinto Fernandes,residential,True,327.45599999999996,"LINESTRING (-45.009162 -22.6612929, -45.0081822 -22.659762, -45.0079654 -22.6594403, -45.0078553 -22.6592795, -45.0077345 -22.6591285, -45.0076705 -22.6590751, -45.0075958 -22.6590414, -45.0074623 -22.658994, -45.0073323 -22.6589728)",,,
159256396,False,Rua Silva Caldas,secondary,True,5.841,"LINESTRING (-45.0119198 -22.6629157, -45.0119534 -22.6628733)",60,,
"[159256397, 855734656, 159256396, 924866669]",False,"['Rua Silva Caldas', 'Rua Professor Edgar de Andrade Ferraz']",secondary,False,256.31500000000005,"LINESTRING (-45.0119198 -22.6629157, -45.0118976 -22.6629438, -45.0118453 -22.6629983, -45.0117601 -22.6630759, -45.0112718 -22.6634328, -45.0108475 -22.6637687, -45.0107469 -22.6638485, -45.0106926 -22.6638782, -45.0106474 -22.6638918, -45.0105927 -22.663898, -45.0105391 -22.6638946, -45.0104968 -22.6638856, -45.0104626 -22.6638667, -45.010406 -22.6638219, -45.0103097 -22.6637309, -45.0101548 -22.6635719, -45.0100492 -22.6634622, -45.0100217 -22.6634339)","['60', '30']",2,viaduct
159608803,True,Rua Silva Caudas,residential,False,20.007,"LINESTRING (-45.0119198 -22.6629157, -45.0119186 -22.6629826, -45.0119044 -22.663023, -45.0118907 -22.6630422, -45.0118537 -22.6630753)",,,
159256396,False,Rua Silva Caldas,secondary,False,5.841,"LINESTRING (-45.0119534 -22.6628733, -45.0119198 -22.6629157)",60,,
"[159256394, 159256396, 867204533]",False,"['Rua Silva Caldas', 'Ponte Professor Agostinho Vicente de Freitas Ramos']",secondary,True,252.919,"LINESTRING (-45.0119534 -22.6628733, -45.0120292 -22.6627295, -45.0120368 -22.6627071, -45.0120616 -22.6626073, -45.0121029 -22.6623759, -45.012132 -22.6620975, -45.0121373 -22.6620338, -45.0121379 -22.6620208, -45.0121432 -22.6619128, -45.0121456 -22.6618644, -45.0121823 -22.661347, -45.0122168 -22.6608313, -45.0122482 -22.6606274)","['60', '30']",1,viaduct
