osmid,oneway,name,highway,junction,reversed,length,geometry,bridge,maxspeed
32432400,True,Cumhuriyet Meydanı,primary,roundabout,False,8.409,"LINESTRING (36.1605839 36.2025577, 36.1605658 36.2026319)",,
52871714,False,Ata Köprüsü Sokak,primary,,True,14.246,"LINESTRING (36.1605839 36.2025577, 36.1607315 36.2025105)",,
52871713,False,Cumhuriyet Alanı 1 Sokak,primary,,True,17.381,"LINESTRING (36.1606755 36.2023741, 36.1605718 36.2023923, 36.1604874 36.2023734)",,
"[671533961, 287148501]",True,"['Ata Köprüsü', 'Ata Köprüsü Sokak']",primary,,False,52.987,"LINESTRING (36.1606755 36.2023741, 36.1610718 36.2022342, 36.1611869 36.2021469)",yes,
32423696,False,Kurtuluş Caddesi,primary,,False,11.685,"LINESTRING (36.1652953 36.2012604, 36.1654058 36.201316)",,
32423684,False,Kurtuluş Caddesi,primary,,False,58.821,"LINESTRING (36.1652953 36.2012604, 36.1651064 36.2010494, 36.1650239 36.2009625, 36.1649039 36.2008361)",,
287149994,False,Kemal Paşa Caddesi,primary,,True,75.86999999999999,"LINESTRING (36.1652953 36.2012604, 36.1649564 36.2014379, 36.1646143 36.2016176, 36.1645864 36.2016323)",,
213773646,False,12.San. Caddesi,residential,,True,67.299,"LINESTRING (36.1684035 36.2078199, 36.1681251 36.2072579)",,
936657667,True,Yavuz Sultan Selim Caddesi,primary,,False,4.551,"LINESTRING (36.1684035 36.2078199, 36.1684542 36.2078186)",,
52871701,False,İzzet Güçlü Caddesi,primary,,True,44.964,"LINESTRING (36.1622545 36.2069507, 36.1622133 36.2065477)",,40
936657665,True,İzzet Güçlü Caddesi,primary,,False,79.52799999999999,"LINESTRING (36.1622545 36.2069507, 36.1623443 36.2074711, 36.1624 36.2075647, 36.1624824 36.2076192)",,40
52871701,False,İzzet Güçlü Caddesi,primary,,True,33.977,"LINESTRING (36.1621186 36.2057497, 36.162087 36.2054452)",,40
52871701,False,İzzet Güçlü Caddesi,primary,,False,89.203,"LINESTRING (36.1621186 36.2057497, 36.1621943 36.2062552, 36.1622019 36.2063063, 36.1622133 36.2065477)",,40
213773667,False,2.(Ada Çarşısı) Sokak,residential,,True,31.666999999999998,"LINESTRING (36.1621186 36.2057497, 36.162393 36.2056827, 36.1624564 36.2056672)",,
52871701,False,İzzet Güçlü Caddesi,primary,,False,88.874,"LINESTRING (36.1620232 36.2046476, 36.162087 36.2054452)",,40
286938997,True,İzzet Güçlü 1 Sokak,primary,,False,32.363,"LINESTRING (36.1620232 36.2046476, 36.1623631 36.2045502)",,
32432400,True,Cumhuriyet Meydanı,primary,roundabout,False,14.268,"LINESTRING (36.1604131 36.2027652, 36.160337 36.202784, 36.1602576 36.2027857)",,
52871705,True,Atatürk Caddesi,primary,,False,178.04,"LINESTRING (36.1604131 36.2027652, 36.1604341 36.2029987, 36.1604381 36.2034678, 36.160358 36.2043634)",,
32432400,True,Cumhuriyet Meydanı,primary,roundabout,False,40.921,"LINESTRING (36.160102 36.2027326, 36.1600415 36.2026775, 36.1600049 36.2026101, 36.1599955 36.2025369, 36.1600144 36.2024649, 36.1600597 36.202401)",,
52871702,True,Cumhuriyet Caddesi,secondary,,False,101.318,"LINESTRING (36.160102 36.2027326, 36.1599419 36.2028409, 36.159777 36.202909, 36.1591209 36.2031764)",,
32432400,True,Cumhuriyet Meydanı,primary,roundabout,False,9.847999999999999,"LINESTRING (36.1600597 36.202401, 36.1600979 36.2023691, 36.1601422 36.2023431)",,
52871703,True,Adnan Menderes Caddesi,secondary,,False,96.96199999999999,"LINESTRING (36.1600597 36.202401, 36.159747 36.2023886, 36.1594984 36.2023706, 36.1589829 36.20233)",,
32432400,True,Cumhuriyet Meydanı,primary,roundabout,False,15.319,"LINESTRING (36.1602576 36.2027857, 36.1601804 36.2027701, 36.160102 36.2027326)",,
32432400,True,Cumhuriyet Meydanı,primary,roundabout,False,33.151,"LINESTRING (36.1601422 36.2023431, 36.1602289 36.2023169, 36.1603211 36.2023132, 36.1604102 36.2023326, 36.1604874 36.2023734)",,
102737286,True,Karaoğlanoğlu Caddesi,tertiary,,False,47.477,"LINESTRING (36.1589829 36.20233, 36.158973 36.2027569)",,
287148500,True,İstiklal Caddesi,primary,,False,30.07,"LINESTRING (36.1612795 36.2024068, 36.1611869 36.2021469)",,
"[936191777, 671533959]",True,"['Ata Köprüsü', 'Ata Köprüsü Sokak']",primary,,False,53.256,"LINESTRING (36.1612795 36.2024068, 36.1612181 36.2023854, 36.1611812 36.2023768, 36.1611311 36.2023685, 36.1611186 36.20237, 36.160943 36.2024345, 36.1607315 36.2025105)",yes,
52871705,True,Atatürk Caddesi,primary,,False,161.476,"LINESTRING (36.1603083 36.2048451, 36.1602662 36.2051748, 36.1601946 36.2055623, 36.1601129 36.2058045, 36.1600166 36.2060519, 36.1599248 36.2062576)",,
213526911,False,,residential,,False,90.955,"LINESTRING (36.1603083 36.2048451, 36.1608183 36.2048725, 36.1613172 36.2049215)",,
52871720,False,Semih Azmi Sokak,residential,,True,63.289,"LINESTRING (36.1599248 36.2062576, 36.1605766 36.2064752)",,
52871705,True,Atatürk Caddesi,primary,,False,123.871,"LINESTRING (36.1599248 36.2062576, 36.1596898 36.2067945, 36.1594861 36.2073137)",,
52871720,False,Semih Azmi Sokak,residential,,False,34.863,"LINESTRING (36.1609469 36.2065702, 36.1605766 36.2064752)",,
52871720,False,Semih Azmi Sokak,residential,,True,50.773,"LINESTRING (36.1609469 36.2065702, 36.161484 36.206714)",,
52871721,False,Yurtman Sokak,residential,,True,122.218,"LINESTRING (36.1609469 36.2065702, 36.1605589 36.2076238)",,
187541412,False,Abdulgani Türkmen Sokak ,residential,,True,58.291,"LINESTRING (36.1594861 36.2073137, 36.160087 36.207513)",,
52871720,False,Semih Azmi Sokak,residential,,False,50.773,"LINESTRING (36.161484 36.206714, 36.1609469 36.2065702)",,
187541474,True,General Şükrü Kanadlı Caddesi,residential,,False,58.942,"LINESTRING (36.161484 36.206714, 36.1614682 36.2066084, 36.161421 36.2061864)",,
1138500331,False,Abdulgani Türkmen Sokak,residential,,True,48.911,"LINESTRING (36.1615884 36.2076872, 36.1610447 36.2076552)",,
287012338,True,General Şükrü Kanadlı Caddesi,secondary,,False,55.973,"LINESTRING (36.1615884 36.2076872, 36.1616001 36.2074452, 36.1615879 36.2071842)",,
32423696,False,Kurtuluş Caddesi,primary,,False,55.726,"LINESTRING (36.1676111 36.2037228, 36.1680063 36.2041094)",,
32423696,False,Kurtuluş Caddesi,primary,,True,60.584,"LINESTRING (36.1676111 36.2037228, 36.1671958 36.2032932)",,
213845680,False,Ulus 3 Sokak,residential,,True,130.78,"LINESTRING (36.1676111 36.2037228, 36.1681423 36.2033556, 36.16875 36.2029899)",,
1144957926,False,Aysel Sokak,residential,,False,119.50900000000001,"LINESTRING (36.1676111 36.2037228, 36.1673277 36.2039232, 36.1671185 36.2040536, 36.1667157 36.2037433, 36.1666228 36.2036655)",,
32423696,False,Kurtuluş Caddesi,primary,,True,65.908,"LINESTRING (36.1689174 36.2049903, 36.1684383 36.204541)",,
213779748,False,Suphi Bedir Uluç Sokak,residential,,True,125.171,"LINESTRING (36.1689174 36.2049903, 36.1678116 36.2056766)",,
57844716,True,1.(Küçük San.) Caddesi,unclassified,,False,90.32,"LINESTRING (36.1646506 36.207125, 36.1636988 36.2073895)",,
286938996,False,İstiklal Caddesi,primary,,False,38.661,"LINESTRING (36.1646506 36.207125, 36.1647703 36.207459)",,
"[187541384, 1139279700]",False,"['Abdurrahman Melek Caddesi ', 'Abdurrahman Melek Caddesi']",residential,,False,89.605,"LINESTRING (36.1646506 36.207125, 36.1649268 36.2070179, 36.1649974 36.2069927, 36.1650625 36.2069676, 36.165552 36.2067781)",,
936657663,True,İzzet Güçlü Caddesi,primary,,False,15.873,"LINESTRING (36.1624355 36.2078231, 36.1623916 36.2078274, 36.1623481 36.2078206, 36.1623093 36.2078034, 36.1622789 36.2077776)",,40
936657666,True,İzzet Güçlü Caddesi,primary,,False,36.805,"LINESTRING (36.1619739 36.204319, 36.1620232 36.2046476)",,40
287148496,True,İstiklal Caddesi ,primary,,False,221.744,"LINESTRING (36.1619739 36.204319, 36.1619045 36.2040408, 36.1617651 36.2036252, 36.1612795 36.2024068)",,
32432400,True,Cumhuriyet Meydanı,primary,roundabout,False,22.884999999999998,"LINESTRING (36.1604874 36.2023734, 36.1605415 36.2024263, 36.1605746 36.2024895, 36.1605839 36.2025577)",,
52871713,False,Cumhuriyet Alanı 1 Sokak,primary,,False,17.381,"LINESTRING (36.1604874 36.2023734, 36.1605718 36.2023923, 36.1606755 36.2023741)",,
102737286,True,Karaoğlanoğlu Caddesi,tertiary,,False,80.763,"LINESTRING (36.1594185 36.2016944, 36.1589829 36.20233)",,
102710466,True,Gündüz Caddesi,secondary,,False,98.9,"LINESTRING (36.1594185 36.2016944, 36.1596638 36.2018037, 36.1601422 36.2023431)",,
213851480,False,Gazi Paşa Caddesi,residential,,False,5.897,"LINESTRING (36.1605875 36.1995392, 36.16065 36.1995556)",,
286939483,True,Saray Caddesi,residential,,False,14.536,"LINESTRING (36.1605875 36.1995392, 36.1604543 36.1994648)",,
102737286,True,Karaoğlanoğlu Caddesi,tertiary,,False,48.497,"LINESTRING (36.158973 36.2027569, 36.1591209 36.2031764)",,
102737281,False,Yeşil Sokak,residential,,False,40.028999999999996,"LINESTRING (36.1582893 36.2048059, 36.1584398 36.2049247, 36.1585671 36.2050516, 36.1585897 36.2050713)",,
52871702,True,Cumhuriyet Caddesi,secondary,,False,86.014,"LINESTRING (36.1591209 36.2031764, 36.1582652 36.2035251)",,
102737286,True,Karaoğlanoğlu Caddesi,tertiary,,False,184.027,"LINESTRING (36.1591209 36.2031764, 36.159265 36.2033481, 36.1593809 36.2037876, 36.1594382 36.2040927, 36.1594678 36.2042504, 36.1594542 36.2047805)",,
1140608830,False,Oymak Sokak,residential,,False,42.525,"LINESTRING (36.1589817 36.2047506, 36.1594542 36.2047805)",,
102737248,False,Cebrail Sokak,residential,,False,128.992,"LINESTRING (36.1589817 36.2047506, 36.158593 36.2039886, 36.1583728 36.2037034)",,
1140608830,False,Oymak Sokak,residential,,True,21.557000000000002,"LINESTRING (36.1589817 36.2047506, 36.158879 36.2048097, 36.1588033 36.2048786)",,
102737254,False,Mimar Sinan Sokak,tertiary,,False,44.942,"LINESTRING (36.1588836 36.2064449, 36.1585974 36.2063516, 36.1584276 36.2062789)",,
102737223,False,Cengiz Caddesi,residential,,False,22.052,"LINESTRING (36.1583728 36.2037034, 36.1582652 36.2035251)",,
102737248,False,Cebrail Sokak,residential,,True,128.992,"LINESTRING (36.1583728 36.2037034, 36.158593 36.2039886, 36.1589817 36.2047506)",,
102737223,False,Cengiz Caddesi,residential,,True,22.052,"LINESTRING (36.1582652 36.2035251, 36.1583728 36.2037034)",,
102737254,False,Mimar Sinan Sokak,tertiary,,True,44.942,"LINESTRING (36.1584276 36.2062789, 36.1585974 36.2063516, 36.1588836 36.2064449)",,
1140608830,False,Oymak Sokak,residential,,True,42.525,"LINESTRING (36.1594542 36.2047805, 36.1589817 36.2047506)",,
102737286,True,Karaoğlanoğlu Caddesi,tertiary,,False,193.75400000000002,"LINESTRING (36.1594542 36.2047805, 36.1594272 36.2052367, 36.1592476 36.2056808, 36.1588836 36.2064449)",,
187541373,False,Selçuk Caddesi,residential,,True,52.092,"LINESTRING (36.1675455 36.2018866, 36.1670937 36.2021808)",,
213845651,False,Güngör Caddesi,residential,,False,5.348,"LINESTRING (36.1675455 36.2018866, 36.1675108 36.2018475)",,
213845651,False,Güngör Caddesi,residential,,True,98.914,"LINESTRING (36.1675455 36.2018866, 36.1679077 36.2022353, 36.1682537 36.2025683)",,
32423696,False,Kurtuluş Caddesi,primary,,True,45.76,"LINESTRING (36.166484 36.2025779, 36.1661852 36.2022444)",,
187541373,False,Selçuk Caddesi,residential,,False,70.303,"LINESTRING (36.166484 36.2025779, 36.1670937 36.2021808)",,
32423696,False,Kurtuluş Caddesi,primary,,False,102.057,"LINESTRING (36.166484 36.2025779, 36.1665076 36.2026074, 36.1665309 36.2026366, 36.167145 36.203239, 36.1671958 36.2032932)",,
32432400,True,Cumhuriyet Meydanı,primary,roundabout,False,20.649,"LINESTRING (36.1605658 36.2026319, 36.16053 36.2026867, 36.1604779 36.2027321, 36.1604131 36.2027652)",,
213773635,False,İnne İplik Caddesi,residential,,True,58.538,"LINESTRING (36.166916 36.2047285, 36.1662965 36.2048936)",,
187541409,False,Tayfur Sökmen Caddesi,residential,,True,60.684000000000005,"LINESTRING (36.166916 36.2047285, 36.1670673 36.2049007, 36.1673108 36.2051716)",,
"[213845673, 1144957921]",False,"['Meydan Caddesi', 'Tayfur Sökmen Caddesi']",residential,,True,155.397,"LINESTRING (36.166916 36.2047285, 36.1669865 36.2046362, 36.1669235 36.2045322, 36.1667714 36.2043577, 36.1666377 36.2041729, 36.1664853 36.2039745, 36.1663173 36.2037756, 36.1665021 36.2037256, 36.1665492 36.2036986, 36.1666228 36.2036655)",,
187541384,False,Abdurrahman Melek Caddesi,residential,,True,118.543,"LINESTRING (36.1680041 36.2058443, 36.1668055 36.2062928)",,
187541409,False,Tayfur Sökmen Caddesi,residential,,False,25.417,"LINESTRING (36.1680041 36.2058443, 36.1678116 36.2056766)",,
187541409,False,Tayfur Sökmen Caddesi,residential,,True,74.037,"LINESTRING (36.1680041 36.2058443, 36.1682176 36.2060414, 36.1685449 36.2063472)",,
187541466,False,Hakkı Dedebeyoğlu Sokak,residential,,False,59.083,"LINESTRING (36.160251 36.2069984, 36.160087 36.207513)",,
287012338,True,General Şükrü Kanadlı Caddesi,secondary,,False,53.108,"LINESTRING (36.1615879 36.2071842, 36.161484 36.206714)",,
187541424,False,Kara Tahir Sokak,residential,,True,88.43700000000001,"LINESTRING (36.1615879 36.2071842, 36.1612121 36.207182, 36.1610447 36.2076552)",,
187541412,False,Abdulgani Türkmen Sokak ,residential,,False,58.291,"LINESTRING (36.160087 36.207513, 36.1594861 36.2073137)",,
187541412,False,Abdulgani Türkmen Sokak ,residential,,True,44.096,"LINESTRING (36.160087 36.207513, 36.1605589 36.2076238)",,
187541466,False,Hakkı Dedebeyoğlu Sokak,residential,,True,59.083,"LINESTRING (36.160087 36.207513, 36.160251 36.2069984)",,
52871721,False,Yurtman Sokak,residential,,False,122.218,"LINESTRING (36.1605589 36.2076238, 36.1609469 36.2065702)",,
187541412,False,Abdulgani Türkmen Sokak ,residential,,False,44.096,"LINESTRING (36.1605589 36.2076238, 36.160087 36.207513)",,
1138500331,False,Abdulgani Türkmen Sokak,residential,,False,43.726,"LINESTRING (36.1605589 36.2076238, 36.1610447 36.2076552)",,
1138500331,False,Abdulgani Türkmen Sokak,residential,,False,48.911,"LINESTRING (36.1610447 36.2076552, 36.1615884 36.2076872)",,
1138500331,False,Abdulgani Türkmen Sokak,residential,,True,43.726,"LINESTRING (36.1610447 36.2076552, 36.1605589 36.2076238)",,
187541424,False,Kara Tahir Sokak,residential,,False,88.43700000000001,"LINESTRING (36.1610447 36.2076552, 36.1612121 36.207182, 36.1615879 36.2071842)",,
213773683,False,8.San. Caddesi,tertiary,,False,66.365,"LINESTRING (36.1677735 36.2080364, 36.167472 36.2074914)",,
320845356,True,Yavuz Sultan Selim Caddesi,primary,,False,35.969,"LINESTRING (36.1677735 36.2080364, 36.1681355 36.2078974)",,
187541474,True,General Şükrü Kanadlı Caddesi,residential,,False,58.209999999999994,"LINESTRING (36.1613172 36.2049215, 36.1612862 36.2047437, 36.1612218 36.2044037)",,
213526911,False,,residential,,True,90.955,"LINESTRING (36.1613172 36.2049215, 36.1608183 36.2048725, 36.1603083 36.2048451)",,
1139514973,False,Ayhan Bekler Sokak,residential,,False,28.637,"LINESTRING (36.1588033 36.2048786, 36.1590005 36.2050811)",,
1140608830,False,Oymak Sokak,residential,,True,28.748,"LINESTRING (36.1588033 36.2048786, 36.1585897 36.2050713)",,
1140608830,False,Oymak Sokak,residential,,False,21.557000000000002,"LINESTRING (36.1588033 36.2048786, 36.158879 36.2048097, 36.1589817 36.2047506)",,
52871720,False,Semih Azmi Sokak,residential,,False,63.289,"LINESTRING (36.1605766 36.2064752, 36.1599248 36.2062576)",,
52871720,False,Semih Azmi Sokak,residential,,True,34.863,"LINESTRING (36.1605766 36.2064752, 36.1609469 36.2065702)",,
213526925,False,Vedi Münir Karabay Sokak,residential,,False,45.52,"LINESTRING (36.1605766 36.2064752, 36.1606989 36.2060779)",,
213773703,False,Kavakçılar Caddesi,residential,,True,82.69800000000001,"LINESTRING (36.1646249 36.2048305, 36.1650252 36.2052027, 36.1652245 36.2053953)",,
1139479229,False,1.İzzetağa Sokak,residential,,True,91.68799999999999,"LINESTRING (36.1646249 36.2048305, 36.1645514 36.2048353, 36.1643529 36.2049132, 36.1639666 36.2050777, 36.1637129 36.2051921)",,
1139479236,False,Kavakçılar Caddesi,residential,,False,79.514,"LINESTRING (36.1646249 36.2048305, 36.1641504 36.2044869, 36.163957 36.2043608)",,
213773635,False,İnne İplik Caddesi,residential,,False,41.924,"LINESTRING (36.1658528 36.2050118, 36.1662965 36.2048936)",,
1139530079,False,,residential,,True,23.428,"LINESTRING (36.1658528 36.2050118, 36.1656725 36.2051642)",,
"[213773664, 1144957927]",False,"['Kemikli Han Caddesi', 'İnne İplik Caddesi']",residential,,True,205.339,"LINESTRING (36.1658528 36.2050118, 36.1657595 36.2049424, 36.1657008 36.2049104, 36.16558 36.20487, 36.1654436 36.2048575, 36.1652106 36.2048352, 36.1651554 36.2048199, 36.1650406 36.2047326, 36.1646869 36.204464, 36.1644758 36.2043235, 36.1643498 36.2042538, 36.164239 36.2042389, 36.1640804 36.2042517, 36.1640075 36.2042901, 36.163957 36.2043608)",,
1139279686,False,6128. Sokak,residential,,False,69.081,"LINESTRING (36.1658528 36.2050118, 36.165974 36.2050623, 36.1663878 36.2053342, 36.1664507 36.2053968)",,
213773662,False,6127. Caddesi,residential,,True,19.23,"LINESTRING (36.1636176 36.2050372, 36.1637129 36.2051921)",,
1144957927,False,Kemikli Han Caddesi,residential,,False,81.389,"LINESTRING (36.1636176 36.2050372, 36.163848 36.2045133, 36.163957 36.2043608)",,
1144957927,False,Kemikli Han Caddesi,residential,,True,47.813,"LINESTRING (36.1636176 36.2050372, 36.1635645 36.2051006, 36.1632323 36.205331)",,
213773651,False,Meydan 2 Sokak,residential,,True,81.133,"LINESTRING (36.1673108 36.2051716, 36.1664507 36.2053968)",,
187541409,False,Tayfur Sökmen Caddesi,residential,,False,60.684000000000005,"LINESTRING (36.1673108 36.2051716, 36.1670673 36.2049007, 36.166916 36.2047285)",,
187541409,False,Tayfur Sökmen Caddesi,residential,,True,11.402000000000001,"LINESTRING (36.1673108 36.2051716, 36.1673499 36.2052182, 36.1673815 36.2052568)",,
187541409,False,Tayfur Sökmen Caddesi,residential,,True,27.081,"LINESTRING (36.1673815 36.2052568, 36.1675576 36.2054546)",,
187541409,False,Tayfur Sökmen Caddesi,residential,,False,11.402000000000001,"LINESTRING (36.1673815 36.2052568, 36.1673499 36.2052182, 36.1673108 36.2051716)",,
213773700,False,Şht.Ender Mahseroğlu Caddesi,residential,,True,81.14,"LINESTRING (36.1673815 36.2052568, 36.1670383 36.2053622, 36.166531 36.2055046)",,
1141593235,False,Doğu Sokak,tertiary,,True,123.844,"LINESTRING (36.1673815 36.2052568, 36.1675117 36.2051811, 36.1679007 36.2049124, 36.1679675 36.2048662, 36.1684383 36.204541)",,
32423697,True,İstiklal Caddesi,primary,,False,97.269,"LINESTRING (36.1632323 36.205331, 36.1633316 36.2054314, 36.1634741 36.2055857, 36.1636828 36.2058326, 36.1638741 36.2060356)",,
1144957927,False,Kemikli Han Caddesi,residential,,False,47.813,"LINESTRING (36.1632323 36.205331, 36.1635645 36.2051006, 36.1636176 36.2050372)",,
213773671,False,6129. Caddesi,residential,,True,112.565,"LINESTRING (36.1652245 36.2053953, 36.1640206 36.2056801)",,
213773703,False,Kavakçılar Caddesi,residential,,True,26.043,"LINESTRING (36.1652245 36.2053953, 36.1653651 36.2056002)",,
213773703,False,Kavakçılar Caddesi,residential,,False,82.69800000000001,"LINESTRING (36.1652245 36.2053953, 36.1650252 36.2052027, 36.1646249 36.2048305)",,
213773651,False,Meydan 2 Sokak,residential,,False,81.133,"LINESTRING (36.1664507 36.2053968, 36.1673108 36.2051716)",,
1139279686,False,6128. Sokak,residential,,False,13.985,"LINESTRING (36.1664507 36.2053968, 36.166531 36.2055046)",,
1139279686,False,6128. Sokak,residential,,True,69.081,"LINESTRING (36.1664507 36.2053968, 36.1663878 36.2053342, 36.165974 36.2050623, 36.1658528 36.2050118)",,
52871701,False,İzzet Güçlü Caddesi,primary,,False,33.977,"LINESTRING (36.162087 36.2054452, 36.1621186 36.2057497)",,40
52871701,False,İzzet Güçlü Caddesi,primary,,True,88.874,"LINESTRING (36.162087 36.2054452, 36.1620232 36.2046476)",,40
187541409,False,Tayfur Sökmen Caddesi,residential,,False,27.081,"LINESTRING (36.1675576 36.2054546, 36.1673815 36.2052568)",,
187541409,False,Tayfur Sökmen Caddesi,residential,,True,34.227000000000004,"LINESTRING (36.1675576 36.2054546, 36.1677148 36.2056313, 36.1678116 36.2056766)",,
1139479243,False,Belediye Çarşısı C.1.B.Blok Caddesi,residential,,False,129.365,"LINESTRING (36.1675576 36.2054546, 36.1667592 36.2057259, 36.1662232 36.205895)",,
1139279686,False,6128. Sokak,residential,,True,13.985,"LINESTRING (36.166531 36.2055046, 36.1664507 36.2053968)",,
213773700,False,Şht.Ender Mahseroğlu Caddesi,residential,,False,81.14,"LINESTRING (36.166531 36.2055046, 36.1670383 36.2053622, 36.1673815 36.2052568)",,
213773700,False,Şht.Ender Mahseroğlu Caddesi,residential,,True,48.421,"LINESTRING (36.166531 36.2055046, 36.1664146 36.2055521, 36.1662418 36.2056363, 36.166073 36.2057335)",,
213773667,False,2.(Ada Çarşısı) Sokak,residential,,False,32.86,"LINESTRING (36.1630105 36.2055351, 36.1626589 36.2056178)",,
287149430,False,3.(Ada Çarşısı) Caddesi,residential,,False,69.06800000000001,"LINESTRING (36.1630105 36.2055351, 36.1631247 36.2058332, 36.1631623 36.2059312, 36.1632201 36.2061324)",,
287149430,False,3.(Ada Çarşısı) Caddesi,residential,,True,33.701,"LINESTRING (36.1630105 36.2055351, 36.1629744 36.2054408, 36.1628722 36.2052538)",,
213773648,False,6031. Sokak,residential,,True,68.662,"LINESTRING (36.1626589 36.2056178, 36.1628684 36.2062117)",,
213773667,False,2.(Ada Çarşısı) Sokak,residential,,False,18.981,"LINESTRING (36.1626589 36.2056178, 36.1624564 36.2056672)",,
213773667,False,2.(Ada Çarşısı) Sokak,residential,,True,32.86,"LINESTRING (36.1626589 36.2056178, 36.1630105 36.2055351)",,
213773662,False,6127. Caddesi,residential,,True,30.752,"LINESTRING (36.1640206 36.2056801, 36.1641607 36.2059325)",,
213773671,False,6129. Caddesi,residential,,False,112.565,"LINESTRING (36.1640206 36.2056801, 36.1652245 36.2053953)",,
213773662,False,6127. Caddesi,residential,,False,60.888000000000005,"LINESTRING (36.1640206 36.2056801, 36.1639072 36.2054925, 36.1637129 36.2051921)",,
213773707,False,Otogar Caddesi,residential,,True,38.476,"LINESTRING (36.1650923 36.2056982, 36.1652343 36.2060247)",,
1139279687,False,Kuseyri Caddesi,tertiary,,True,26.793,"LINESTRING (36.1650923 36.2056982, 36.1653651 36.2056002)",,
1139279687,False,Kuseyri Caddesi,tertiary,,False,87.675,"LINESTRING (36.1650923 36.2056982, 36.1643109 36.2058784, 36.1641607 36.2059325)",,
213773616,False,Kuseyri Caddesi,tertiary,,True,22.452,"LINESTRING (36.166073 36.2057335, 36.1662232 36.205895)",,
213773641,False,3.Kuseyri Caddesi,residential,,True,81.922,"LINESTRING (36.166073 36.2057335, 36.1652343 36.2060247)",,
213773616,False,Kuseyri Caddesi,tertiary,,False,80.48400000000001,"LINESTRING (36.166073 36.2057335, 36.1660853 36.2056502, 36.165996 36.2055728, 36.1659044 36.2055189, 36.1653651 36.2056002)",,
213773700,False,Şht.Ender Mahseroğlu Caddesi,residential,,False,48.42100000000001,"LINESTRING (36.166073 36.2057335, 36.1662418 36.2056363, 36.1664146 36.2055521, 36.166531 36.2055046)",,
213773662,False,6127. Caddesi,residential,,False,30.752,"LINESTRING (36.1641607 36.2059325, 36.1640206 36.2056801)",,
1139279687,False,Kuseyri Caddesi,tertiary,,False,28.154,"LINESTRING (36.1641607 36.2059325, 36.1638741 36.2060356)",,
1139279687,False,Kuseyri Caddesi,tertiary,,True,87.675,"LINESTRING (36.1641607 36.2059325, 36.1643109 36.2058784, 36.1650923 36.2056982)",,
213773616,False,Kuseyri Caddesi,tertiary,,False,8.587,"LINESTRING (36.1662628 36.2059653, 36.1662232 36.205895)",,
213773616,False,Kuseyri Caddesi,tertiary,,True,16.782,"LINESTRING (36.1662628 36.2059653, 36.1663402 36.2061027)",,
213773650,False,2.Kuseyri Caddesi ,residential,,True,89.591,"LINESTRING (36.1662628 36.2059653, 36.1653456 36.2062838)",,
213773641,False,3.Kuseyri Caddesi,residential,,False,81.922,"LINESTRING (36.1652343 36.2060247, 36.166073 36.2057335)",,
213773707,False,Otogar Caddesi,residential,,False,38.476,"LINESTRING (36.1652343 36.2060247, 36.1650923 36.2056982)",,
213773707,False,Otogar Caddesi,residential,,True,30.493,"LINESTRING (36.1652343 36.2060247, 36.1653126 36.2062048, 36.1653456 36.2062838)",,
1139279687,False,Kuseyri Caddesi,tertiary,,True,28.154,"LINESTRING (36.1638741 36.2060356, 36.1641607 36.2059325)",,
32423697,True,İstiklal Caddesi,primary,,False,58.632,"LINESTRING (36.1638741 36.2060356, 36.1640683 36.2062418, 36.164253 36.2064649)",,
213773616,False,Kuseyri Caddesi,tertiary,,False,16.782,"LINESTRING (36.1663402 36.2061027, 36.1662628 36.2059653)",,
213773616,False,Kuseyri Caddesi,tertiary,,True,37.13,"LINESTRING (36.1663402 36.2061027, 36.1665114 36.2064067)",,
213773647,False,1.Kuseyri Caddesi,residential,,True,91.533,"LINESTRING (36.1663402 36.2061027, 36.1654144 36.2064485)",,
213773669,False,5.(Ada Çarşısı) Caddesi,residential,,True,32.764,"LINESTRING (36.1632201 36.2061324, 36.1628684 36.2062117)",,
287149430,False,3.(Ada Çarşısı) Caddesi,residential,,False,31.085,"LINESTRING (36.1632201 36.2061324, 36.1632985 36.2064047)",,
287149430,False,3.(Ada Çarşısı) Caddesi,residential,,True,69.06800000000001,"LINESTRING (36.1632201 36.2061324, 36.1631623 36.2059312, 36.1631247 36.2058332, 36.1630105 36.2055351)",,
213773648,False,6031. Sokak,residential,,False,68.662,"LINESTRING (36.1628684 36.2062117, 36.1626589 36.2056178)",,
213773669,False,5.(Ada Çarşısı) Caddesi,residential,,False,32.764,"LINESTRING (36.1628684 36.2062117, 36.1632201 36.2061324)",,
213773669,False,5.(Ada Çarşısı) Caddesi,residential,,True,18.34,"LINESTRING (36.1628684 36.2062117, 36.1626681 36.2062446)",,
213773650,False,2.Kuseyri Caddesi ,residential,,False,89.591,"LINESTRING (36.1653456 36.2062838, 36.1662628 36.2059653)",,
213773707,False,Otogar Caddesi,residential,,True,19.326,"LINESTRING (36.1653456 36.2062838, 36.1654144 36.2064485)",,
213773707,False,Otogar Caddesi,residential,,False,30.493,"LINESTRING (36.1653456 36.2062838, 36.1653126 36.2062048, 36.1652343 36.2060247)",,
187541384,False,Abdurrahman Melek Caddesi,residential,,False,118.543,"LINESTRING (36.1668055 36.2062928, 36.1680041 36.2058443)",,
187541384,False,Abdurrahman Melek Caddesi,residential,,True,29.269,"LINESTRING (36.1668055 36.2062928, 36.1665114 36.2064067)",,
213773683,False,8.San. Caddesi,tertiary,,True,43.073,"LINESTRING (36.1668055 36.2062928, 36.1670018 36.2066463)",,
187541384,False,Abdurrahman Melek Caddesi,residential,,False,29.269,"LINESTRING (36.1665114 36.2064067, 36.1668055 36.2062928)",,
187541384,False,Abdurrahman Melek Caddesi,residential,,True,79.161,"LINESTRING (36.1665114 36.2064067, 36.1657159 36.2067146)",,
213773616,False,Kuseyri Caddesi,tertiary,,False,37.13,"LINESTRING (36.1665114 36.2064067, 36.1663402 36.2061027)",,
287149430,False,3.(Ada Çarşısı) Caddesi,residential,,True,31.085,"LINESTRING (36.1632985 36.2064047, 36.1632201 36.2061324)",,
213773687,False,6.(Ada Çarşısı) Caddesi,residential,,True,49.42,"LINESTRING (36.1632985 36.2064047, 36.1630524 36.2064627, 36.1627622 36.2065028)",,
213773699,False,3.(Ada Çarşısı) Caddesi,residential,,False,77.81099999999999,"LINESTRING (36.1632985 36.2064047, 36.1633679 36.2064532, 36.1635296 36.2065632, 36.1636306 36.2066623, 36.1637305 36.2067938, 36.1638832 36.2069145)",,
213773647,False,1.Kuseyri Caddesi,residential,,False,91.533,"LINESTRING (36.1654144 36.2064485, 36.1663402 36.2061027)",,
213773707,False,Otogar Caddesi,residential,,False,19.326,"LINESTRING (36.1654144 36.2064485, 36.1653456 36.2062838)",,
213773707,False,Otogar Caddesi,residential,,True,38.673,"LINESTRING (36.1654144 36.2064485, 36.165552 36.2067781)",,
52871701,False,İzzet Güçlü Caddesi,primary,,False,44.964,"LINESTRING (36.1622133 36.2065477, 36.1622545 36.2069507)",,40
52871701,False,İzzet Güçlü Caddesi,primary,,True,89.203,"LINESTRING (36.1622133 36.2065477, 36.1622019 36.2063063, 36.1621943 36.2062552, 36.1621186 36.2057497)",,40
213773687,False,6.(Ada Çarşısı) Caddesi,residential,,False,49.522,"LINESTRING (36.1622133 36.2065477, 36.1626771 36.2065145, 36.1627622 36.2065028)",,
213773675,False,9.San. Caddesi,residential,,True,75.55,"LINESTRING (36.1688343 36.206657, 36.1680642 36.2069318)",,
1141579838,False,Tayfur Sökmen Caddesi,residential,,False,29.662,"LINESTRING (36.1688343 36.206657, 36.1686376 36.2064426)",,
1141579838,False,Tayfur Sökmen Caddesi,residential,,True,33.641,"LINESTRING (36.1688343 36.206657, 36.1690642 36.206896)",,
213773660,False,1.San. Caddesi,residential,,False,7.731,"LINESTRING (36.1669236 36.2066755, 36.1670018 36.2066463)",,
213773660,False,1.San. Caddesi,residential,,True,100.344,"LINESTRING (36.1669236 36.2066755, 36.1659041 36.2070465)",,
213773724,False,8.San. Caddesi,tertiary,,True,35.48,"LINESTRING (36.1669236 36.2066755, 36.1670793 36.2069688)",,
187541384,False,Abdurrahman Melek Caddesi,residential,,False,79.161,"LINESTRING (36.1657159 36.2067146, 36.1665114 36.2064067)",,
187541384,False,Abdurrahman Melek Caddesi,residential,,True,16.313,"LINESTRING (36.1657159 36.2067146, 36.165552 36.2067781)",,
213773729,False,7.San. Caddesi,residential,,True,40.585,"LINESTRING (36.1657159 36.2067146, 36.1659041 36.2070465)",,
187541384,False,Abdurrahman Melek Caddesi,residential,,False,16.313,"LINESTRING (36.165552 36.2067781, 36.1657159 36.2067146)",,
213773707,False,Otogar Caddesi,residential,,False,38.673,"LINESTRING (36.165552 36.2067781, 36.1654144 36.2064485)",,
"[187541384, 1139279700]",False,"['Abdurrahman Melek Caddesi ', 'Abdurrahman Melek Caddesi']",residential,,True,89.605,"LINESTRING (36.165552 36.2067781, 36.1650625 36.2069676, 36.1649974 36.2069927, 36.1649268 36.2070179, 36.1646506 36.207125)",,
213773708,False,10.San. Caddesi,residential,,True,64.075,"LINESTRING (36.1690642 36.206896, 36.1684194 36.2071437)",,
1141579838,False,Tayfur Sökmen Caddesi,residential,,False,33.641,"LINESTRING (36.1690642 36.206896, 36.1688343 36.206657)",,
213773638,False,12.San. Caddesi,residential,,True,34.418,"LINESTRING (36.1680642 36.2069318, 36.1682248 36.2072129)",,
213773675,False,9.San. Caddesi,residential,,False,75.55,"LINESTRING (36.1680642 36.2069318, 36.1688343 36.206657)",,
213773675,False,9.San. Caddesi,residential,,True,36.521,"LINESTRING (36.1680642 36.2069318, 36.1678911 36.2069954, 36.1677643 36.2070391, 36.1676945 36.2070689)",,
213773689,False,2.Sanayi Caddesi,residential,,False,99.352,"LINESTRING (36.1670793 36.2069688, 36.1660534 36.2073051)",,
213773724,False,8.San. Caddesi,tertiary,,False,35.48,"LINESTRING (36.1670793 36.2069688, 36.1669236 36.2066755)",,
213773724,False,8.San. Caddesi,tertiary,,True,27.347,"LINESTRING (36.1670793 36.2069688, 36.1672115 36.2071904)",,
213773660,False,1.San. Caddesi,residential,,False,100.344,"LINESTRING (36.1659041 36.2070465, 36.1669236 36.2066755)",,
213773660,False,1.San. Caddesi,residential,,True,111.589,"LINESTRING (36.1659041 36.2070465, 36.1647703 36.207459)",,
213773729,False,7.San. Caddesi,residential,,False,40.585,"LINESTRING (36.1659041 36.2070465, 36.1657159 36.2067146)",,
213773729,False,7.San. Caddesi,residential,,True,31.722,"LINESTRING (36.1659041 36.2070465, 36.1660534 36.2073051)",,
213773663,False,11.San. Caddesi,residential,,False,33.72,"LINESTRING (36.1676945 36.2070689, 36.1678256 36.2073531)",,
213773675,False,9.San. Caddesi,residential,,True,37.515,"LINESTRING (36.1676945 36.2070689, 36.1673155 36.2072114)",,
213773675,False,9.San. Caddesi,residential,,False,36.521,"LINESTRING (36.1676945 36.2070689, 36.1677643 36.2070391, 36.1678911 36.2069954, 36.1680642 36.2069318)",,
213773631,False,13.San. Caddesi,residential,,True,68.946,"LINESTRING (36.1684194 36.2071437, 36.1687103 36.2077176)",,
213773708,False,10.San. Caddesi,residential,,False,64.075,"LINESTRING (36.1684194 36.2071437, 36.1690642 36.206896)",,
213773708,False,10.San. Caddesi,residential,,True,19.08,"LINESTRING (36.1684194 36.2071437, 36.1682248 36.2072129)",,
213773640,False,6029. Caddesi,residential,,False,90.155,"LINESTRING (36.1672115 36.2071904, 36.1662982 36.2075285)",,
213773724,False,8.San. Caddesi,tertiary,,False,27.347,"LINESTRING (36.1672115 36.2071904, 36.1670793 36.2069688)",,
213773724,False,8.San. Caddesi,tertiary,,True,24.988,"LINESTRING (36.1672115 36.2071904, 36.1673196 36.2073975)",,
213773675,False,9.San. Caddesi,residential,,False,37.515,"LINESTRING (36.1673155 36.2072114, 36.1676945 36.2070689)",,
213773683,False,8.San. Caddesi,tertiary,,False,68.852,"LINESTRING (36.1673155 36.2072114, 36.1670018 36.2066463)",,
213773683,False,8.San. Caddesi,tertiary,,True,34.154,"LINESTRING (36.1673155 36.2072114, 36.167472 36.2074914)",,
213773638,False,12.San. Caddesi,residential,,False,34.418,"LINESTRING (36.1682248 36.2072129, 36.1680642 36.2069318)",,
213773708,False,10.San. Caddesi,residential,,False,19.08,"LINESTRING (36.1682248 36.2072129, 36.1684194 36.2071437)",,
213773708,False,10.San. Caddesi,residential,,True,10.25,"LINESTRING (36.1682248 36.2072129, 36.1681251 36.2072579)",,
213773646,False,12.San. Caddesi,residential,,False,67.299,"LINESTRING (36.1681251 36.2072579, 36.1684035 36.2078199)",,
213773708,False,10.San. Caddesi,residential,,False,10.25,"LINESTRING (36.1681251 36.2072579, 36.1682248 36.2072129)",,
213773708,False,10.San. Caddesi,residential,,True,28.882,"LINESTRING (36.1681251 36.2072579, 36.1678256 36.2073531)",,
213773689,False,2.Sanayi Caddesi,residential,,False,34.602,"LINESTRING (36.1660534 36.2073051, 36.1656993 36.2074284)",,
213773689,False,2.Sanayi Caddesi,residential,,True,99.352,"LINESTRING (36.1660534 36.2073051, 36.1670793 36.2069688)",,
213773729,False,7.San. Caddesi,residential,,False,31.722,"LINESTRING (36.1660534 36.2073051, 36.1659041 36.2070465)",,
213773729,False,7.San. Caddesi,residential,,True,33.159,"LINESTRING (36.1660534 36.2073051, 36.1662201 36.2074576, 36.1662982 36.2075285)",,
213773663,False,11.San. Caddesi,residential,,False,66.605,"LINESTRING (36.1678256 36.2073531, 36.1681355 36.2078974)",,
213773663,False,11.San. Caddesi,residential,,True,33.72,"LINESTRING (36.1678256 36.2073531, 36.1676945 36.2070689)",,
213773708,False,10.San. Caddesi,residential,,False,28.882,"LINESTRING (36.1678256 36.2073531, 36.1681251 36.2072579)",,
213773708,False,10.San. Caddesi,residential,,True,35.256,"LINESTRING (36.1678256 36.2073531, 36.167472 36.2074914)",,
213773659,False,6030. Sokak,residential,,True,28.542,"LINESTRING (36.1656993 36.2074284, 36.1658375 36.2076596)",,
213773689,False,2.Sanayi Caddesi,residential,,False,81.731,"LINESTRING (36.1656993 36.2074284, 36.1648572 36.2077087)",,
213773689,False,2.Sanayi Caddesi,residential,,True,34.602,"LINESTRING (36.1656993 36.2074284, 36.1660534 36.2073051)",,
213773724,False,8.San. Caddesi,tertiary,,False,24.988,"LINESTRING (36.1673196 36.2073975, 36.1672115 36.2071904)",,
213773724,False,8.San. Caddesi,tertiary,,True,36.264,"LINESTRING (36.1673196 36.2073975, 36.1674787 36.2076973)",,
213773695,False,4.San. Caddesi,residential,,False,87.744,"LINESTRING (36.1673196 36.2073975, 36.1664438 36.2077005, 36.1664208 36.2077085)",,
213773660,False,1.San. Caddesi,residential,,False,111.589,"LINESTRING (36.1647703 36.207459, 36.1659041 36.2070465)",,
286938996,False,İstiklal Caddesi,primary,,False,28.839,"LINESTRING (36.1647703 36.207459, 36.1648572 36.2077087)",,
286938996,False,İstiklal Caddesi,primary,,True,38.661,"LINESTRING (36.1647703 36.207459, 36.1646506 36.207125)",,
213773683,False,8.San. Caddesi,tertiary,,False,34.154,"LINESTRING (36.167472 36.2074914, 36.1673155 36.2072114)",,
213773683,False,8.San. Caddesi,tertiary,,True,66.365,"LINESTRING (36.167472 36.2074914, 36.1677735 36.2080364)",,
213773708,False,10.San. Caddesi,residential,,False,35.256,"LINESTRING (36.167472 36.2074914, 36.1678256 36.2073531)",,
213773640,False,6029. Caddesi,residential,,True,90.155,"LINESTRING (36.1662982 36.2075285, 36.1672115 36.2071904)",,
213773729,False,7.San. Caddesi,residential,,False,33.159,"LINESTRING (36.1662982 36.2075285, 36.1662201 36.2074576, 36.1660534 36.2073051)",,
213773729,False,7.San. Caddesi,residential,,True,23.307,"LINESTRING (36.1662982 36.2075285, 36.1663445 36.2075659, 36.1663738 36.2076033, 36.1664056 36.2076565, 36.1664208 36.2077085)",,
213773626,False,3.San. Caddesi,residential,,True,86.987,"LINESTRING (36.1658375 36.2076596, 36.1649386 36.2079527)",,
213773659,False,6030. Sokak,residential,,False,28.542,"LINESTRING (36.1658375 36.2076596, 36.1656993 36.2074284)",,
213773659,False,6030. Sokak,residential,,True,25.792,"LINESTRING (36.1658375 36.2076596, 36.165975 36.2078633)",,
213773689,False,2.Sanayi Caddesi,residential,,True,81.731,"LINESTRING (36.1648572 36.2077087, 36.1656993 36.2074284)",,
286938996,False,İstiklal Caddesi,primary,,False,7.613,"LINESTRING (36.1648572 36.2077087, 36.1648802 36.2077746)",,
286938996,False,İstiklal Caddesi,primary,,True,28.839,"LINESTRING (36.1648572 36.2077087, 36.1647703 36.207459)",,
213773670,False,5.San. Caddesi,residential,,False,89.092,"LINESTRING (36.1674787 36.2076973, 36.1665684 36.2080174)",,
213773724,False,8.San. Caddesi,tertiary,,False,36.264,"LINESTRING (36.1674787 36.2076973, 36.1673196 36.2073975)",,
213773724,False,8.San. Caddesi,tertiary,,True,44.835,"LINESTRING (36.1674787 36.2076973, 36.1676645 36.2080716)",,
213773690,False,1.(Küçük San.) Caddesi,unclassified,,True,23.046,"LINESTRING (36.1627872 36.2076587, 36.1625308 36.2076711)",,
287012299,False,1.(Küçük San.) Caddesi,unclassified,,False,25.402,"LINESTRING (36.1627872 36.2076587, 36.16253 36.2077542)",,
287012299,False,1.(Küçük San.) Caddesi,unclassified,,True,64.915,"LINESTRING (36.1627872 36.2076587, 36.1634646 36.2074536)",,
213773631,False,13.San. Caddesi,residential,,False,68.946,"LINESTRING (36.1687103 36.2077176, 36.1684194 36.2071437)",,
1144509220,True,Yavuz Sultan Selim Caddesi,primary,,False,20.196,"LINESTRING (36.1687103 36.2077176, 36.1689177 36.207647)",,
213773656,False,7.San. Caddesi,residential,,True,36.813,"LINESTRING (36.1664208 36.2077085, 36.1665684 36.2080174)",,
213773695,False,4.San. Caddesi,residential,,False,43.544,"LINESTRING (36.1664208 36.2077085, 36.165975 36.2078633)",,
213773695,False,4.San. Caddesi,residential,,True,87.744,"LINESTRING (36.1664208 36.2077085, 36.1664438 36.2077005, 36.1673196 36.2073975)",,
213773729,False,7.San. Caddesi,residential,,False,23.307000000000002,"LINESTRING (36.1664208 36.2077085, 36.1664056 36.2076565, 36.1663738 36.2076033, 36.1663445 36.2075659, 36.1662982 36.2075285)",,
286938996,False,İstiklal Caddesi,primary,,False,20.485,"LINESTRING (36.1648802 36.2077746, 36.1649386 36.2079527)",,
286938996,False,İstiklal Caddesi,primary,,True,7.613,"LINESTRING (36.1648802 36.2077746, 36.1648572 36.2077087)",,
213773726,False,6.Küçük San. Caddesi ,residential,,True,89.296,"LINESTRING (36.1648802 36.2077746, 36.1639982 36.207927, 36.1639616 36.2079644, 36.1639616 36.207992)",,
213773659,False,6030. Sokak,residential,,False,25.792,"LINESTRING (36.165975 36.2078633, 36.1658375 36.2076596)",,
213773695,False,4.San. Caddesi,residential,,False,37.751,"LINESTRING (36.165975 36.2078633, 36.1655836 36.2079879)",,
213773695,False,4.San. Caddesi,residential,,True,43.544,"LINESTRING (36.165975 36.2078633, 36.1664208 36.2077085)",,
213773663,False,11.San. Caddesi,residential,,True,66.605,"LINESTRING (36.1681355 36.2078974, 36.1678256 36.2073531)",,
320845356,True,Yavuz Sultan Selim Caddesi,primary,,False,19.817,"LINESTRING (36.1681355 36.2078974, 36.1682249 36.2078684, 36.1683431 36.2078368)",,
213773626,False,3.San. Caddesi,residential,,False,86.987,"LINESTRING (36.1649386 36.2079527, 36.1658375 36.2076596)",,
286938996,False,İstiklal Caddesi,primary,,False,8.97,"LINESTRING (36.1649386 36.2079527, 36.1649692 36.2080295)",,
286938996,False,İstiklal Caddesi,primary,,True,20.485,"LINESTRING (36.1649386 36.2079527, 36.1648802 36.2077746)",,
213773726,False,6.Küçük San. Caddesi ,residential,,False,89.29599999999999,"LINESTRING (36.1639616 36.207992, 36.1639616 36.2079644, 36.1639982 36.207927, 36.1648802 36.2077746)",,
290485565,False,2.(Küçük San.) Caddesi,residential,,False,71.023,"LINESTRING (36.1639616 36.207992, 36.1637571 36.2075232, 36.1636988 36.2073895)",,
213773656,False,7.San. Caddesi,residential,,False,36.813,"LINESTRING (36.1665684 36.2080174, 36.1664208 36.2077085)",,
213773670,False,5.San. Caddesi,residential,,True,89.092,"LINESTRING (36.1665684 36.2080174, 36.1674787 36.2076973)",,
286938996,False,İstiklal Caddesi,primary,,True,8.97,"LINESTRING (36.1649692 36.2080295, 36.1649386 36.2079527)",,
213773724,False,8.San. Caddesi,tertiary,,False,44.835,"LINESTRING (36.1676645 36.2080716, 36.1674787 36.2076973)",,
320845356,True,Yavuz Sultan Selim Caddesi,primary,,False,10.534,"LINESTRING (36.1676645 36.2080716, 36.1677735 36.2080364)",,
32423696,False,Kurtuluş Caddesi,primary,,False,65.908,"LINESTRING (36.1684383 36.204541, 36.1689174 36.2049903)",,
32423696,False,Kurtuluş Caddesi,primary,,True,57.431,"LINESTRING (36.1684383 36.204541, 36.1682423 36.2043404, 36.1680365 36.204139)",,
1141593235,False,Doğu Sokak,tertiary,,False,123.844,"LINESTRING (36.1684383 36.204541, 36.1679675 36.2048662, 36.1679007 36.2049124, 36.1675117 36.2051811, 36.1673815 36.2052568)",,
187541409,False,Tayfur Sökmen Caddesi,residential,,True,25.417,"LINESTRING (36.1678116 36.2056766, 36.1680041 36.2058443)",,
213779748,False,Suphi Bedir Uluç Sokak,residential,,False,125.171,"LINESTRING (36.1678116 36.2056766, 36.1689174 36.2049903)",,
187541409,False,Tayfur Sökmen Caddesi,residential,,False,34.227000000000004,"LINESTRING (36.1678116 36.2056766, 36.1677148 36.2056313, 36.1675576 36.2054546)",,
52871705,True,Atatürk Caddesi,primary,,False,53.748,"LINESTRING (36.160358 36.2043634, 36.1603083 36.2048451)",,
213790410,False,Mustafa Rasih Sokak,residential,,False,77.634,"LINESTRING (36.160358 36.2043634, 36.1612218 36.2044037)",,
213790410,False,Mustafa Rasih Sokak,residential,,True,77.634,"LINESTRING (36.1612218 36.2044037, 36.160358 36.2043634)",,
187541474,True,General Şükrü Kanadlı Caddesi,residential,,False,212.164,"LINESTRING (36.1612218 36.2044037, 36.1611603 36.2042357, 36.1610221 36.203599, 36.1608987 36.2030977, 36.1607953 36.2027619, 36.1607283 36.2027021, 36.1605658 36.2026319)",,
1145240582,False,Gökçen Sokak,residential,,False,12.917,"LINESTRING (36.1682153 36.201134, 36.1683084 36.2010454)",,
1145240582,False,Gökçen Sokak,residential,,True,61.471,"LINESTRING (36.1682153 36.201134, 36.1676679 36.2014664)",,
213866585,False,Kanarya 1 Sokak,residential,,False,58.816,"LINESTRING (36.1682153 36.201134, 36.168008 36.200947, 36.167702 36.2008192)",,
213845651,False,Güngör Caddesi,residential,,True,25.814,"LINESTRING (36.1673898 36.2016456, 36.1673941 36.2017156, 36.1675108 36.2018475)",,
213853353,False,Alaybey Sokak,residential,,True,25.997000000000003,"LINESTRING (36.1673898 36.2016456, 36.1673287 36.2016321, 36.1672541 36.2016491, 36.1672057 36.2016836, 36.1671222 36.2016928)",,
1145240582,False,Gökçen Sokak,residential,,False,29.716,"LINESTRING (36.1673898 36.2016456, 36.1674829 36.2015724, 36.1676473 36.2014788)",,
187541373,False,Selçuk Caddesi,residential,,False,52.092,"LINESTRING (36.1670937 36.2021808, 36.1675455 36.2018866)",,
187541373,False,Selçuk Caddesi,residential,,True,70.303,"LINESTRING (36.1670937 36.2021808, 36.166484 36.2025779)",,
213845684,False,Şeyhali Sokak,residential,,False,75.27399999999999,"LINESTRING (36.1670937 36.2021808, 36.1673123 36.2022875, 36.1674212 36.2023812, 36.1674773 36.2024085, 36.1675552 36.2024504, 36.1676246 36.2024879, 36.1676283 36.202508, 36.1676851 36.2025318, 36.1677682 36.2025644)",,
1144957920,False,Sakarya Sokak,residential,,True,25.244,"LINESTRING (36.1680094 36.2026809, 36.1682537 36.2025683)",,
213845684,False,Şeyhali Sokak,residential,,True,25.371000000000002,"LINESTRING (36.1680094 36.2026809, 36.1679171 36.2026331, 36.1678492 36.202591, 36.1677682 36.2025644)",,
1144957920,False,Sakarya Sokak,residential,,False,104.535,"LINESTRING (36.1680094 36.2026809, 36.1680062 36.2027978, 36.1678467 36.2029265, 36.1676747 36.2030211, 36.1676153 36.2030621, 36.1675641 36.2030961, 36.1671958 36.2032932)",,
"[287149994, 213845668]",False,Kemal Paşa Caddesi,primary,,False,205.39499999999998,"LINESTRING (36.1616093 36.2029721, 36.1621561 36.2027716, 36.1621983 36.202752, 36.1626314 36.202533, 36.1627114 36.2025112, 36.1628609 36.2024377, 36.1630782 36.2023219, 36.1632432 36.2022402, 36.1636054 36.2020764)",,
"[287148497, 32423697, 287148502]",True,"['İstiklal Caddesi ', 'İstiklal Caddesi']",primary,,False,188.694,"LINESTRING (36.1616093 36.2029721, 36.1617822 36.2034616, 36.1619526 36.2038703, 36.1621897 36.2042923, 36.1623631 36.2045502)",,
213845651,False,Güngör Caddesi,residential,,False,46.529,"LINESTRING (36.16875 36.2029899, 36.1684115 36.2026729)",,
213845651,False,Güngör Caddesi,residential,,True,27.543,"LINESTRING (36.16875 36.2029899, 36.1689066 36.2031365, 36.168921 36.2031894)",,
213845680,False,Ulus 3 Sokak,residential,,False,130.78,"LINESTRING (36.16875 36.2029899, 36.1681423 36.2033556, 36.1676111 36.2037228)",,
32423696,False,Kurtuluş Caddesi,primary,,False,60.584,"LINESTRING (36.1671958 36.2032932, 36.1676111 36.2037228)",,
32423696,False,Kurtuluş Caddesi,primary,,True,102.05699999999999,"LINESTRING (36.1671958 36.2032932, 36.167145 36.203239, 36.1665309 36.2026366, 36.1665076 36.2026074, 36.166484 36.2025779)",,
1144957920,False,Sakarya Sokak,residential,,True,104.53500000000001,"LINESTRING (36.1671958 36.2032932, 36.1675641 36.2030961, 36.1676153 36.2030621, 36.1676747 36.2030211, 36.1678467 36.2029265, 36.1680062 36.2027978, 36.1680094 36.2026809)",,
1144957921,False,Meydan Caddesi,residential,,False,66.036,"LINESTRING (36.1671958 36.2032932, 36.1669772 36.2034308, 36.1668092 36.2035501, 36.1666228 36.2036655)",,
213845651,False,Güngör Caddesi,residential,,False,26.928,"LINESTRING (36.1690964 36.2033859, 36.168921 36.2031894)",,
213845651,False,Güngör Caddesi,residential,,True,18.708,"LINESTRING (36.1690964 36.2033859, 36.1692298 36.2035152)",,
213845658,False,Batıray Sokak,residential,,True,129.399,"LINESTRING (36.1690964 36.2033859, 36.1690454 36.2034227, 36.1690511 36.2034695, 36.1688717 36.2035915, 36.1687958 36.2036144, 36.1680063 36.2041094)",,
"[1144957921, 213845673]",False,"['Meydan Caddesi', 'Tayfur Sökmen Caddesi']",residential,,False,155.39700000000002,"LINESTRING (36.1666228 36.2036655, 36.1665492 36.2036986, 36.1665021 36.2037256, 36.1663173 36.2037756, 36.1664853 36.2039745, 36.1666377 36.2041729, 36.1667714 36.2043577, 36.1669235 36.2045322, 36.1669865 36.2046362, 36.166916 36.2047285)",,
1144957921,False,Meydan Caddesi,residential,,True,66.036,"LINESTRING (36.1666228 36.2036655, 36.1668092 36.2035501, 36.1669772 36.2034308, 36.1671958 36.2032932)",,
1144957926,False,Aysel Sokak,residential,,True,119.509,"LINESTRING (36.1666228 36.2036655, 36.1667157 36.2037433, 36.1671185 36.2040536, 36.1673277 36.2039232, 36.1676111 36.2037228)",,
32423696,False,Kurtuluş Caddesi,primary,,False,4.263,"LINESTRING (36.1680063 36.2041094, 36.1680365 36.204139)",,
32423696,False,Kurtuluş Caddesi,primary,,True,55.726,"LINESTRING (36.1680063 36.2041094, 36.1676111 36.2037228)",,
213845658,False,Batıray Sokak,residential,,False,129.399,"LINESTRING (36.1680063 36.2041094, 36.1687958 36.2036144, 36.1688717 36.2035915, 36.1690511 36.2034695, 36.1690454 36.2034227, 36.1690964 36.2033859)",,
32423696,False,Kurtuluş Caddesi,primary,,True,4.263,"LINESTRING (36.1680365 36.204139, 36.1680063 36.2041094)",,
1144957925,False,Eraslan Çıkmazı Sokak,residential,,True,39.931,"LINESTRING (36.1680365 36.204139, 36.167705 36.2043786)",,
32423696,False,Kurtuluş Caddesi,primary,,False,57.431,"LINESTRING (36.1680365 36.204139, 36.1682423 36.2043404, 36.1684383 36.204541)",,
1144957925,False,Eraslan Çıkmazı Sokak,residential,,False,39.931,"LINESTRING (36.167705 36.2043786, 36.1680365 36.204139)",,
1139479236,False,Kavakçılar Caddesi,residential,,True,79.514,"LINESTRING (36.163957 36.2043608, 36.1641504 36.2044869, 36.1646249 36.2048305)",,
"[213773664, 1144957927]",False,"['Kemikli Han Caddesi', 'İnne İplik Caddesi']",residential,,False,205.339,"LINESTRING (36.163957 36.2043608, 36.1640075 36.2042901, 36.1640804 36.2042517, 36.164239 36.2042389, 36.1643498 36.2042538, 36.1644758 36.2043235, 36.1646869 36.204464, 36.1650406 36.2047326, 36.1651554 36.2048199, 36.1652106 36.2048352, 36.1654436 36.2048575, 36.16558 36.20487, 36.1657008 36.2049104, 36.1657595 36.2049424, 36.1658528 36.2050118)",,
1144957927,False,Kemikli Han Caddesi,residential,,True,81.389,"LINESTRING (36.163957 36.2043608, 36.163848 36.2045133, 36.1636176 36.2050372)",,
213845662,False,6126. Sokak,residential,,True,60.725,"LINESTRING (36.1659683 36.204416, 36.1662965 36.2048936)",,
213773635,False,İnne İplik Caddesi,residential,,False,58.538,"LINESTRING (36.1662965 36.2048936, 36.166916 36.2047285)",,
213773635,False,İnne İplik Caddesi,residential,,True,41.924,"LINESTRING (36.1662965 36.2048936, 36.1658528 36.2050118)",,
213845662,False,6126. Sokak,residential,,False,60.725,"LINESTRING (36.1662965 36.2048936, 36.1659683 36.204416)",,
213851482,True,Silahlı Kuvvetler Caddesi,residential,,False,37.719,"LINESTRING (36.1606707 36.1992168, 36.16065 36.1995556)",,
213851494,False,Şinasi Sokak,residential,,True,81.797,"LINESTRING (36.1606707 36.1992168, 36.1615115 36.199501)",,
286939483,True,Saray Caddesi,residential,,False,20.584,"LINESTRING (36.1604543 36.1994648, 36.1604342 36.199409, 36.1603896 36.1992872)",,
213851494,False,Şinasi Sokak,residential,,False,81.797,"LINESTRING (36.1615115 36.199501, 36.1606707 36.1992168)",,
213851531,True,Saydam Caddesi,residential,,False,40.314,"LINESTRING (36.1615115 36.199501, 36.1613555 36.1996848, 36.161273 36.1998077)",,
213851480,False,Gazi Paşa Caddesi,residential,,True,5.897,"LINESTRING (36.16065 36.1995556, 36.1605875 36.1995392)",,
213851480,False,Gazi Paşa Caddesi,residential,,False,62.768,"LINESTRING (36.16065 36.1995556, 36.1607721 36.1995876, 36.1610733 36.1997335, 36.161273 36.1998077)",,
213851480,False,Gazi Paşa Caddesi,residential,,True,62.767999999999994,"LINESTRING (36.161273 36.1998077, 36.1610733 36.1997335, 36.1607721 36.1995876, 36.16065 36.1995556)",,
1144985730,True,İnönü Caddesi,residential,,False,98.734,"LINESTRING (36.1594622 36.1999243, 36.1587721 36.1992327)",,
213851511,True,Asi Sokak,residential,,False,105.038,"LINESTRING (36.1594622 36.1999243, 36.1595544 36.199931, 36.159765 36.1997773, 36.1599478 36.1996695, 36.1602109 36.1995467, 36.1604543 36.1994648)",,
213851525,False,Eski Saray Sokak,residential,,False,80.097,"LINESTRING (36.1631123 36.2007805, 36.1632574 36.2010179, 36.1632607 36.2011169, 36.1633147 36.2012073, 36.1634178 36.2013267, 36.1634374 36.2013556, 36.1634716 36.2014283)",,
213851497,False,Kelebek Sokak,residential,,True,65.548,"LINESTRING (36.1625091 36.201161, 36.1628714 36.2014654, 36.1629064 36.2015026, 36.1630088 36.2015906)",,
213851484,False,Bekir Sıtkı Kunt Caddesi,residential,,False,62.187000000000005,"LINESTRING (36.1634716 36.2014283, 36.1636128 36.2013873, 36.1637761 36.2014204, 36.16384 36.2013765, 36.1639607 36.2013096, 36.1640972 36.2012719)",,
213851484,False,Bekir Sıtkı Kunt Caddesi,residential,,True,29.729,"LINESTRING (36.1634716 36.2014283, 36.1632909 36.2015127, 36.1631936 36.2015728)",,
213851525,False,Eski Saray Sokak,residential,,True,80.097,"LINESTRING (36.1634716 36.2014283, 36.1634374 36.2013556, 36.1634178 36.2013267, 36.1633147 36.2012073, 36.1632607 36.2011169, 36.1632574 36.2010179, 36.1631123 36.2007805)",,
213851521,False,Bedesten Sokak,residential,,False,61.117999999999995,"LINESTRING (36.1622331 36.2013896, 36.1623192 36.2015257, 36.1623994 36.2016298, 36.1624297 36.2017764, 36.1624205 36.2018223, 36.1624236 36.2019014)",,
213851484,False,Bekir Sıtkı Kunt Caddesi,residential,,True,16.699,"LINESTRING (36.1631936 36.2015728, 36.1630088 36.2015906)",,
213851484,False,Bekir Sıtkı Kunt Caddesi,residential,,False,29.729,"LINESTRING (36.1631936 36.2015728, 36.1632909 36.2015127, 36.1634716 36.2014283)",,
213851523,False,Dolaşık Sokak,residential,,True,69.803,"LINESTRING (36.1631936 36.2015728, 36.1634283 36.2017374, 36.1634343 36.2018426, 36.1636054 36.2020764)",,
213851484,False,Bekir Sıtkı Kunt Caddesi,residential,,False,16.699,"LINESTRING (36.1630088 36.2015906, 36.1631936 36.2015728)",,
213851484,False,Bekir Sıtkı Kunt Caddesi,residential,,True,13.315000000000001,"LINESTRING (36.1630088 36.2015906, 36.1630059 36.2015909, 36.1629012 36.2016724)",,
213851497,False,Kelebek Sokak,residential,,False,65.548,"LINESTRING (36.1630088 36.2015906, 36.1629064 36.2015026, 36.1628714 36.2014654, 36.1625091 36.201161)",,
213851500,False,Bedesten Sokak,residential,,False,37.269,"LINESTRING (36.1624236 36.2019014, 36.16272 36.2021362)",,
213851484,False,Bekir Sıtkı Kunt Caddesi,residential,,False,49.849999999999994,"LINESTRING (36.1624236 36.2019014, 36.1625614 36.2018369, 36.1629012 36.2016724)",,
213851484,False,Bekir Sıtkı Kunt Caddesi,residential,,True,46.784,"LINESTRING (36.1624236 36.2019014, 36.162252 36.2019817, 36.1620489 36.2021844)",,
213851521,False,Bedesten Sokak,residential,,True,61.11800000000001,"LINESTRING (36.1624236 36.2019014, 36.1624205 36.2018223, 36.1624297 36.2017764, 36.1623994 36.2016298, 36.1623192 36.2015257, 36.1622331 36.2013896)",,
213851523,False,Dolaşık Sokak,residential,,False,69.803,"LINESTRING (36.1636054 36.2020764, 36.1634343 36.2018426, 36.1634283 36.2017374, 36.1631936 36.2015728)",,
287149994,False,Kemal Paşa Caddesi,primary,,False,100.989,"LINESTRING (36.1636054 36.2020764, 36.1636326 36.2020599, 36.1637548 36.202006, 36.1642966 36.2017573, 36.1645069 36.2016697, 36.1645375 36.201658, 36.1645864 36.2016323)",,
"[287149994, 213845668]",False,Kemal Paşa Caddesi,primary,,True,205.39499999999998,"LINESTRING (36.1636054 36.2020764, 36.1632432 36.2022402, 36.1630782 36.2023219, 36.1628609 36.2024377, 36.1627114 36.2025112, 36.1626314 36.202533, 36.1621983 36.202752, 36.1621561 36.2027716, 36.1616093 36.2029721)",,
213851500,False,Bedesten Sokak,residential,,True,37.269,"LINESTRING (36.16272 36.2021362, 36.1624236 36.2019014)",,
213851529,False,Payas Sokak,residential,,False,63.486999999999995,"LINESTRING (36.16272 36.2021362, 36.1627676 36.2020793, 36.1629619 36.2018811, 36.1629867 36.2018027, 36.1630086 36.2017639, 36.1629012 36.2016724)",,
213851529,False,Payas Sokak,residential,,True,39.159,"LINESTRING (36.16272 36.2021362, 36.1626466 36.2022168, 36.1624402 36.2024061)",,
213851529,False,Payas Sokak,residential,,False,39.159,"LINESTRING (36.1624402 36.2024061, 36.1626466 36.2022168, 36.16272 36.2021362)",,
213853360,False,Aydın Sokak,residential,,False,87.013,"LINESTRING (36.1652179 36.1993241, 36.1653008 36.1994047, 36.1654302 36.1994708, 36.1656363 36.1995604, 36.1658012 36.1996934, 36.1659257 36.1998393)",,
213853360,False,Aydın Sokak,residential,,True,5.806,"LINESTRING (36.1659903 36.1998363, 36.1659257 36.1998393)",,
213853355,False,Saldıray Sokak,residential,,False,14.888000000000002,"LINESTRING (36.1659903 36.1998363, 36.1660395 36.199912, 36.1660714 36.199953)",,
213853344,False,Ayyıldız 6 Sokak,residential,,True,13.332,"LINESTRING (36.1652484 36.1999815, 36.1651079 36.2000205)",,
213853344,False,Ayyıldız 6 Sokak,residential,,False,64.59599999999999,"LINESTRING (36.1652484 36.1999815, 36.165312 36.199976, 36.1654236 36.1999987, 36.1655476 36.1999719, 36.1657981 36.1998893, 36.1659257 36.1998393)",,
213853344,False,Ayyıldız 6 Sokak,residential,,False,13.332,"LINESTRING (36.1651079 36.2000205, 36.1652484 36.1999815)",,
213853358,False,Ayyıldız 6 Sokak,residential,,True,79.634,"LINESTRING (36.1651079 36.2000205, 36.1650428 36.2001485, 36.165046 36.2002657, 36.1650015 36.2003733, 36.1649033 36.2004794, 36.1647048 36.2006224)",,
1145109328,False,Atalar Sokak,residential,,True,74.569,"LINESTRING (36.1651079 36.2000205, 36.1649242 36.2000226, 36.1647823 36.2000442, 36.1647287 36.2000485, 36.1645762 36.2001028, 36.1643315 36.2002165)",,
213853355,False,Saldıray Sokak,residential,,False,59.247,"LINESTRING (36.1660816 36.2001738, 36.1661511 36.2002343, 36.1662008 36.2003389, 36.1662633 36.2004487, 36.1662846 36.2005931, 36.1663054 36.2006167, 36.1663516 36.2006383)",,
213853355,False,Saldıray Sokak,residential,,True,24.972,"LINESTRING (36.1660816 36.2001738, 36.1660696 36.200151, 36.1660604 36.2001335, 36.1660671 36.2000756, 36.1660714 36.199953)",,
213853364,False,Yavuz Sokak,residential,,True,130.31,"LINESTRING (36.1660816 36.2001738, 36.1658703 36.2002875, 36.1657213 36.2003361, 36.1654803 36.200464, 36.1653281 36.2005459, 36.1653028 36.2005996, 36.1649039 36.2008361)",,
32423684,False,Kurtuluş Caddesi,primary,,True,34.553,"LINESTRING (36.1643315 36.2002165, 36.164429 36.2003203, 36.1645617 36.2004656)",,
1145109328,False,Atalar Sokak,residential,,False,74.56899999999999,"LINESTRING (36.1643315 36.2002165, 36.1645762 36.2001028, 36.1647287 36.2000485, 36.1647823 36.2000442, 36.1649242 36.2000226, 36.1651079 36.2000205)",,
32423684,False,Kurtuluş Caddesi,primary,,False,21.653,"LINESTRING (36.1647048 36.2006224, 36.1645617 36.2004656)",,
32423684,False,Kurtuluş Caddesi,primary,,True,29.73,"LINESTRING (36.1647048 36.2006224, 36.1647979 36.2007244, 36.1649039 36.2008361)",,
213853358,False,Ayyıldız 6 Sokak,residential,,False,79.634,"LINESTRING (36.1647048 36.2006224, 36.1649033 36.2004794, 36.1650015 36.2003733, 36.165046 36.2002657, 36.1650428 36.2001485, 36.1651079 36.2000205)",,
213853355,False,Saldıray Sokak,residential,,True,6.1,"LINESTRING (36.1663438 36.2006928, 36.1663516 36.2006383)",,
213853355,False,Saldıray Sokak,residential,,False,52.669999999999995,"LINESTRING (36.1663438 36.2006928, 36.1663926 36.2007518, 36.1664913 36.200837, 36.1666002 36.2009928, 36.1666223 36.2010419, 36.16666 36.2010877)",,
213853359,False,Turan Sokak,residential,,True,109.934,"LINESTRING (36.1663438 36.2006928, 36.1660449 36.2008438, 36.1659302 36.2009095, 36.1658101 36.2009865, 36.1655596 36.2011574, 36.1654645 36.2012418, 36.1654058 36.201316)",,
32423684,False,Kurtuluş Caddesi,primary,,False,29.73,"LINESTRING (36.1649039 36.2008361, 36.1647979 36.2007244, 36.1647048 36.2006224)",,
32423684,False,Kurtuluş Caddesi,primary,,True,58.821,"LINESTRING (36.1649039 36.2008361, 36.1650239 36.2009625, 36.1651064 36.2010494, 36.1652953 36.2012604)",,
213853364,False,Yavuz Sokak,residential,,False,130.31,"LINESTRING (36.1649039 36.2008361, 36.1653028 36.2005996, 36.1653281 36.2005459, 36.1654803 36.200464, 36.1657213 36.2003361, 36.1658703 36.2002875, 36.1660816 36.2001738)",,
1140753727,False,Beyazıt Sokak,residential,,True,9.37,"LINESTRING (36.1665915 36.2011513, 36.16666 36.2010877)",,
213853362,False,Tan Sokak,residential,,False,77.252,"LINESTRING (36.1665915 36.2011513, 36.1668163 36.2013827, 36.1669366 36.2014891, 36.1670147 36.2015502, 36.1670542 36.2015972, 36.1670903 36.2016294, 36.1671042 36.2016494, 36.1671222 36.2016928)",,
1140753727,False,Beyazıt Sokak,residential,,False,89.201,"LINESTRING (36.1665915 36.2011513, 36.1664442 36.2012473, 36.1662123 36.2014045, 36.1659952 36.2015279, 36.1658264 36.2016614)",,
32423696,False,Kurtuluş Caddesi,primary,,True,11.685,"LINESTRING (36.1654058 36.201316, 36.1652953 36.2012604)",,
32423696,False,Kurtuluş Caddesi,primary,,False,54.706999999999994,"LINESTRING (36.1654058 36.201316, 36.1656068 36.201424, 36.1657332 36.2015416, 36.1658264 36.2016614)",,
213853359,False,Turan Sokak,residential,,False,109.93399999999998,"LINESTRING (36.1654058 36.201316, 36.1654645 36.2012418, 36.1655596 36.2011574, 36.1658101 36.2009865, 36.1659302 36.2009095, 36.1660449 36.2008438, 36.1663438 36.2006928)",,
32423696,False,Kurtuluş Caddesi,primary,,False,72.507,"LINESTRING (36.1658264 36.2016614, 36.1658555 36.2017057, 36.1659131 36.2017997, 36.1660102 36.2019957, 36.1660721 36.2020836, 36.1661852 36.2022444)",,
32423696,False,Kurtuluş Caddesi,primary,,True,54.707,"LINESTRING (36.1658264 36.2016614, 36.1657332 36.2015416, 36.1656068 36.201424, 36.1654058 36.201316)",,
1140753727,False,Beyazıt Sokak,residential,,True,89.20100000000001,"LINESTRING (36.1658264 36.2016614, 36.1659952 36.2015279, 36.1662123 36.2014045, 36.1664442 36.2012473, 36.1665915 36.2011513)",,
32423696,False,Kurtuluş Caddesi,primary,,False,45.76,"LINESTRING (36.1661852 36.2022444, 36.166484 36.2025779)",,
32423696,False,Kurtuluş Caddesi,primary,,True,72.507,"LINESTRING (36.1661852 36.2022444, 36.1660721 36.2020836, 36.1660102 36.2019957, 36.1659131 36.2017997, 36.1658555 36.2017057, 36.1658264 36.2016614)",,
213853353,False,Alaybey Sokak,residential,,False,118.359,"LINESTRING (36.1661852 36.2022444, 36.1667369 36.2019446, 36.1667881 36.2019813, 36.1669153 36.2019316, 36.1670358 36.2019154, 36.1671175 36.2018732, 36.1671081 36.2017663, 36.1671222 36.2016928)",,
213853354,False,Uzun Arap Çıkmazı Sokak,residential,,False,44.622,"LINESTRING (36.1677682 36.2025644, 36.1674092 36.2028421)",,
213845684,False,Şeyhali Sokak,residential,,False,25.371000000000002,"LINESTRING (36.1677682 36.2025644, 36.1678492 36.202591, 36.1679171 36.2026331, 36.1680094 36.2026809)",,
213845684,False,Şeyhali Sokak,residential,,True,75.274,"LINESTRING (36.1677682 36.2025644, 36.1676851 36.2025318, 36.1676283 36.202508, 36.1676246 36.2024879, 36.1675552 36.2024504, 36.1674773 36.2024085, 36.1674212 36.2023812, 36.1673123 36.2022875, 36.1670937 36.2021808)",,
213853354,False,Uzun Arap Çıkmazı Sokak,residential,,True,44.622,"LINESTRING (36.1674092 36.2028421, 36.1677682 36.2025644)",,
213845651,False,Güngör Caddesi,residential,,False,18.708,"LINESTRING (36.1692298 36.2035152, 36.1690964 36.2033859)",,
213866583,False,Mete Caddesi,residential,,False,13.747,"LINESTRING (36.1675622 36.199205, 36.167436 36.1992751)",,
213866620,False,Güldibi Sokak,residential,,True,75.933,"LINESTRING (36.1675622 36.199205, 36.167635 36.1992868, 36.1676326 36.1993418, 36.1675991 36.1994114, 36.1675902 36.1994715, 36.1676017 36.1995463, 36.167626 36.1996201, 36.1676294 36.1996708, 36.1676311 36.1996891, 36.1676275 36.1997138, 36.1676129 36.1997527, 36.1675744 36.1998536)",,
213866583,False,Mete Caddesi,residential,,True,13.747,"LINESTRING (36.167436 36.1992751, 36.1675622 36.199205)",,
213866583,False,Mete Caddesi,residential,,False,49.004000000000005,"LINESTRING (36.167436 36.1992751, 36.1673475 36.1993227, 36.1671296 36.1994599, 36.1670539 36.1994894, 36.1669852 36.1995214)",,
213866619,False,Şekercik Sokak,residential,,True,38.401,"LINESTRING (36.168311 36.1992726, 36.1684474 36.1994343, 36.1685081 36.1994743, 36.1685351 36.199492, 36.1685477 36.1995042, 36.1685802 36.1995377)",,
213866608,False,Uçtum Çıkmazı Sokak,residential,,True,63.275000000000006,"LINESTRING (36.1667169 36.199308, 36.1664809 36.1994618, 36.1664966 36.1996046, 36.1665289 36.1997836)",,
213866596,False,Özgen Sokak,residential,,True,52.109,"LINESTRING (36.1685802 36.1995377, 36.1685354 36.1995883, 36.1684392 36.1996198, 36.1684143 36.199669, 36.1683327 36.1997139, 36.1684551 36.199876)",,
213866619,False,Şekercik Sokak,residential,,False,38.400999999999996,"LINESTRING (36.1685802 36.1995377, 36.1685477 36.1995042, 36.1685351 36.199492, 36.1685081 36.1994743, 36.1684474 36.1994343, 36.168311 36.1992726)",,
213866619,False,Şekercik Sokak,residential,,True,26.558,"LINESTRING (36.1685802 36.1995377, 36.1686043 36.1995624, 36.1687545 36.1997307)",,
213866583,False,Mete Caddesi,residential,,False,50.264,"LINESTRING (36.1669852 36.1995214, 36.1665289 36.1997836)",,
213866583,False,Mete Caddesi,residential,,True,49.004,"LINESTRING (36.1669852 36.1995214, 36.1670539 36.1994894, 36.1671296 36.1994599, 36.1673475 36.1993227, 36.167436 36.1992751)",,
213866585,False,Kanarya 1 Sokak,residential,,True,59.037,"LINESTRING (36.1669852 36.1995214, 36.167123 36.1997543, 36.1671555 36.1998086, 36.1672723 36.1999991)",,
213864128,False,Ertuğrul Sokak,residential,,False,18.077,"LINESTRING (36.1688842 36.1997021, 36.1689903 36.1998403)",,
213866612,False,Ömer Ağa Sokak,residential,,True,12.065999999999999,"LINESTRING (36.1688842 36.1997021, 36.1688349 36.1997139, 36.1687545 36.1997307)",,
213866612,False,Ömer Ağa Sokak,residential,,False,12.065999999999999,"LINESTRING (36.1687545 36.1997307, 36.1688349 36.1997139, 36.1688842 36.1997021)",,
213866612,False,Ömer Ağa Sokak,residential,,True,31.407,"LINESTRING (36.1687545 36.1997307, 36.1685817 36.1998243, 36.1684551 36.199876)",,
213866619,False,Şekercik Sokak,residential,,False,26.558,"LINESTRING (36.1687545 36.1997307, 36.1686043 36.1995624, 36.1685802 36.1995377)",,
213866583,False,Mete Caddesi,residential,,True,50.264,"LINESTRING (36.1665289 36.1997836, 36.1669852 36.1995214)",,
213866583,False,Mete Caddesi,residential,,False,45.835,"LINESTRING (36.1665289 36.1997836, 36.166431 36.1998111, 36.1662152 36.1999283, 36.1660714 36.199953)",,
213866608,False,Uçtum Çıkmazı Sokak,residential,,False,63.275,"LINESTRING (36.1665289 36.1997836, 36.1664966 36.1996046, 36.1664809 36.1994618, 36.1667169 36.199308)",,
213866620,False,Güldibi Sokak,residential,,True,31.569,"LINESTRING (36.1675744 36.1998536, 36.1672723 36.1999991)",,
213866584,False,Efeler Sokak,residential,,True,64.06299999999999,"LINESTRING (36.1675744 36.1998536, 36.1676289 36.1998902, 36.1677196 36.1999048, 36.1678908 36.1998478, 36.1679348 36.1998582, 36.1681253 36.2000652)",,
213866620,False,Güldibi Sokak,residential,,False,75.93299999999999,"LINESTRING (36.1675744 36.1998536, 36.1676129 36.1997527, 36.1676275 36.1997138, 36.1676311 36.1996891, 36.1676294 36.1996708, 36.167626 36.1996201, 36.1676017 36.1995463, 36.1675902 36.1994715, 36.1675991 36.1994114, 36.1676326 36.1993418, 36.167635 36.1992868, 36.1675622 36.199205)",,
213866612,False,Ömer Ağa Sokak,residential,,True,36.309,"LINESTRING (36.1684551 36.199876, 36.1681253 36.2000652)",,
213866596,False,Özgen Sokak,residential,,False,52.109,"LINESTRING (36.1684551 36.199876, 36.1683327 36.1997139, 36.1684143 36.199669, 36.1684392 36.1996198, 36.1685354 36.1995883, 36.1685802 36.1995377)",,
213866612,False,Ömer Ağa Sokak,residential,,False,31.407,"LINESTRING (36.1684551 36.199876, 36.1685817 36.1998243, 36.1687545 36.1997307)",,
213853355,False,Saldıray Sokak,residential,,False,24.972,"LINESTRING (36.1660714 36.199953, 36.1660671 36.2000756, 36.1660604 36.2001335, 36.1660696 36.200151, 36.1660816 36.2001738)",,
213853355,False,Saldıray Sokak,residential,,True,14.888000000000002,"LINESTRING (36.1660714 36.199953, 36.1660395 36.199912, 36.1659903 36.1998363)",,
213866583,False,Mete Caddesi,residential,,True,45.835,"LINESTRING (36.1660714 36.199953, 36.1662152 36.1999283, 36.166431 36.1998111, 36.1665289 36.1997836)",,
213866612,False,Ömer Ağa Sokak,residential,,False,36.309,"LINESTRING (36.1681253 36.2000652, 36.1684551 36.199876)",,
213866584,False,Efeler Sokak,residential,,False,64.063,"LINESTRING (36.1681253 36.2000652, 36.1679348 36.1998582, 36.1678908 36.1998478, 36.1677196 36.1999048, 36.1676289 36.1998902, 36.1675744 36.1998536)",,
213866584,False,Efeler Sokak,residential,,True,19.034,"LINESTRING (36.1681253 36.2000652, 36.168187 36.2001575, 36.1681779 36.2002234)",,
213866620,False,Güldibi Sokak,residential,,False,31.569,"LINESTRING (36.1672723 36.1999991, 36.1675744 36.1998536)",,
213866585,False,Kanarya 1 Sokak,residential,,False,59.037,"LINESTRING (36.1672723 36.1999991, 36.1671555 36.1998086, 36.167123 36.1997543, 36.1669852 36.1995214)",,
213866585,False,Kanarya 1 Sokak,residential,,True,22.178,"LINESTRING (36.1672723 36.1999991, 36.1672861 36.2000527, 36.1673219 36.2001945)",,
213866584,False,Efeler Sokak,residential,,False,19.034,"LINESTRING (36.1681779 36.2002234, 36.168187 36.2001575, 36.1681253 36.2000652)",,
213866602,False,Efeler Sokak,residential,,False,80.282,"LINESTRING (36.1681779 36.2002234, 36.168432 36.2004577, 36.168552 36.2005427, 36.1686626 36.2006487, 36.168806 36.2007331)",,
1145240585,False,Beyazıt Sokak,residential,,True,82.05799999999999,"LINESTRING (36.1681779 36.2002234, 36.1680055 36.2003479, 36.1678194 36.200487, 36.1677437 36.2006502, 36.167702 36.2008192)",,
213853355,False,Saldıray Sokak,residential,,False,6.1,"LINESTRING (36.1663516 36.2006383, 36.1663438 36.2006928)",,
213853355,False,Saldıray Sokak,residential,,True,59.24700000000001,"LINESTRING (36.1663516 36.2006383, 36.1663054 36.2006167, 36.1662846 36.2005931, 36.1662633 36.2004487, 36.1662008 36.2003389, 36.1661511 36.2002343, 36.1660816 36.2001738)",,
213866607,False,Taşdemir Sokak,residential,,False,30.005000000000003,"LINESTRING (36.1663516 36.2006383, 36.1665751 36.2004796, 36.1666026 36.20046)",,
1145240582,False,Gökçen Sokak,residential,,True,12.953,"LINESTRING (36.1689481 36.2007536, 36.168806 36.2007331)",,
1145240582,False,Gökçen Sokak,residential,,False,33.372,"LINESTRING (36.1689481 36.2007536, 36.1691668 36.2005631, 36.1692111 36.200582)",,
1145240582,False,Gökçen Sokak,residential,,False,12.953,"LINESTRING (36.168806 36.2007331, 36.1689481 36.2007536)",,
213866602,False,Efeler Sokak,residential,,True,80.28200000000001,"LINESTRING (36.168806 36.2007331, 36.1686626 36.2006487, 36.168552 36.2005427, 36.168432 36.2004577, 36.1681779 36.2002234)",,
1145240582,False,Gökçen Sokak,residential,,True,56.865,"LINESTRING (36.168806 36.2007331, 36.1685073 36.2008875, 36.1683084 36.2010454)",,
213866585,False,Kanarya 1 Sokak,residential,,False,79.602,"LINESTRING (36.167702 36.2008192, 36.1675229 36.2006832, 36.1674329 36.2005348, 36.1673532 36.2003187, 36.1673219 36.2001945)",,
213866585,False,Kanarya 1 Sokak,residential,,True,58.816,"LINESTRING (36.167702 36.2008192, 36.168008 36.200947, 36.1682153 36.201134)",,
213866621,False,Beyazıt Sokak,residential,,True,37.689,"LINESTRING (36.167702 36.2008192, 36.1674287 36.201063, 36.1674162 36.2010645)",,
1145240585,False,Beyazıt Sokak,residential,,False,82.05799999999999,"LINESTRING (36.167702 36.2008192, 36.1677437 36.2006502, 36.1678194 36.200487, 36.1680055 36.2003479, 36.1681779 36.2002234)",,
1145240582,False,Gökçen Sokak,residential,,True,12.917,"LINESTRING (36.1683084 36.2010454, 36.1682153 36.201134)",,
213866624,False,Moralı Sokak,residential,,False,73.293,"LINESTRING (36.1683084 36.2010454, 36.1685587 36.2012836, 36.1688246 36.2015561)",,
1145240582,False,Gökçen Sokak,residential,,False,56.865,"LINESTRING (36.1683084 36.2010454, 36.1685073 36.2008875, 36.168806 36.2007331)",,
213866624,False,Moralı Sokak,residential,,False,43.301,"LINESTRING (36.1688246 36.2015561, 36.169056 36.2017626, 36.1691405 36.2018502)",,
213866624,False,Moralı Sokak,residential,,True,73.293,"LINESTRING (36.1688246 36.2015561, 36.1685587 36.2012836, 36.1683084 36.2010454)",,
1145240587,False,Halk Sokak,residential,,False,89.64,"LINESTRING (36.1688246 36.2015561, 36.1687768 36.2015995, 36.168533 36.2016124, 36.1682689 36.2015813, 36.1682116 36.2016213, 36.1680357 36.2017004, 36.1679102 36.2017481)",,
213866587,False,Tınaztepe Sokak,residential,,False,55.935,"LINESTRING (36.1690752 36.2021794, 36.1690592 36.2022519, 36.1690367 36.2024927, 36.169147 36.2026582)",,
213866610,False,Gümüşlü Sokak,residential,,True,54.059999999999995,"LINESTRING (36.1690752 36.2021794, 36.1688153 36.2023063, 36.1686806 36.2024046, 36.1686055 36.2024771)",,
213866614,False,Gümüşlü Sokak,residential,,False,30.148000000000003,"LINESTRING (36.1690752 36.2021794, 36.1690581 36.2021158, 36.1690637 36.202058, 36.1691053 36.2019903, 36.1691073 36.2019567, 36.1691337 36.2019242)",,
213866592,False,Tat Çıkmazı Sokak,residential,,False,25.986,"LINESTRING (36.1686055 36.2024771, 36.1688218 36.2026325)",,
213866610,False,Gümüşlü Sokak,residential,,True,27.875,"LINESTRING (36.1686055 36.2024771, 36.1684115 36.2026729)",,
213866610,False,Gümüşlü Sokak,residential,,False,54.06,"LINESTRING (36.1686055 36.2024771, 36.1686806 36.2024046, 36.1688153 36.2023063, 36.1690752 36.2021794)",,
213866592,False,Tat Çıkmazı Sokak,residential,,True,25.986,"LINESTRING (36.1688218 36.2026325, 36.1686055 36.2024771)",,
213866587,False,Tınaztepe Sokak,residential,,False,67.087,"LINESTRING (36.169147 36.2026582, 36.1689918 36.2028137, 36.1689918 36.2029535, 36.1690271 36.2030467, 36.168921 36.2031894)",,
213866587,False,Tınaztepe Sokak,residential,,True,55.935,"LINESTRING (36.169147 36.2026582, 36.1690367 36.2024927, 36.1690592 36.2022519, 36.1690752 36.2021794)",,
213845651,False,Güngör Caddesi,residential,,True,46.529,"LINESTRING (36.1684115 36.2026729, 36.16875 36.2029899)",,
213866610,False,Gümüşlü Sokak,residential,,False,27.875,"LINESTRING (36.1684115 36.2026729, 36.1686055 36.2024771)",,
213845651,False,Güngör Caddesi,residential,,False,18.668,"LINESTRING (36.1684115 36.2026729, 36.1683258 36.2026368, 36.1683009 36.2026137, 36.1682552 36.2025697, 36.1682537 36.2025683)",,
213845651,False,Güngör Caddesi,residential,,True,26.928,"LINESTRING (36.168921 36.2031894, 36.1690964 36.2033859)",,
213845651,False,Güngör Caddesi,residential,,False,27.543,"LINESTRING (36.168921 36.2031894, 36.1689066 36.2031365, 36.16875 36.2029899)",,
213866587,False,Tınaztepe Sokak,residential,,True,67.087,"LINESTRING (36.168921 36.2031894, 36.1690271 36.2030467, 36.1689918 36.2029535, 36.1689918 36.2028137, 36.169147 36.2026582)",,
32423697,True,İstiklal Caddesi,primary,,False,84.663,"LINESTRING (36.1623631 36.2045502, 36.1625124 36.20472, 36.1628434 36.2050242, 36.1629796 36.2051239)",,
287012299,False,1.(Küçük San.) Caddesi,unclassified,,False,64.915,"LINESTRING (36.1634646 36.2074536, 36.1627872 36.2076587)",,
287012244,True,Küçük San. Caddesi,residential,,False,70.905,"LINESTRING (36.1634646 36.2074536, 36.1637569 36.2071164, 36.1638832 36.2069145)",,
32423697,True,İstiklal Caddesi,primary,,False,81.69300000000001,"LINESTRING (36.164253 36.2064649, 36.1643027 36.2065249, 36.1646506 36.207125)",,
32423695,True,İnönü Caddesi,tertiary,,False,293.841,"LINESTRING (36.1611869 36.2021469, 36.1610999 36.2019269, 36.1610132 36.2017098, 36.160689 36.2012662, 36.1604058 36.2009191, 36.1600475 36.2005234, 36.159791 36.2002595, 36.1596617 36.2001265, 36.1594622 36.1999243)",,
"[287148497, 287148499]",True,"['İstiklal Caddesi ', 'İstiklal Caddesi']",primary,,False,102.12899999999999,"LINESTRING (36.1611869 36.2021469, 36.1613196 36.202221, 36.1613786 36.2023163, 36.161475 36.2025897, 36.1616093 36.2029721)",,
936657663,True,İzzet Güçlü Caddesi,primary,,False,23.99,"LINESTRING (36.1622612 36.2076734, 36.1622821 36.2076425, 36.1623142 36.2076174, 36.1623544 36.2076014, 36.1623987 36.2075963, 36.1624428 36.2076024, 36.1624824 36.2076192)",,40
1139612570,True,İzzet Güçlü Caddesi,primary,,False,80.466,"LINESTRING (36.1622612 36.2076734, 36.1622499 36.2076294, 36.1622545 36.2069507)",,
57844716,True,1.(Küçük San.) Caddesi,unclassified,,False,22.189,"LINESTRING (36.1636988 36.2073895, 36.1634646 36.2074536)",,
290485565,False,2.(Küçük San.) Caddesi,residential,,True,71.023,"LINESTRING (36.1636988 36.2073895, 36.1637571 36.2075232, 36.1639616 36.207992)",,
213773690,False,1.(Küçük San.) Caddesi,unclassified,,False,23.046,"LINESTRING (36.1625308 36.2076711, 36.1627872 36.2076587)",,
936657663,True,İzzet Güçlü Caddesi,primary,,False,9.429,"LINESTRING (36.1625308 36.2076711, 36.162539 36.2076986, 36.1625388 36.2077269, 36.16253 36.2077542)",,40
287012299,False,1.(Küçük San.) Caddesi,unclassified,,True,25.402,"LINESTRING (36.16253 36.2077542, 36.1627872 36.2076587)",,
936657663,True,İzzet Güçlü Caddesi,primary,,False,11.798,"LINESTRING (36.16253 36.2077542, 36.1625079 36.2077847, 36.1624754 36.2078085, 36.1624355 36.2078231)",,40
213851484,False,Bekir Sıtkı Kunt Caddesi,residential,,False,46.784,"LINESTRING (36.1620489 36.2021844, 36.162252 36.2019817, 36.1624236 36.2019014)",,
52871714,False,Ata Köprüsü Sokak,primary,,False,14.246,"LINESTRING (36.1607315 36.2025105, 36.1605839 36.2025577)",,
692975746,False,Sütçü Dede Sokak,residential,,False,65.903,"LINESTRING (36.161421 36.2061864, 36.1606989 36.2060779)",,
187541474,True,General Şükrü Kanadlı Caddesi,residential,,False,122.82400000000001,"LINESTRING (36.161421 36.2061864, 36.1613599 36.2056753, 36.1613369 36.2052519, 36.1613304 36.2050893, 36.16133 36.2050847)",,
213526925,False,Vedi Münir Karabay Sokak,residential,,True,45.52,"LINESTRING (36.1606989 36.2060779, 36.1605766 36.2064752)",,
692975746,False,Sütçü Dede Sokak,residential,,True,65.903,"LINESTRING (36.1606989 36.2060779, 36.161421 36.2061864)",,
213526925,False,Vedi Münir Karabay Sokak,residential,,False,154.33,"LINESTRING (36.1606989 36.2060779, 36.1607368 36.2059645, 36.1607732 36.2058101, 36.1608091 36.2056287, 36.1608512 36.2050865, 36.16133 36.2050847)",,
936657663,True,İzzet Güçlü Caddesi,primary,,False,7.295,"LINESTRING (36.1624824 36.2076192, 36.1625112 36.2076424, 36.1625308 36.2076711)",,40
936657663,True,İzzet Güçlü Caddesi,primary,,False,12.065999999999999,"LINESTRING (36.1622789 36.2077776, 36.1622596 36.2077454, 36.162254 36.2077102, 36.1622612 36.2076734)",,40
936657667,True,Yavuz Sultan Selim Caddesi,primary,,False,27.294999999999998,"LINESTRING (36.1684542 36.2078186, 36.1685036 36.2078279, 36.1685482 36.2078474, 36.1685849 36.2078755, 36.1686113 36.2079105, 36.1686254 36.2079498, 36.1686263 36.2079907)",,
1144509220,True,Yavuz Sultan Selim Caddesi,primary,,False,25.644,"LINESTRING (36.1684542 36.2078186, 36.1685326 36.2077789, 36.1687103 36.2077176)",,
213526923,True,Yavuz Sultan Selim Caddesi,primary,,False,9.6,"LINESTRING (36.168378 36.208121, 36.1682711 36.2081172)",,
936657667,True,Yavuz Sultan Selim Caddesi,primary,,False,40.153999999999996,"LINESTRING (36.168378 36.208121, 36.168321 36.2080976, 36.1682766 36.2080605, 36.1682498 36.2080137, 36.1682435 36.2079623, 36.1682584 36.2079122, 36.1682929 36.2078687, 36.1683431 36.2078368)",,
936657667,True,Yavuz Sultan Selim Caddesi,primary,,False,4.542,"LINESTRING (36.1686263 36.2079907, 36.1686139 36.2080303)",,
936657667,True,Yavuz Sultan Selim Caddesi,primary,,False,20.86,"LINESTRING (36.1686139 36.2080303, 36.1685979 36.2080556, 36.1685766 36.2080781, 36.1685347 36.2081057, 36.168485 36.2081228, 36.1684313 36.208128)",,
936657667,True,Yavuz Sultan Selim Caddesi,primary,,False,5.736,"LINESTRING (36.1683431 36.2078368, 36.1684035 36.2078199)",,
1138550892,False,,residential,,True,57.4,"LINESTRING (36.167969 36.206572, 36.1685449 36.2063472)",,
187541409,False,Tayfur Sökmen Caddesi,residential,,True,13.48,"LINESTRING (36.1685449 36.2063472, 36.1686376 36.2064426)",,
1138550892,False,,residential,,False,57.4,"LINESTRING (36.1685449 36.2063472, 36.167969 36.206572)",,
187541409,False,Tayfur Sökmen Caddesi,residential,,False,74.037,"LINESTRING (36.1685449 36.2063472, 36.1682176 36.2060414, 36.1680041 36.2058443)",,
213773703,False,Kavakçılar Caddesi,residential,,False,26.043,"LINESTRING (36.1653651 36.2056002, 36.1652245 36.2053953)",,
1139279687,False,Kuseyri Caddesi,tertiary,,False,26.793,"LINESTRING (36.1653651 36.2056002, 36.1650923 36.2056982)",,
213773616,False,Kuseyri Caddesi,tertiary,,True,80.48400000000001,"LINESTRING (36.1653651 36.2056002, 36.1659044 36.2055189, 36.165996 36.2055728, 36.1660853 36.2056502, 36.166073 36.2057335)",,
213773667,False,2.(Ada Çarşısı) Sokak,residential,,True,18.981,"LINESTRING (36.1624564 36.2056672, 36.1626589 36.2056178)",,
1139359384,False,4.(Ada Çarşısı) Sokak,residential,,True,66.955,"LINESTRING (36.1624564 36.2056672, 36.1626681 36.2062446)",,
213773667,False,2.(Ada Çarşısı) Sokak,residential,,False,31.666999999999998,"LINESTRING (36.1624564 36.2056672, 36.162393 36.2056827, 36.1621186 36.2057497)",,
213773616,False,Kuseyri Caddesi,tertiary,,False,22.452,"LINESTRING (36.1662232 36.205895, 36.166073 36.2057335)",,
213773616,False,Kuseyri Caddesi,tertiary,,True,8.587,"LINESTRING (36.1662232 36.205895, 36.1662628 36.2059653)",,
1139479243,False,Belediye Çarşısı C.1.B.Blok Caddesi,residential,,True,129.365,"LINESTRING (36.1662232 36.205895, 36.1667592 36.2057259, 36.1675576 36.2054546)",,
213773695,False,4.San. Caddesi,residential,,True,33.474,"LINESTRING (36.1652365 36.2080983, 36.1655836 36.2079879)",,
213773695,False,4.San. Caddesi,residential,,False,33.474,"LINESTRING (36.1655836 36.2079879, 36.1652365 36.2080983)",,
213773695,False,4.San. Caddesi,residential,,True,37.751,"LINESTRING (36.1655836 36.2079879, 36.165975 36.2078633)",,
936657667,True,Yavuz Sultan Selim Caddesi,primary,,False,4.845,"LINESTRING (36.1684313 36.208128, 36.168378 36.208121)",,
213773660,False,1.San. Caddesi,residential,,True,7.731,"LINESTRING (36.1670018 36.2066463, 36.1669236 36.2066755)",,
213773683,False,8.San. Caddesi,tertiary,,False,43.073,"LINESTRING (36.1670018 36.2066463, 36.1668055 36.2062928)",,
213773683,False,8.San. Caddesi,tertiary,,True,68.852,"LINESTRING (36.1670018 36.2066463, 36.1673155 36.2072114)",,
1139530079,False,,residential,,False,23.428,"LINESTRING (36.1656725 36.2051642, 36.1658528 36.2050118)",,
213851484,False,Bekir Sıtkı Kunt Caddesi,residential,,False,13.315000000000001,"LINESTRING (36.1629012 36.2016724, 36.1630059 36.2015909, 36.1630088 36.2015906)",,
213851484,False,Bekir Sıtkı Kunt Caddesi,residential,,True,49.849999999999994,"LINESTRING (36.1629012 36.2016724, 36.1625614 36.2018369, 36.1624236 36.2019014)",,
213851529,False,Payas Sokak,residential,,True,63.486999999999995,"LINESTRING (36.1629012 36.2016724, 36.1630086 36.2017639, 36.1629867 36.2018027, 36.1629619 36.2018811, 36.1627676 36.2020793, 36.16272 36.2021362)",,
187541409,False,Tayfur Sökmen Caddesi,residential,,False,13.48,"LINESTRING (36.1686376 36.2064426, 36.1685449 36.2063472)",,
1141579838,False,Tayfur Sökmen Caddesi,residential,,True,29.662,"LINESTRING (36.1686376 36.2064426, 36.1688343 36.206657)",,
213866603,False,Taşdemir Çıkmazı Sokak,residential,,True,34.936,"LINESTRING (36.1668914 36.2006667, 36.1668215 36.2006385, 36.1666026 36.20046)",,
32423684,False,Kurtuluş Caddesi,primary,,True,21.653,"LINESTRING (36.1645617 36.2004656, 36.1647048 36.2006224)",,
32423684,False,Kurtuluş Caddesi,primary,,False,34.553,"LINESTRING (36.1645617 36.2004656, 36.164429 36.2003203, 36.1643315 36.2002165)",,
213851519,False,Sokullu Sokak,residential,,True,122.274,"LINESTRING (36.1645617 36.2004656, 36.1644725 36.2005146, 36.1641709 36.2007041, 36.1641169 36.2007876, 36.1642644 36.2009026, 36.1640764 36.2010415, 36.1641226 36.2011413, 36.1640972 36.2012719)",,
213864128,False,Ertuğrul Sokak,residential,,True,18.077,"LINESTRING (36.1689903 36.1998403, 36.1688842 36.1997021)",,
213864128,False,Ertuğrul Sokak,residential,,False,62.971000000000004,"LINESTRING (36.1689903 36.1998403, 36.169 36.1998527, 36.169019 36.1999536, 36.1691616 36.2001701, 36.1691695 36.2002801, 36.1691207 36.2003657)",,
213851484,False,Bekir Sıtkı Kunt Caddesi,residential,,True,64.85900000000001,"LINESTRING (36.1645864 36.2016323, 36.1644965 36.2015016, 36.1643061 36.2012943, 36.1642315 36.2012686, 36.1641334 36.2012619, 36.1640972 36.2012719)",,
287149994,False,Kemal Paşa Caddesi,primary,,False,75.87,"LINESTRING (36.1645864 36.2016323, 36.1646143 36.2016176, 36.1649564 36.2014379, 36.1652953 36.2012604)",,
287149994,False,Kemal Paşa Caddesi,primary,,True,100.98899999999999,"LINESTRING (36.1645864 36.2016323, 36.1645375 36.201658, 36.1645069 36.2016697, 36.1642966 36.2017573, 36.1637548 36.202006, 36.1636326 36.2020599, 36.1636054 36.2020764)",,
213851484,False,Bekir Sıtkı Kunt Caddesi,residential,,False,64.859,"LINESTRING (36.1640972 36.2012719, 36.1641334 36.2012619, 36.1642315 36.2012686, 36.1643061 36.2012943, 36.1644965 36.2015016, 36.1645864 36.2016323)",,
213851484,False,Bekir Sıtkı Kunt Caddesi,residential,,True,62.187,"LINESTRING (36.1640972 36.2012719, 36.1639607 36.2013096, 36.16384 36.2013765, 36.1637761 36.2014204, 36.1636128 36.2013873, 36.1634716 36.2014283)",,
213851519,False,Sokullu Sokak,residential,,False,122.274,"LINESTRING (36.1640972 36.2012719, 36.1641226 36.2011413, 36.1640764 36.2010415, 36.1642644 36.2009026, 36.1641169 36.2007876, 36.1641709 36.2007041, 36.1644725 36.2005146, 36.1645617 36.2004656)",,
213773662,False,6127. Caddesi,residential,,False,19.23,"LINESTRING (36.1637129 36.2051921, 36.1636176 36.2050372)",,
213773662,False,6127. Caddesi,residential,,True,60.888000000000005,"LINESTRING (36.1637129 36.2051921, 36.1639072 36.2054925, 36.1640206 36.2056801)",,
1139479229,False,1.İzzetağa Sokak,residential,,False,91.688,"LINESTRING (36.1637129 36.2051921, 36.1639666 36.2050777, 36.1643529 36.2049132, 36.1645514 36.2048353, 36.1646249 36.2048305)",,
287012244,True,Küçük San. Caddesi,residential,,False,60.002,"LINESTRING (36.1638832 36.2069145, 36.164253 36.2064649)",,
213773699,False,3.(Ada Çarşısı) Caddesi,residential,,True,77.81099999999999,"LINESTRING (36.1638832 36.2069145, 36.1637305 36.2067938, 36.1636306 36.2066623, 36.1635296 36.2065632, 36.1633679 36.2064532, 36.1632985 36.2064047)",,
213773669,False,5.(Ada Çarşısı) Caddesi,residential,,False,18.34,"LINESTRING (36.1626681 36.2062446, 36.1628684 36.2062117)",,
1139359384,False,4.(Ada Çarşısı) Sokak,residential,,False,66.955,"LINESTRING (36.1626681 36.2062446, 36.1624564 36.2056672)",,
1139359384,False,4.(Ada Çarşısı) Sokak,residential,,True,29.926,"LINESTRING (36.1626681 36.2062446, 36.1627622 36.2065028)",,
1139359384,False,4.(Ada Çarşısı) Sokak,residential,,False,29.926,"LINESTRING (36.1627622 36.2065028, 36.1626681 36.2062446)",,
213773687,False,6.(Ada Çarşısı) Caddesi,residential,,False,49.42,"LINESTRING (36.1627622 36.2065028, 36.1630524 36.2064627, 36.1632985 36.2064047)",,
213773687,False,6.(Ada Çarşısı) Caddesi,residential,,True,49.522,"LINESTRING (36.1627622 36.2065028, 36.1626771 36.2065145, 36.1622133 36.2065477)",,
213773636,True,1.(Ada Çarşısı) Sokak,residential,,False,17.364,"LINESTRING (36.1629796 36.2051239, 36.1628722 36.2052538)",,
32423697,True,İstiklal Caddesi,primary,,False,32.338,"LINESTRING (36.1629796 36.2051239, 36.163057 36.2051805, 36.1632323 36.205331)",,
213773636,True,1.(Ada Çarşısı) Sokak,residential,,False,74.381,"LINESTRING (36.1628722 36.2052538, 36.1628518 36.2052785, 36.162087 36.2054452)",,
287149430,False,3.(Ada Çarşısı) Caddesi,residential,,False,33.701,"LINESTRING (36.1628722 36.2052538, 36.1629744 36.2054408, 36.1630105 36.2055351)",,
213853360,False,Aydın Sokak,residential,,False,5.806,"LINESTRING (36.1659257 36.1998393, 36.1659903 36.1998363)",,
213853344,False,Ayyıldız 6 Sokak,residential,,True,64.59599999999999,"LINESTRING (36.1659257 36.1998393, 36.1657981 36.1998893, 36.1655476 36.1999719, 36.1654236 36.1999987, 36.165312 36.199976, 36.1652484 36.1999815)",,
213853360,False,Aydın Sokak,residential,,True,87.013,"LINESTRING (36.1659257 36.1998393, 36.1658012 36.1996934, 36.1656363 36.1995604, 36.1654302 36.1994708, 36.1653008 36.1994047, 36.1652179 36.1993241)",,
213864107,False,Çağıllık Sokak,residential,,False,8.034,"LINESTRING (36.1691207 36.2003657, 36.1690801 36.2004301)",,
213864128,False,Ertuğrul Sokak,residential,,True,62.971000000000004,"LINESTRING (36.1691207 36.2003657, 36.1691695 36.2002801, 36.1691616 36.2001701, 36.169019 36.1999536, 36.169 36.1998527, 36.1689903 36.1998403)",,
213864107,False,Çağıllık Sokak,residential,,False,20.578,"LINESTRING (36.1690801 36.2004301, 36.1692111 36.200582)",,
213864107,False,Çağıllık Sokak,residential,,True,8.034,"LINESTRING (36.1690801 36.2004301, 36.1691207 36.2003657)",,
1145240581,False,Çağıllık Çıkmaz Sokak,residential,,False,24.483999999999998,"LINESTRING (36.1690801 36.2004301, 36.1690249 36.2003805, 36.1689329 36.200335, 36.1688536 36.2003171)",,
213864107,False,Çağıllık Sokak,residential,,True,20.578,"LINESTRING (36.1692111 36.200582, 36.1690801 36.2004301)",,
1145240582,False,Gökçen Sokak,residential,,True,33.372,"LINESTRING (36.1692111 36.200582, 36.1691668 36.2005631, 36.1689481 36.2007536)",,
1145240581,False,Çağıllık Çıkmaz Sokak,residential,,True,24.484,"LINESTRING (36.1688536 36.2003171, 36.1689329 36.200335, 36.1690249 36.2003805, 36.1690801 36.2004301)",,
1140753727,False,Beyazıt Sokak,residential,,False,9.37,"LINESTRING (36.16666 36.2010877, 36.1665915 36.2011513)",,
213853355,False,Saldıray Sokak,residential,,True,52.67,"LINESTRING (36.16666 36.2010877, 36.1666223 36.2010419, 36.1666002 36.2009928, 36.1664913 36.200837, 36.1663926 36.2007518, 36.1663438 36.2006928)",,
213866621,False,Beyazıt Sokak,residential,,False,95.153,"LINESTRING (36.16666 36.2010877, 36.166764 36.2010857, 36.1668116 36.2010351, 36.1667377 36.2009511, 36.1668266 36.2009258, 36.1669225 36.200978, 36.1670315 36.2010416, 36.1671624 36.2010321, 36.1672601 36.2010831, 36.1674162 36.2010645)",,
213866585,False,Kanarya 1 Sokak,residential,,False,22.178,"LINESTRING (36.1673219 36.2001945, 36.1672861 36.2000527, 36.1672723 36.1999991)",,
213866585,False,Kanarya 1 Sokak,residential,,True,79.602,"LINESTRING (36.1673219 36.2001945, 36.1673532 36.2003187, 36.1674329 36.2005348, 36.1675229 36.2006832, 36.167702 36.2008192)",,
213866607,False,Taşdemir Sokak,residential,,True,80.612,"LINESTRING (36.1673219 36.2001945, 36.1672251 36.2002425, 36.1671058 36.2003148, 36.1670351 36.2002657, 36.1669218 36.2002359, 36.1668212 36.2003039, 36.1666026 36.20046)",,
213866603,False,Taşdemir Çıkmazı Sokak,residential,,False,34.936,"LINESTRING (36.1666026 36.20046, 36.1668215 36.2006385, 36.1668914 36.2006667)",,
213866607,False,Taşdemir Sokak,residential,,False,80.612,"LINESTRING (36.1666026 36.20046, 36.1668212 36.2003039, 36.1669218 36.2002359, 36.1670351 36.2002657, 36.1671058 36.2003148, 36.1672251 36.2002425, 36.1673219 36.2001945)",,
213866607,False,Taşdemir Sokak,residential,,True,30.005000000000003,"LINESTRING (36.1666026 36.20046, 36.1665751 36.2004796, 36.1663516 36.2006383)",,
1145240586,False,Koca Abidin Sokak,residential,,False,38.222,"LINESTRING (36.1679102 36.2017481, 36.167834 36.2016393, 36.1676679 36.2014664)",,
1145240587,False,Halk Sokak,residential,,False,41.819,"LINESTRING (36.1679102 36.2017481, 36.1679053 36.20175, 36.1678121 36.2017854, 36.1677285 36.2017388, 36.1675108 36.2018475)",,
1145240587,False,Halk Sokak,residential,,True,89.64,"LINESTRING (36.1679102 36.2017481, 36.1680357 36.2017004, 36.1682116 36.2016213, 36.1682689 36.2015813, 36.168533 36.2016124, 36.1687768 36.2015995, 36.1688246 36.2015561)",,
213866597,False,Koca Abidin Sokak,residential,,True,60.480000000000004,"LINESTRING (36.1674162 36.2010645, 36.1674579 36.2011295, 36.1674965 36.2011725, 36.1675506 36.2012301, 36.1675063 36.2012718, 36.1675374 36.2013473, 36.1675456 36.2014373, 36.1675594 36.2014854, 36.1676473 36.2014788)",,
213866621,False,Beyazıt Sokak,residential,,False,37.689,"LINESTRING (36.1674162 36.2010645, 36.1674287 36.201063, 36.167702 36.2008192)",,
213866621,False,Beyazıt Sokak,residential,,True,95.15300000000002,"LINESTRING (36.1674162 36.2010645, 36.1672601 36.2010831, 36.1671624 36.2010321, 36.1670315 36.2010416, 36.1669225 36.200978, 36.1668266 36.2009258, 36.1667377 36.2009511, 36.1668116 36.2010351, 36.166764 36.2010857, 36.16666 36.2010877)",,
1145240582,False,Gökçen Sokak,residential,,False,2.306,"LINESTRING (36.1676473 36.2014788, 36.1676679 36.2014664)",,
213866597,False,Koca Abidin Sokak,residential,,False,60.47999999999999,"LINESTRING (36.1676473 36.2014788, 36.1675594 36.2014854, 36.1675456 36.2014373, 36.1675374 36.2013473, 36.1675063 36.2012718, 36.1675506 36.2012301, 36.1674965 36.2011725, 36.1674579 36.2011295, 36.1674162 36.2010645)",,
1145240582,False,Gökçen Sokak,residential,,True,29.716,"LINESTRING (36.1676473 36.2014788, 36.1674829 36.2015724, 36.1673898 36.2016456)",,
1145240582,False,Gökçen Sokak,residential,,False,61.471,"LINESTRING (36.1676679 36.2014664, 36.1682153 36.201134)",,
1145240582,False,Gökçen Sokak,residential,,True,2.306,"LINESTRING (36.1676679 36.2014664, 36.1676473 36.2014788)",,
1145240586,False,Koca Abidin Sokak,residential,,True,38.222,"LINESTRING (36.1676679 36.2014664, 36.167834 36.2016393, 36.1679102 36.2017481)",,
213853353,False,Alaybey Sokak,residential,,False,25.997,"LINESTRING (36.1671222 36.2016928, 36.1672057 36.2016836, 36.1672541 36.2016491, 36.1673287 36.2016321, 36.1673898 36.2016456)",,
213853353,False,Alaybey Sokak,residential,,True,118.359,"LINESTRING (36.1671222 36.2016928, 36.1671081 36.2017663, 36.1671175 36.2018732, 36.1670358 36.2019154, 36.1669153 36.2019316, 36.1667881 36.2019813, 36.1667369 36.2019446, 36.1661852 36.2022444)",,
213853362,False,Tan Sokak,residential,,True,77.25200000000001,"LINESTRING (36.1671222 36.2016928, 36.1671042 36.2016494, 36.1670903 36.2016294, 36.1670542 36.2015972, 36.1670147 36.2015502, 36.1669366 36.2014891, 36.1668163 36.2013827, 36.1665915 36.2011513)",,
213845651,False,Güngör Caddesi,residential,,True,5.348,"LINESTRING (36.1675108 36.2018475, 36.1675455 36.2018866)",,
213845651,False,Güngör Caddesi,residential,,False,25.814,"LINESTRING (36.1675108 36.2018475, 36.1673941 36.2017156, 36.1673898 36.2016456)",,
1145240587,False,Halk Sokak,residential,,True,41.819,"LINESTRING (36.1675108 36.2018475, 36.1677285 36.2017388, 36.1678121 36.2017854, 36.1679053 36.20175, 36.1679102 36.2017481)",,
213866614,False,Gümüşlü Sokak,residential,,True,9.783999999999999,"LINESTRING (36.1691405 36.2018502, 36.1691666 36.2018838, 36.1691337 36.2019242)",,
213866624,False,Moralı Sokak,residential,,True,43.301,"LINESTRING (36.1691405 36.2018502, 36.169056 36.2017626, 36.1688246 36.2015561)",,
213866614,False,Gümüşlü Sokak,residential,,False,9.783999999999999,"LINESTRING (36.1691337 36.2019242, 36.1691666 36.2018838, 36.1691405 36.2018502)",,
213866614,False,Gümüşlü Sokak,residential,,True,30.147999999999996,"LINESTRING (36.1691337 36.2019242, 36.1691073 36.2019567, 36.1691053 36.2019903, 36.1690637 36.202058, 36.1690581 36.2021158, 36.1690752 36.2021794)",,
1144957920,False,Sakarya Sokak,residential,,False,25.244,"LINESTRING (36.1682537 36.2025683, 36.1680094 36.2026809)",,
213845651,False,Güngör Caddesi,residential,,False,98.914,"LINESTRING (36.1682537 36.2025683, 36.1679077 36.2022353, 36.1675455 36.2018866)",,
213845651,False,Güngör Caddesi,residential,,True,18.668,"LINESTRING (36.1682537 36.2025683, 36.1682552 36.2025697, 36.1683009 36.2026137, 36.1683258 36.2026368, 36.1684115 36.2026729)",,
187541474,True,General Şükrü Kanadlı Caddesi,residential,,False,18.183,"LINESTRING (36.16133 36.2050847, 36.1613172 36.2049215)",,
213526925,False,Vedi Münir Karabay Sokak,residential,,True,154.32999999999998,"LINESTRING (36.16133 36.2050847, 36.1608512 36.2050865, 36.1608091 36.2056287, 36.1607732 36.2058101, 36.1607368 36.2059645, 36.1606989 36.2060779)",,
102737281,False,Yeşil Sokak,residential,,True,43.302,"LINESTRING (36.1587572 36.2053637, 36.1588325 36.2052836, 36.1585897 36.2050713)",,
1140608830,False,Oymak Sokak,residential,,False,28.748,"LINESTRING (36.1585897 36.2050713, 36.1588033 36.2048786)",,
102737281,False,Yeşil Sokak,residential,,False,43.302,"LINESTRING (36.1585897 36.2050713, 36.1588325 36.2052836, 36.1587572 36.2053637)",,
102737281,False,Yeşil Sokak,residential,,True,40.028999999999996,"LINESTRING (36.1585897 36.2050713, 36.1585671 36.2050516, 36.1584398 36.2049247, 36.1582893 36.2048059)",,
1139514973,False,Ayhan Bekler Sokak,residential,,True,28.637,"LINESTRING (36.1590005 36.2050811, 36.1588033 36.2048786)",,
